-- phpMyAdmin SQL Dump
-- version 5.2.1deb1ubuntu0.1
-- https://www.phpmyadmin.net/
--
-- Hôte : localhost:3306
-- Généré le : lun. 25 nov. 2024 à 14:18
-- Version du serveur : 8.0.35-0ubuntu0.23.04.1
-- Version de PHP : 8.2.23

SET SQL_MODE = "NO_AUTO_VALUE_ON_ZERO";
START TRANSACTION;
SET time_zone = "+00:00";


/*!40101 SET @OLD_CHARACTER_SET_CLIENT=@@CHARACTER_SET_CLIENT */;
/*!40101 SET @OLD_CHARACTER_SET_RESULTS=@@CHARACTER_SET_RESULTS */;
/*!40101 SET @OLD_COLLATION_CONNECTION=@@COLLATION_CONNECTION */;
/*!40101 SET NAMES utf8mb4 */;

--
-- Base de données : `kata2`
--

-- --------------------------------------------------------

--
-- Structure de la table `accountRequests`
--

CREATE TABLE `accountRequests` (
  `id` bigint UNSIGNED NOT NULL,
  `firstName` varchar(255) COLLATE utf8mb4_unicode_ci NOT NULL,
  `lastName` varchar(255) COLLATE utf8mb4_unicode_ci NOT NULL,
  `email` varchar(255) COLLATE utf8mb4_unicode_ci NOT NULL,
  `role` varchar(255) COLLATE utf8mb4_unicode_ci NOT NULL,
  `phone` varchar(255) COLLATE utf8mb4_unicode_ci DEFAULT NULL,
  `genre` varchar(255) COLLATE utf8mb4_unicode_ci DEFAULT NULL,
  `martialArtType` varchar(255) COLLATE utf8mb4_unicode_ci NOT NULL,
  `licenseId` varchar(255) COLLATE utf8mb4_unicode_ci DEFAULT NULL,
  `grade` varchar(255) COLLATE utf8mb4_unicode_ci NOT NULL,
  `clubName` varchar(255) COLLATE utf8mb4_unicode_ci NOT NULL,
  `clubAddress` varchar(255) COLLATE utf8mb4_unicode_ci NOT NULL,
  `clubEmail` varchar(255) COLLATE utf8mb4_unicode_ci DEFAULT NULL,
  `status` varchar(255) COLLATE utf8mb4_unicode_ci NOT NULL,
  `comment` varchar(255) COLLATE utf8mb4_unicode_ci DEFAULT NULL,
  `ClubWebsiteUrl` varchar(255) COLLATE utf8mb4_unicode_ci DEFAULT NULL,
  `clubLogoPath` varchar(255) COLLATE utf8mb4_unicode_ci DEFAULT NULL,
  `clubDescription` varchar(255) COLLATE utf8mb4_unicode_ci DEFAULT NULL,
  `ClubIfuNumber` varchar(255) COLLATE utf8mb4_unicode_ci DEFAULT NULL,
  `club_id` bigint UNSIGNED DEFAULT NULL,
  `user_id` bigint UNSIGNED DEFAULT NULL,
  `created_at` timestamp NULL DEFAULT NULL,
  `updated_at` timestamp NULL DEFAULT NULL
) ENGINE=InnoDB DEFAULT CHARSET=utf8mb4 COLLATE=utf8mb4_unicode_ci;

--
-- Déchargement des données de la table `accountRequests`
--

INSERT INTO `accountRequests` (`id`, `firstName`, `lastName`, `email`, `role`, `phone`, `genre`, `martialArtType`, `licenseId`, `grade`, `clubName`, `clubAddress`, `clubEmail`, `status`, `comment`, `ClubWebsiteUrl`, `clubLogoPath`, `clubDescription`, `ClubIfuNumber`, `club_id`, `user_id`, `created_at`, `updated_at`) VALUES
(3, 'Louqmane', 'INOUSSA', 'inoussalouqmane@gmail.com', 'Sensei', '+229 40804040', 'Homme', '2', 'LIC040', '2', 'Master Rachelle', 'North Side', 'rachelle@gmail.com', 'Approuvé', NULL, NULL, NULL, NULL, NULL, NULL, 3, '2024-09-06 22:15:59', '2024-09-06 22:16:18'),
(4, 'Rachelle', 'Migan', 'rachelle@gmail.com', 'Sensei', '+229 40804040', 'Homme', '2', 'LIC040', '2', 'Master Migan Club', 'North Side', 'rachelle@gmail.com', 'Approuvé', NULL, NULL, NULL, NULL, NULL, NULL, NULL, '2024-09-06 22:17:58', '2024-09-06 22:18:11'),
(5, 'Rachelle', 'Marbella', 'rachellemigan@gmail.com', 'Sensei', '+229 40804040', 'Homme', '2', 'LIC040', '2', 'Master Migan Club', 'North Side', 'rachellemigan@gmail.com', 'Approuvé', NULL, NULL, NULL, NULL, NULL, NULL, 5, '2024-09-06 22:20:23', '2024-09-06 22:20:31'),
(11, 'Freddy', 'GOUGOU', 'goufreddy@gmail.com', 'Sensei', '+229 40804040', 'Femme', '2', 'LIC040', '2', 'Master Migan Club', 'North Side', 'goufreddygan@gmail.com', 'Approuvé', NULL, NULL, NULL, NULL, NULL, NULL, 10, '2024-09-12 00:20:59', '2024-09-12 00:55:31'),
(13, 'abdou', 'rayana', 'abdouraya@gmail.com', 'Sensei', NULL, 'Femme', '1', 'jbks', '1', 'Piment Rouge', 'Agla', NULL, 'Approuvé', NULL, NULL, NULL, NULL, NULL, NULL, 13, '2024-09-12 00:47:56', '2024-09-13 14:48:39'),
(14, 'Yasmine', 'INOUSSA', 'inoussayasmine@gmail.com', 'Sensei', NULL, 'Femme', '1', 'D', '1', 'Grifondor', 'Terroir', NULL, 'Approuvé', NULL, NULL, NULL, NULL, NULL, NULL, 14, '2024-09-12 00:50:49', '2024-09-13 15:56:26'),
(15, 'Bernard', 'Arnaud', 'be@gmail.com', 'Sensei', '+22961786222', 'Homme', '1', 'AJDJDJ', '2', 'Karim24', 'Cadjehoun', NULL, 'Approuvé', NULL, NULL, NULL, NULL, NULL, NULL, NULL, '2024-09-13 15:52:13', '2024-11-25 07:32:16'),
(16, 'Louqmane', 'INOUSSA', 'lu@gmail.com', 'Sensei', '610000000', 'Femme', '1', 'sfj', '1', 'Gilbralta', 'Bonobo', NULL, 'Pending', NULL, NULL, NULL, NULL, NULL, NULL, NULL, '2024-10-24 06:11:52', '2024-10-24 06:11:52'),
(17, 'CHAHA', 'Benoit', 'ben@gmail.com', 'Sensei', '61040404', 'Femme', '1', 'HGDH', '1', 'Le Savoir', 'Arconville', NULL, 'Pending', NULL, NULL, NULL, NULL, NULL, NULL, NULL, '2024-11-07 13:54:27', '2024-11-07 13:54:27');

-- --------------------------------------------------------

--
-- Structure de la table `clubs`
--

CREATE TABLE `clubs` (
  `id` bigint UNSIGNED NOT NULL,
  `RegisteredBy` varchar(255) COLLATE utf8mb4_unicode_ci DEFAULT NULL,
  `name` varchar(255) COLLATE utf8mb4_unicode_ci NOT NULL,
  `martialArtType` bigint UNSIGNED NOT NULL,
  `ifuNumber` varchar(255) COLLATE utf8mb4_unicode_ci DEFAULT NULL,
  `address` varchar(255) COLLATE utf8mb4_unicode_ci DEFAULT NULL,
  `email` varchar(255) COLLATE utf8mb4_unicode_ci DEFAULT NULL,
  `websiteUrl` varchar(255) COLLATE utf8mb4_unicode_ci DEFAULT NULL,
  `description` text COLLATE utf8mb4_unicode_ci,
  `logoPath` varchar(255) COLLATE utf8mb4_unicode_ci DEFAULT NULL,
  `created_at` timestamp NULL DEFAULT NULL,
  `updated_at` timestamp NULL DEFAULT NULL
) ENGINE=InnoDB DEFAULT CHARSET=utf8mb4 COLLATE=utf8mb4_unicode_ci;

--
-- Déchargement des données de la table `clubs`
--

INSERT INTO `clubs` (`id`, `RegisteredBy`, `name`, `martialArtType`, `ifuNumber`, `address`, `email`, `websiteUrl`, `description`, `logoPath`, `created_at`, `updated_at`) VALUES
(1, NULL, 'Dragon Rouge', 1, 'ADDYVAMP', 'Cotonou', 'rouge@gmail.com', NULL, NULL, NULL, '2024-09-06 22:12:38', '2024-09-06 22:12:38'),
(2, '3', 'Master Rachelle', 2, NULL, 'North Side', 'rachelle@gmail.com', NULL, NULL, NULL, '2024-09-06 22:16:18', '2024-09-06 22:16:18'),
(4, NULL, 'Rachelle Migan Club', 1, NULL, 'Calavi', 'migan@@gmail.com', NULL, NULL, NULL, '2024-09-06 22:19:42', '2024-09-06 22:19:42'),
(5, '5', 'Master Migan Club', 2, NULL, 'North Side', 'rachellemigan@gmail.com', NULL, NULL, NULL, '2024-09-06 22:20:31', '2024-09-06 22:20:31'),
(6, '10', 'Master Migan Club', 2, NULL, 'North Side', 'goufreddygan@gmail.com', NULL, NULL, NULL, '2024-09-12 00:55:31', '2024-09-12 00:55:31'),
(7, '13', 'Piment Rouge', 1, NULL, 'Agla', NULL, NULL, NULL, NULL, '2024-09-13 14:48:39', '2024-09-13 14:48:39'),
(8, '14', 'Grifondor', 1, NULL, 'Terroir', NULL, NULL, NULL, NULL, '2024-09-13 15:56:26', '2024-09-13 15:56:26'),
(9, NULL, 'Caraibes', 1, NULL, 'Cotonou', 'cara@gmail.com', NULL, NULL, NULL, '2024-09-13 16:00:24', '2024-09-13 16:00:24');

-- --------------------------------------------------------

--
-- Structure de la table `club_user`
--

CREATE TABLE `club_user` (
  `club_id` bigint UNSIGNED NOT NULL,
  `user_id` bigint UNSIGNED NOT NULL
) ENGINE=InnoDB DEFAULT CHARSET=utf8mb4 COLLATE=utf8mb4_unicode_ci;

--
-- Déchargement des données de la table `club_user`
--

INSERT INTO `club_user` (`club_id`, `user_id`) VALUES
(1, 2),
(1, 15),
(1, 16),
(2, 3),
(2, 7),
(2, 8),
(2, 9),
(2, 11),
(2, 12),
(2, 17),
(2, 18),
(2, 19),
(2, 20),
(2, 21),
(2, 22),
(2, 23),
(2, 24),
(2, 25),
(2, 26),
(2, 27),
(2, 28),
(2, 30),
(2, 31),
(2, 32),
(5, 5),
(6, 10),
(7, 13),
(8, 14),
(8, 33);

-- --------------------------------------------------------

--
-- Structure de la table `disciplines`
--

CREATE TABLE `disciplines` (
  `id` bigint UNSIGNED NOT NULL,
  `name` varchar(255) COLLATE utf8mb4_unicode_ci NOT NULL,
  `description` text COLLATE utf8mb4_unicode_ci,
  `status` varchar(255) COLLATE utf8mb4_unicode_ci NOT NULL DEFAULT 'Actif',
  `created_at` timestamp NULL DEFAULT NULL,
  `updated_at` timestamp NULL DEFAULT NULL
) ENGINE=InnoDB DEFAULT CHARSET=utf8mb4 COLLATE=utf8mb4_unicode_ci;

--
-- Déchargement des données de la table `disciplines`
--

INSERT INTO `disciplines` (`id`, `name`, `description`, `status`, `created_at`, `updated_at`) VALUES
(1, 'Kung-Fu', NULL, 'Actif', '2024-09-14 10:21:47', '2024-09-14 11:10:13'),
(2, 'Taekwondo', NULL, 'Actif', '2024-09-14 16:28:53', '2024-09-14 16:28:53');

-- --------------------------------------------------------

--
-- Structure de la table `dojos`
--

CREATE TABLE `dojos` (
  `id` bigint UNSIGNED NOT NULL,
  `club_id` bigint UNSIGNED NOT NULL,
  `martialArtType` varchar(255) COLLATE utf8mb4_unicode_ci DEFAULT NULL,
  `longitude` decimal(10,7) DEFAULT NULL,
  `latitude` decimal(10,7) DEFAULT NULL,
  `name` varchar(255) COLLATE utf8mb4_unicode_ci NOT NULL,
  `address` varchar(255) COLLATE utf8mb4_unicode_ci NOT NULL,
  `status` varchar(255) COLLATE utf8mb4_unicode_ci NOT NULL,
  `created_at` timestamp NULL DEFAULT NULL,
  `updated_at` timestamp NULL DEFAULT NULL
) ENGINE=InnoDB DEFAULT CHARSET=utf8mb4 COLLATE=utf8mb4_unicode_ci;

--
-- Déchargement des données de la table `dojos`
--

INSERT INTO `dojos` (`id`, `club_id`, `martialArtType`, `longitude`, `latitude`, `name`, `address`, `status`, `created_at`, `updated_at`) VALUES
(1, 1, NULL, NULL, NULL, 'Shengri', 'Cotonou', 'Actif', '2024-09-13 14:42:58', '2024-09-13 14:42:58'),
(2, 1, NULL, NULL, NULL, 'Dragon kimpembe Le noireau', 'Akpakpa', 'Actif', '2024-09-13 14:43:17', '2024-09-13 14:43:17'),
(3, 1, NULL, NULL, NULL, 'College l\'avenir', 'Agla', 'Actif', '2024-09-13 14:44:54', '2024-09-13 14:44:54'),
(4, 1, NULL, NULL, NULL, 'Collège de l\'avenir', 'Godomey', 'Actif', '2024-09-13 16:00:52', '2024-09-13 16:00:52');

-- --------------------------------------------------------

--
-- Structure de la table `events`
--

CREATE TABLE `events` (
  `id` bigint UNSIGNED NOT NULL,
  `uiid` varchar(255) COLLATE utf8mb4_unicode_ci DEFAULT NULL,
  `title` varchar(255) COLLATE utf8mb4_unicode_ci NOT NULL,
  `description` text COLLATE utf8mb4_unicode_ci,
  `cost` int NOT NULL DEFAULT '0',
  `startDate` timestamp NOT NULL,
  `endDate` timestamp NOT NULL,
  `address` varchar(255) COLLATE utf8mb4_unicode_ci NOT NULL,
  `type` varchar(255) COLLATE utf8mb4_unicode_ci DEFAULT NULL,
  `user_id` bigint UNSIGNED DEFAULT NULL,
  `created_at` timestamp NULL DEFAULT NULL,
  `updated_at` timestamp NULL DEFAULT NULL
) ENGINE=InnoDB DEFAULT CHARSET=utf8mb4 COLLATE=utf8mb4_unicode_ci;

--
-- Déchargement des données de la table `events`
--

INSERT INTO `events` (`id`, `uiid`, `title`, `description`, `cost`, `startDate`, `endDate`, `address`, `type`, `user_id`, `created_at`, `updated_at`) VALUES
(60, NULL, 'Examen', NULL, 0, '2024-10-21 14:09:00', '2024-10-21 14:09:00', 'Blue Zone', NULL, NULL, '2024-09-21 06:21:09', '2024-10-09 09:04:20'),
(61, '29540c32-e86e-43f4-ac27-113bbe8f0d3c', 'Du pain sucré', NULL, 0, '2024-10-22 23:00:00', '2024-10-22 23:00:00', 'Djanga', NULL, NULL, '2024-10-09 07:57:35', '2024-10-09 07:57:35'),
(62, NULL, 'Examen', NULL, 0, '2024-10-13 09:00:00', '2024-10-13 09:00:00', 'Blue Zone', NULL, NULL, '2024-10-09 08:01:57', '2024-10-09 08:01:57'),
(63, NULL, 'Examen', NULL, 0, '2024-10-21 09:00:00', '2024-10-21 09:00:00', 'Jtek', NULL, NULL, '2024-10-09 09:49:57', '2024-10-09 09:49:57'),
(64, NULL, 'Examen', NULL, 0, '2024-10-31 09:00:00', '2024-10-31 09:00:00', 'Djakarta', NULL, NULL, '2024-10-13 09:02:48', '2024-10-13 09:02:48'),
(65, NULL, 'Examen', NULL, 0, '2024-10-21 09:00:00', '2024-10-21 09:00:00', 'Djakarta', NULL, NULL, '2024-10-13 09:05:25', '2024-10-13 09:05:25'),
(66, NULL, 'Examen', NULL, 0, '2024-10-21 14:00:00', '2024-10-21 14:00:00', 'Jibralta', NULL, NULL, '2024-10-13 10:55:52', '2024-10-13 10:55:52'),
(67, NULL, 'Examen', NULL, 0, '2024-10-21 14:00:00', '2024-10-21 14:00:00', 'Kanaga', NULL, NULL, '2024-10-13 10:57:15', '2024-10-13 10:57:15'),
(68, NULL, 'Examen', NULL, 0, '2024-10-14 13:00:00', '2024-10-14 13:00:00', 'Le MOGADOR', NULL, NULL, '2024-10-13 11:06:27', '2024-10-13 11:06:27'),
(69, NULL, 'Examen', NULL, 0, '2024-10-21 17:00:00', '2024-10-21 17:00:00', 'Ghislaine', NULL, NULL, '2024-10-13 11:06:28', '2024-10-13 11:06:28'),
(70, NULL, 'Examen', NULL, 0, '2024-10-15 14:00:00', '2024-10-15 14:00:00', 'Lafouuuu', NULL, NULL, '2024-10-13 11:06:28', '2024-10-13 11:06:28'),
(71, NULL, 'Examen', NULL, 0, '2024-10-23 16:00:00', '2024-10-23 16:00:00', 'Toukountouna', NULL, NULL, '2024-10-22 07:32:25', '2024-10-22 07:32:25'),
(72, NULL, 'Examen', NULL, 0, '2024-10-23 16:00:00', '2024-10-23 16:00:00', 'Toukountouna', NULL, NULL, '2024-10-22 07:32:25', '2024-10-22 07:32:25'),
(73, NULL, 'Examen', NULL, 0, '2024-10-23 14:00:00', '2024-10-23 14:00:00', 'dJAKARTA', NULL, NULL, '2024-10-22 07:33:28', '2024-10-22 07:33:28'),
(74, NULL, 'Examen', NULL, 0, '2024-10-23 14:00:00', '2024-10-23 14:00:00', 'dJAKARTA', NULL, NULL, '2024-10-22 07:33:28', '2024-10-22 07:33:28'),
(75, NULL, 'Examen', NULL, 0, '2024-10-23 14:00:00', '2024-10-23 14:00:00', 'dJAKARTA', NULL, NULL, '2024-10-22 07:33:28', '2024-10-22 07:33:28'),
(76, NULL, 'Examen', NULL, 0, '2024-10-23 14:00:00', '2024-10-23 14:00:00', 'dJAKARTA', NULL, NULL, '2024-10-22 07:33:28', '2024-10-22 07:33:28'),
(77, NULL, 'Examen', NULL, 0, '2024-10-23 14:00:00', '2024-10-23 14:00:00', 'dJAKARTA', NULL, NULL, '2024-10-22 07:33:28', '2024-10-22 07:33:28'),
(78, NULL, 'Examen', NULL, 0, '2024-10-23 14:00:00', '2024-10-23 14:00:00', 'dJAKARTA', NULL, NULL, '2024-10-22 07:33:28', '2024-10-22 07:33:28'),
(79, NULL, 'Examen', NULL, 0, '2024-10-23 14:00:00', '2024-10-23 14:00:00', 'dJAKARTA', NULL, NULL, '2024-10-22 07:33:29', '2024-10-22 07:33:29'),
(80, NULL, 'Examen', NULL, 0, '2024-10-23 14:00:00', '2024-10-23 14:00:00', 'dJAKARTA', NULL, NULL, '2024-10-22 07:33:29', '2024-10-22 07:33:29'),
(81, NULL, 'Examen', NULL, 0, '2024-10-23 14:00:00', '2024-10-23 14:00:00', 'dJAKARTA', NULL, NULL, '2024-10-22 07:33:29', '2024-10-22 07:33:29'),
(82, NULL, 'Examen', NULL, 0, '2024-10-25 09:01:00', '2024-10-25 09:01:00', 'a-nowhere', NULL, NULL, '2024-10-23 07:44:36', '2024-10-23 07:44:36'),
(85, NULL, 'Examen', NULL, 0, '2024-10-25 09:00:00', '2024-10-25 09:00:00', 'cOONOU', NULL, NULL, '2024-10-23 14:58:21', '2024-10-23 14:58:21'),
(86, NULL, 'Examen', NULL, 0, '2024-11-21 09:30:00', '2024-11-21 09:30:00', 'Blue zone', NULL, NULL, '2024-10-23 16:29:28', '2024-10-23 16:29:28'),
(87, '22c14c2c-d4b1-4bd2-bac8-6ff9b7c87e02', 'Soutenance', NULL, 0, '2024-11-08 14:00:00', '2024-11-08 17:00:00', 'Cotonou', NULL, NULL, '2024-11-07 14:04:27', '2024-11-07 14:04:27'),
(88, NULL, 'Examen', NULL, 0, '2024-11-07 17:00:00', '2024-11-07 17:00:00', 'Cotonou', NULL, NULL, '2024-11-07 14:05:11', '2024-11-07 14:05:11'),
(89, NULL, 'Examen', NULL, 0, '2024-11-07 17:00:00', '2024-11-07 17:00:00', 'Cotonou', NULL, NULL, '2024-11-07 14:05:11', '2024-11-07 14:05:11'),
(90, NULL, 'Examen', NULL, 0, '2024-11-26 14:00:00', '2024-11-26 14:00:00', 'Cotonou', NULL, NULL, '2024-11-25 10:28:09', '2024-11-25 10:28:09');

-- --------------------------------------------------------

--
-- Structure de la table `examResults`
--

CREATE TABLE `examResults` (
  `exam_id` bigint UNSIGNED NOT NULL,
  `student_id` bigint UNSIGNED NOT NULL,
  `grade_id` bigint UNSIGNED NOT NULL,
  `noteKata` double(8,2) NOT NULL DEFAULT '0.00',
  `noteKihon` double(8,2) NOT NULL DEFAULT '0.00',
  `noteKumite` double(8,2) NOT NULL DEFAULT '0.00',
  `deliberation` varchar(255) COLLATE utf8mb4_unicode_ci DEFAULT NULL,
  `convocation` varchar(255) COLLATE utf8mb4_unicode_ci DEFAULT NULL,
  `bulletin` varchar(255) CHARACTER SET utf8mb4 COLLATE utf8mb4_unicode_ci DEFAULT NULL
) ENGINE=InnoDB DEFAULT CHARSET=utf8mb4 COLLATE=utf8mb4_unicode_ci;

--
-- Déchargement des données de la table `examResults`
--

INSERT INTO `examResults` (`exam_id`, `student_id`, `grade_id`, `noteKata`, `noteKihon`, `noteKumite`, `deliberation`, `convocation`, `bulletin`) VALUES
(60, 18, 12, 15.00, 15.00, 5.00, 'success', 'storage/convocations/convocation_Badouri1728468260.pdf', NULL),
(60, 22, 12, 0.00, 0.00, 0.00, 'failure', 'storage/convocations/convocation_Juan Francisco1728468261.pdf', NULL),
(62, 18, 12, 15.00, 15.00, 15.00, 'success', 'storage/convocations/convocation_Badouri1728464518.pdf', NULL),
(62, 20, 11, 0.00, 0.00, 0.00, 'failure', 'storage/convocations/convocation_Lassissi1728464518.pdf', NULL),
(62, 22, 12, 15.00, 15.00, 15.00, 'success', 'storage/convocations/convocation_Juan Francisco1728464518.pdf', NULL),
(63, 18, 11, 0.00, 20.00, 15.00, 'success', 'storage/convocations/convocation_Badouri1728470997.pdf', NULL),
(63, 20, 11, 16.00, 19.00, 17.00, 'success', 'storage/convocations/convocation_Lassissi1728470997.pdf', NULL),
(63, 22, 11, 13.00, 11.00, 12.00, 'success', 'storage/convocations/convocation_Juan Francisco1728470997.pdf', NULL),
(63, 23, 11, 12.00, 18.00, 14.00, 'success', 'storage/convocations/convocation_Jon1728470997.pdf', NULL),
(64, 25, 12, 0.00, 0.00, 30.00, 'success', 'storage/convocations/convocation_Henry1728813808.pdf', NULL),
(65, 25, 12, 0.00, 0.00, 30.00, 'success', 'storage/convocations/convocation_Henry1728813925.pdf', NULL),
(66, 25, 11, 0.00, 30.00, 0.00, 'success', 'storage/convocations/convocation_Henry1728820552.pdf', NULL),
(67, 25, 11, 0.00, 30.00, 0.00, 'success', 'storage/convocations/convocation_Henry1728820635.pdf', NULL),
(68, 26, 12, 0.00, 30.00, 0.00, 'success', 'storage/convocations/convocation_Sapristie1728821188.pdf', NULL),
(69, 26, 12, 0.00, 30.00, 0.00, 'success', 'storage/convocations/convocation_Sapristie1728821188.pdf', NULL),
(70, 26, 12, 18.00, 15.00, 15.00, 'success', 'storage/convocations/convocation_Sapristie1728821188.pdf', NULL),
(71, 26, 11, 10.00, 12.00, 18.00, 'success', 'storage/convocations/convocation_Sapristie1729585945.pdf', NULL),
(72, 26, 11, 17.00, 14.00, 13.00, 'success', 'storage/convocations/convocation_Sapristie1729585946.pdf', NULL),
(73, 26, 11, 19.00, 1.00, 18.00, 'success', 'storage/convocations/convocation_Sapristie1729586009.pdf', NULL),
(74, 26, 11, 12.30, 18.90, 15.50, 'success', 'storage/convocations/convocation_Sapristie1729586009.pdf', NULL),
(75, 26, 11, 15.00, 13.00, 12.00, 'success', 'storage/convocations/convocation_Sapristie1729586009.pdf', NULL),
(76, 26, 11, 0.00, 12.00, 18.00, 'success', 'storage/convocations/convocation_Sapristie1729586009.pdf', 'storage/bulletins/bulletin_Sapristie1729615751.pdf'),
(77, 26, 11, 0.00, 14.00, 16.00, 'success', 'storage/convocations/convocation_Sapristie1729586009.pdf', 'storage/bulletins/bulletin_Sapristie1729615955.pdf'),
(78, 26, 11, 0.00, 0.00, 56.00, 'success', 'storage/convocations/convocation_Sapristie1729586010.pdf', 'storage/bulletins/bulletin_Sapristie1729615996.pdf'),
(79, 26, 11, 0.00, 46.00, 0.00, 'success', 'storage/convocations/convocation_Sapristie1729586010.pdf', 'storage/bulletins/bulletin_Sapristie1729616050.pdf'),
(80, 26, 11, 0.00, 12.00, 18.00, 'success', 'storage/convocations/convocation_Sapristie1729586010.pdf', 'storage/bulletins/bulletin_Sapristie1729616127.pdf'),
(81, 26, 11, 0.00, 18.00, 15.00, 'success', 'storage/convocations/convocation_Sapristie1729586010.pdf', 'storage/bulletins/bulletin_Sapristie1729616228.pdf'),
(82, 27, 11, 0.00, 10.00, 15.00, 'failure', 'storage/convocations/convocation_Kaisen1729673076.pdf', 'storage/bulletins/bulletin_Kaisen1729673101.pdf'),
(85, 27, 12, 15.00, 15.00, 15.00, 'success', 'storage/convocations/convocation_Kaisen1729699101.pdf', 'storage/bulletins/bulletin_Kaisen1729699195.pdf'),
(85, 28, 12, 0.00, 20.00, 10.00, 'success', 'storage/convocations/convocation_kraka1729699101.pdf', 'storage/bulletins/bulletin_kraka1729699197.pdf'),
(86, 27, 11, 15.00, 20.00, 20.00, 'success', 'storage/convocations/convocation_Kaisen1729704568.pdf', 'storage/bulletins/bulletin_Kaisen1729704639.pdf'),
(86, 28, 11, 0.00, 0.00, 0.00, 'failure', 'storage/convocations/convocation_kraka1729704569.pdf', 'storage/bulletins/bulletin_kraka1729704641.pdf'),
(88, 28, 11, 10.00, 15.00, 20.00, 'success', 'storage/convocations/convocation_kraka1730991911.pdf', 'storage/bulletins/bulletin_kraka1732523568.pdf'),
(89, 28, 11, 0.00, 0.00, 0.00, 'failure', 'storage/convocations/convocation_kraka1730991912.pdf', NULL),
(90, 31, 12, 0.00, 0.00, 0.00, 'failure', 'storage/convocations/convocation_Aguidi1732534089.pdf', NULL);

-- --------------------------------------------------------

--
-- Structure de la table `exams`
--

CREATE TABLE `exams` (
  `event_id` bigint UNSIGNED NOT NULL,
  `examStatus` varchar(255) COLLATE utf8mb4_unicode_ci NOT NULL,
  `created_at` timestamp NULL DEFAULT NULL,
  `updated_at` timestamp NULL DEFAULT NULL
) ENGINE=InnoDB DEFAULT CHARSET=utf8mb4 COLLATE=utf8mb4_unicode_ci;

--
-- Déchargement des données de la table `exams`
--

INSERT INTO `exams` (`event_id`, `examStatus`, `created_at`, `updated_at`) VALUES
(60, 'Archivé', '2024-09-21 06:21:09', '2024-10-09 09:55:18'),
(62, 'Archivé', '2024-10-09 08:01:57', '2024-10-09 08:57:28'),
(63, 'Archivé', '2024-10-09 09:49:57', '2024-10-09 09:51:00'),
(64, 'Archivé', '2024-10-13 09:02:48', '2024-10-13 10:51:45'),
(65, 'Archivé', '2024-10-13 09:05:25', '2024-10-13 10:54:13'),
(66, 'Archivé', '2024-10-13 10:55:52', '2024-10-13 10:57:59'),
(67, 'Archivé', '2024-10-13 10:57:15', '2024-10-13 10:59:15'),
(68, 'Archivé', '2024-10-13 11:06:27', '2024-10-13 11:06:53'),
(69, 'Archivé', '2024-10-13 11:06:28', '2024-10-13 11:09:02'),
(70, 'Archivé', '2024-10-13 11:06:28', '2024-10-13 11:09:49'),
(71, 'Archivé', '2024-10-22 07:32:25', '2024-10-22 07:34:31'),
(72, 'Archivé', '2024-10-22 07:32:25', '2024-10-22 07:40:30'),
(73, 'Archivé', '2024-10-22 07:33:28', '2024-10-22 07:41:24'),
(74, 'Archivé', '2024-10-22 07:33:28', '2024-10-22 07:48:15'),
(75, 'Archivé', '2024-10-22 07:33:28', '2024-10-22 07:51:22'),
(76, 'Archivé', '2024-10-22 07:33:28', '2024-10-22 15:49:09'),
(77, 'Archivé', '2024-10-22 07:33:28', '2024-10-22 15:52:33'),
(78, 'Archivé', '2024-10-22 07:33:28', '2024-10-22 15:53:14'),
(79, 'Archivé', '2024-10-22 07:33:29', '2024-10-22 15:54:08'),
(80, 'Archivé', '2024-10-22 07:33:29', '2024-10-22 15:55:24'),
(81, 'Archivé', '2024-10-22 07:33:29', '2024-10-22 15:57:05'),
(82, 'Archivé', '2024-10-23 07:44:36', '2024-10-23 07:44:59'),
(85, 'Archivé', '2024-10-23 14:58:21', '2024-10-23 14:59:53'),
(86, 'Archivé', '2024-10-23 16:29:28', '2024-10-23 16:30:38'),
(88, 'Archivé', '2024-11-07 14:05:11', '2024-11-07 14:05:47'),
(89, 'A venir', '2024-11-07 14:05:11', '2024-11-07 14:05:11'),
(90, 'A venir', '2024-11-25 10:28:09', '2024-11-25 10:28:09');

-- --------------------------------------------------------

--
-- Structure de la table `exam_grade`
--

CREATE TABLE `exam_grade` (
  `exam_id` bigint UNSIGNED NOT NULL,
  `grade_id` bigint UNSIGNED NOT NULL,
  `cost` double(8,2) NOT NULL DEFAULT '0.00',
  `created_at` timestamp NULL DEFAULT NULL,
  `updated_at` timestamp NULL DEFAULT NULL
) ENGINE=InnoDB DEFAULT CHARSET=utf8mb4 COLLATE=utf8mb4_unicode_ci;

--
-- Déchargement des données de la table `exam_grade`
--

INSERT INTO `exam_grade` (`exam_id`, `grade_id`, `cost`, `created_at`, `updated_at`) VALUES
(60, 12, 7890.00, NULL, NULL),
(62, 11, 5800.00, NULL, NULL),
(62, 12, 1400.00, NULL, NULL),
(63, 11, 1522.00, NULL, NULL),
(64, 12, 1500.00, NULL, NULL),
(65, 12, 4500.00, NULL, NULL),
(66, 11, 4500.00, NULL, NULL),
(67, 11, 7800.00, NULL, NULL),
(68, 12, 1522.00, NULL, NULL),
(69, 12, 8520.00, NULL, NULL),
(70, 12, 15004.00, NULL, NULL),
(71, 11, 1234.00, NULL, NULL),
(72, 11, 1234.00, NULL, NULL),
(73, 11, 1457.00, NULL, NULL),
(74, 11, 1457.00, NULL, NULL),
(75, 11, 1457.00, NULL, NULL),
(76, 11, 1457.00, NULL, NULL),
(77, 11, 1457.00, NULL, NULL),
(78, 11, 1457.00, NULL, NULL),
(79, 11, 1457.00, NULL, NULL),
(80, 11, 1457.00, NULL, NULL),
(81, 11, 1457.00, NULL, NULL),
(82, 11, 14562.00, NULL, NULL),
(85, 12, 15000.00, NULL, NULL),
(86, 11, 7500.00, NULL, NULL),
(88, 11, 15000.00, NULL, NULL),
(89, 11, 15000.00, NULL, NULL),
(90, 12, 1500.00, NULL, NULL);

-- --------------------------------------------------------

--
-- Structure de la table `failed_jobs`
--

CREATE TABLE `failed_jobs` (
  `id` bigint UNSIGNED NOT NULL,
  `uuid` varchar(255) COLLATE utf8mb4_unicode_ci NOT NULL,
  `connection` text COLLATE utf8mb4_unicode_ci NOT NULL,
  `queue` text COLLATE utf8mb4_unicode_ci NOT NULL,
  `payload` longtext COLLATE utf8mb4_unicode_ci NOT NULL,
  `exception` longtext COLLATE utf8mb4_unicode_ci NOT NULL,
  `failed_at` timestamp NOT NULL DEFAULT CURRENT_TIMESTAMP
) ENGINE=InnoDB DEFAULT CHARSET=utf8mb4 COLLATE=utf8mb4_unicode_ci;

--
-- Déchargement des données de la table `failed_jobs`
--

INSERT INTO `failed_jobs` (`id`, `uuid`, `connection`, `queue`, `payload`, `exception`, `failed_at`) VALUES
(56, '4cad9ef6-0e50-4056-8833-3781a8b661e8', 'database', 'default', '{\"uuid\":\"4cad9ef6-0e50-4056-8833-3781a8b661e8\",\"displayName\":\"App\\\\Jobs\\\\EndExamProcess\",\"job\":\"Illuminate\\\\Queue\\\\CallQueuedHandler@call\",\"maxTries\":null,\"maxExceptions\":null,\"failOnTimeout\":false,\"backoff\":null,\"timeout\":null,\"retryUntil\":null,\"data\":{\"commandName\":\"App\\\\Jobs\\\\EndExamProcess\",\"command\":\"O:23:\\\"App\\\\Jobs\\\\EndExamProcess\\\":2:{s:9:\\\"\\u0000*\\u0000examId\\\";i:62;s:10:\\\"\\u0000*\\u0000payload\\\";a:3:{i:18;a:5:{i:0;s:3:\\\"015\\\";i:1;s:2:\\\"15\\\";i:2;s:2:\\\"10\\\";i:3;s:7:\\\"success\\\";i:4;i:12;}i:20;a:5:{i:0;s:1:\\\"0\\\";i:1;s:1:\\\"0\\\";i:2;s:1:\\\"0\\\";i:3;s:7:\\\"failure\\\";i:4;i:11;}i:22;a:5:{i:0;s:1:\\\"0\\\";i:1;s:1:\\\"0\\\";i:2;s:1:\\\"0\\\";i:3;s:7:\\\"failure\\\";i:4;i:12;}}}\"}}', 'Exception: Job is incomplete class: {\"__PHP_Incomplete_Class_Name\":\"App\\\\Jobs\\\\EndExamProcess\"} in /home/louqmane/Bureau/kataSaveBackend/vendor/laravel/framework/src/Illuminate/Queue/CallQueuedHandler.php:117\nStack trace:\n#0 /home/louqmane/Bureau/kataSaveBackend/vendor/laravel/framework/src/Illuminate/Queue/CallQueuedHandler.php(70): Illuminate\\Queue\\CallQueuedHandler->dispatchThroughMiddleware()\n#1 /home/louqmane/Bureau/kataSaveBackend/vendor/laravel/framework/src/Illuminate/Queue/Jobs/Job.php(102): Illuminate\\Queue\\CallQueuedHandler->call()\n#2 /home/louqmane/Bureau/kataSaveBackend/vendor/laravel/framework/src/Illuminate/Queue/Worker.php(439): Illuminate\\Queue\\Jobs\\Job->fire()\n#3 /home/louqmane/Bureau/kataSaveBackend/vendor/laravel/framework/src/Illuminate/Queue/Worker.php(389): Illuminate\\Queue\\Worker->process()\n#4 /home/louqmane/Bureau/kataSaveBackend/vendor/laravel/framework/src/Illuminate/Queue/Worker.php(176): Illuminate\\Queue\\Worker->runJob()\n#5 /home/louqmane/Bureau/kataSaveBackend/vendor/laravel/framework/src/Illuminate/Queue/Console/WorkCommand.php(137): Illuminate\\Queue\\Worker->daemon()\n#6 /home/louqmane/Bureau/kataSaveBackend/vendor/laravel/framework/src/Illuminate/Queue/Console/WorkCommand.php(120): Illuminate\\Queue\\Console\\WorkCommand->runWorker()\n#7 /home/louqmane/Bureau/kataSaveBackend/vendor/laravel/framework/src/Illuminate/Container/BoundMethod.php(36): Illuminate\\Queue\\Console\\WorkCommand->handle()\n#8 /home/louqmane/Bureau/kataSaveBackend/vendor/laravel/framework/src/Illuminate/Container/Util.php(41): Illuminate\\Container\\BoundMethod::Illuminate\\Container\\{closure}()\n#9 /home/louqmane/Bureau/kataSaveBackend/vendor/laravel/framework/src/Illuminate/Container/BoundMethod.php(93): Illuminate\\Container\\Util::unwrapIfClosure()\n#10 /home/louqmane/Bureau/kataSaveBackend/vendor/laravel/framework/src/Illuminate/Container/BoundMethod.php(35): Illuminate\\Container\\BoundMethod::callBoundMethod()\n#11 /home/louqmane/Bureau/kataSaveBackend/vendor/laravel/framework/src/Illuminate/Container/Container.php(662): Illuminate\\Container\\BoundMethod::call()\n#12 /home/louqmane/Bureau/kataSaveBackend/vendor/laravel/framework/src/Illuminate/Console/Command.php(211): Illuminate\\Container\\Container->call()\n#13 /home/louqmane/Bureau/kataSaveBackend/vendor/symfony/console/Command/Command.php(326): Illuminate\\Console\\Command->execute()\n#14 /home/louqmane/Bureau/kataSaveBackend/vendor/laravel/framework/src/Illuminate/Console/Command.php(180): Symfony\\Component\\Console\\Command\\Command->run()\n#15 /home/louqmane/Bureau/kataSaveBackend/vendor/symfony/console/Application.php(1096): Illuminate\\Console\\Command->run()\n#16 /home/louqmane/Bureau/kataSaveBackend/vendor/symfony/console/Application.php(324): Symfony\\Component\\Console\\Application->doRunCommand()\n#17 /home/louqmane/Bureau/kataSaveBackend/vendor/symfony/console/Application.php(175): Symfony\\Component\\Console\\Application->doRun()\n#18 /home/louqmane/Bureau/kataSaveBackend/vendor/laravel/framework/src/Illuminate/Foundation/Console/Kernel.php(201): Symfony\\Component\\Console\\Application->run()\n#19 /home/louqmane/Bureau/kataSaveBackend/artisan(35): Illuminate\\Foundation\\Console\\Kernel->handle()\n#20 {main}', '2024-10-09 08:22:05'),
(57, 'd7a1399a-159f-4edf-93e7-8aa22c751b00', 'database', 'default', '{\"uuid\":\"d7a1399a-159f-4edf-93e7-8aa22c751b00\",\"displayName\":\"App\\\\Jobs\\\\EndExamProcess\",\"job\":\"Illuminate\\\\Queue\\\\CallQueuedHandler@call\",\"maxTries\":null,\"maxExceptions\":null,\"failOnTimeout\":false,\"backoff\":null,\"timeout\":null,\"retryUntil\":null,\"data\":{\"commandName\":\"App\\\\Jobs\\\\EndExamProcess\",\"command\":\"O:23:\\\"App\\\\Jobs\\\\EndExamProcess\\\":0:{}\"}}', 'Exception: Job is incomplete class: {\"__PHP_Incomplete_Class_Name\":\"App\\\\Jobs\\\\EndExamProcess\"} in /home/louqmane/Bureau/kataSaveBackend/vendor/laravel/framework/src/Illuminate/Queue/CallQueuedHandler.php:117\nStack trace:\n#0 /home/louqmane/Bureau/kataSaveBackend/vendor/laravel/framework/src/Illuminate/Queue/CallQueuedHandler.php(70): Illuminate\\Queue\\CallQueuedHandler->dispatchThroughMiddleware()\n#1 /home/louqmane/Bureau/kataSaveBackend/vendor/laravel/framework/src/Illuminate/Queue/Jobs/Job.php(102): Illuminate\\Queue\\CallQueuedHandler->call()\n#2 /home/louqmane/Bureau/kataSaveBackend/vendor/laravel/framework/src/Illuminate/Queue/Worker.php(439): Illuminate\\Queue\\Jobs\\Job->fire()\n#3 /home/louqmane/Bureau/kataSaveBackend/vendor/laravel/framework/src/Illuminate/Queue/Worker.php(389): Illuminate\\Queue\\Worker->process()\n#4 /home/louqmane/Bureau/kataSaveBackend/vendor/laravel/framework/src/Illuminate/Queue/Worker.php(176): Illuminate\\Queue\\Worker->runJob()\n#5 /home/louqmane/Bureau/kataSaveBackend/vendor/laravel/framework/src/Illuminate/Queue/Console/WorkCommand.php(137): Illuminate\\Queue\\Worker->daemon()\n#6 /home/louqmane/Bureau/kataSaveBackend/vendor/laravel/framework/src/Illuminate/Queue/Console/WorkCommand.php(120): Illuminate\\Queue\\Console\\WorkCommand->runWorker()\n#7 /home/louqmane/Bureau/kataSaveBackend/vendor/laravel/framework/src/Illuminate/Container/BoundMethod.php(36): Illuminate\\Queue\\Console\\WorkCommand->handle()\n#8 /home/louqmane/Bureau/kataSaveBackend/vendor/laravel/framework/src/Illuminate/Container/Util.php(41): Illuminate\\Container\\BoundMethod::Illuminate\\Container\\{closure}()\n#9 /home/louqmane/Bureau/kataSaveBackend/vendor/laravel/framework/src/Illuminate/Container/BoundMethod.php(93): Illuminate\\Container\\Util::unwrapIfClosure()\n#10 /home/louqmane/Bureau/kataSaveBackend/vendor/laravel/framework/src/Illuminate/Container/BoundMethod.php(35): Illuminate\\Container\\BoundMethod::callBoundMethod()\n#11 /home/louqmane/Bureau/kataSaveBackend/vendor/laravel/framework/src/Illuminate/Container/Container.php(662): Illuminate\\Container\\BoundMethod::call()\n#12 /home/louqmane/Bureau/kataSaveBackend/vendor/laravel/framework/src/Illuminate/Console/Command.php(211): Illuminate\\Container\\Container->call()\n#13 /home/louqmane/Bureau/kataSaveBackend/vendor/symfony/console/Command/Command.php(326): Illuminate\\Console\\Command->execute()\n#14 /home/louqmane/Bureau/kataSaveBackend/vendor/laravel/framework/src/Illuminate/Console/Command.php(180): Symfony\\Component\\Console\\Command\\Command->run()\n#15 /home/louqmane/Bureau/kataSaveBackend/vendor/symfony/console/Application.php(1096): Illuminate\\Console\\Command->run()\n#16 /home/louqmane/Bureau/kataSaveBackend/vendor/symfony/console/Application.php(324): Symfony\\Component\\Console\\Application->doRunCommand()\n#17 /home/louqmane/Bureau/kataSaveBackend/vendor/symfony/console/Application.php(175): Symfony\\Component\\Console\\Application->doRun()\n#18 /home/louqmane/Bureau/kataSaveBackend/vendor/laravel/framework/src/Illuminate/Foundation/Console/Kernel.php(201): Symfony\\Component\\Console\\Application->run()\n#19 /home/louqmane/Bureau/kataSaveBackend/artisan(35): Illuminate\\Foundation\\Console\\Kernel->handle()\n#20 {main}', '2024-10-09 08:34:18'),
(58, '1adcfd45-d01f-4f3b-9afd-d149ddd53c6d', 'database', 'default', '{\"uuid\":\"1adcfd45-d01f-4f3b-9afd-d149ddd53c6d\",\"displayName\":\"App\\\\Jobs\\\\EndExamProcess\",\"job\":\"Illuminate\\\\Queue\\\\CallQueuedHandler@call\",\"maxTries\":null,\"maxExceptions\":null,\"failOnTimeout\":false,\"backoff\":null,\"timeout\":null,\"retryUntil\":null,\"data\":{\"commandName\":\"App\\\\Jobs\\\\EndExamProcess\",\"command\":\"O:23:\\\"App\\\\Jobs\\\\EndExamProcess\\\":0:{}\"}}', 'Exception: Job is incomplete class: {\"__PHP_Incomplete_Class_Name\":\"App\\\\Jobs\\\\EndExamProcess\"} in /home/louqmane/Bureau/kataSaveBackend/vendor/laravel/framework/src/Illuminate/Queue/CallQueuedHandler.php:117\nStack trace:\n#0 /home/louqmane/Bureau/kataSaveBackend/vendor/laravel/framework/src/Illuminate/Queue/CallQueuedHandler.php(70): Illuminate\\Queue\\CallQueuedHandler->dispatchThroughMiddleware()\n#1 /home/louqmane/Bureau/kataSaveBackend/vendor/laravel/framework/src/Illuminate/Queue/Jobs/Job.php(102): Illuminate\\Queue\\CallQueuedHandler->call()\n#2 /home/louqmane/Bureau/kataSaveBackend/vendor/laravel/framework/src/Illuminate/Queue/Worker.php(439): Illuminate\\Queue\\Jobs\\Job->fire()\n#3 /home/louqmane/Bureau/kataSaveBackend/vendor/laravel/framework/src/Illuminate/Queue/Worker.php(389): Illuminate\\Queue\\Worker->process()\n#4 /home/louqmane/Bureau/kataSaveBackend/vendor/laravel/framework/src/Illuminate/Queue/Worker.php(176): Illuminate\\Queue\\Worker->runJob()\n#5 /home/louqmane/Bureau/kataSaveBackend/vendor/laravel/framework/src/Illuminate/Queue/Console/WorkCommand.php(137): Illuminate\\Queue\\Worker->daemon()\n#6 /home/louqmane/Bureau/kataSaveBackend/vendor/laravel/framework/src/Illuminate/Queue/Console/WorkCommand.php(120): Illuminate\\Queue\\Console\\WorkCommand->runWorker()\n#7 /home/louqmane/Bureau/kataSaveBackend/vendor/laravel/framework/src/Illuminate/Container/BoundMethod.php(36): Illuminate\\Queue\\Console\\WorkCommand->handle()\n#8 /home/louqmane/Bureau/kataSaveBackend/vendor/laravel/framework/src/Illuminate/Container/Util.php(41): Illuminate\\Container\\BoundMethod::Illuminate\\Container\\{closure}()\n#9 /home/louqmane/Bureau/kataSaveBackend/vendor/laravel/framework/src/Illuminate/Container/BoundMethod.php(93): Illuminate\\Container\\Util::unwrapIfClosure()\n#10 /home/louqmane/Bureau/kataSaveBackend/vendor/laravel/framework/src/Illuminate/Container/BoundMethod.php(35): Illuminate\\Container\\BoundMethod::callBoundMethod()\n#11 /home/louqmane/Bureau/kataSaveBackend/vendor/laravel/framework/src/Illuminate/Container/Container.php(662): Illuminate\\Container\\BoundMethod::call()\n#12 /home/louqmane/Bureau/kataSaveBackend/vendor/laravel/framework/src/Illuminate/Console/Command.php(211): Illuminate\\Container\\Container->call()\n#13 /home/louqmane/Bureau/kataSaveBackend/vendor/symfony/console/Command/Command.php(326): Illuminate\\Console\\Command->execute()\n#14 /home/louqmane/Bureau/kataSaveBackend/vendor/laravel/framework/src/Illuminate/Console/Command.php(180): Symfony\\Component\\Console\\Command\\Command->run()\n#15 /home/louqmane/Bureau/kataSaveBackend/vendor/symfony/console/Application.php(1096): Illuminate\\Console\\Command->run()\n#16 /home/louqmane/Bureau/kataSaveBackend/vendor/symfony/console/Application.php(324): Symfony\\Component\\Console\\Application->doRunCommand()\n#17 /home/louqmane/Bureau/kataSaveBackend/vendor/symfony/console/Application.php(175): Symfony\\Component\\Console\\Application->doRun()\n#18 /home/louqmane/Bureau/kataSaveBackend/vendor/laravel/framework/src/Illuminate/Foundation/Console/Kernel.php(201): Symfony\\Component\\Console\\Application->run()\n#19 /home/louqmane/Bureau/kataSaveBackend/artisan(35): Illuminate\\Foundation\\Console\\Kernel->handle()\n#20 {main}', '2024-10-09 08:35:33'),
(59, 'ec64a3b9-51a3-4d06-9447-8af141f91be9', 'database', 'default', '{\"uuid\":\"ec64a3b9-51a3-4d06-9447-8af141f91be9\",\"displayName\":\"App\\\\Jobs\\\\EndExamProcess\",\"job\":\"Illuminate\\\\Queue\\\\CallQueuedHandler@call\",\"maxTries\":null,\"maxExceptions\":null,\"failOnTimeout\":false,\"backoff\":null,\"timeout\":null,\"retryUntil\":null,\"data\":{\"commandName\":\"App\\\\Jobs\\\\EndExamProcess\",\"command\":\"O:23:\\\"App\\\\Jobs\\\\EndExamProcess\\\":0:{}\"}}', 'Exception: Job is incomplete class: {\"__PHP_Incomplete_Class_Name\":\"App\\\\Jobs\\\\EndExamProcess\"} in /home/louqmane/Bureau/kataSaveBackend/vendor/laravel/framework/src/Illuminate/Queue/CallQueuedHandler.php:117\nStack trace:\n#0 /home/louqmane/Bureau/kataSaveBackend/vendor/laravel/framework/src/Illuminate/Queue/CallQueuedHandler.php(70): Illuminate\\Queue\\CallQueuedHandler->dispatchThroughMiddleware()\n#1 /home/louqmane/Bureau/kataSaveBackend/vendor/laravel/framework/src/Illuminate/Queue/Jobs/Job.php(102): Illuminate\\Queue\\CallQueuedHandler->call()\n#2 /home/louqmane/Bureau/kataSaveBackend/vendor/laravel/framework/src/Illuminate/Queue/Worker.php(439): Illuminate\\Queue\\Jobs\\Job->fire()\n#3 /home/louqmane/Bureau/kataSaveBackend/vendor/laravel/framework/src/Illuminate/Queue/Worker.php(389): Illuminate\\Queue\\Worker->process()\n#4 /home/louqmane/Bureau/kataSaveBackend/vendor/laravel/framework/src/Illuminate/Queue/Worker.php(176): Illuminate\\Queue\\Worker->runJob()\n#5 /home/louqmane/Bureau/kataSaveBackend/vendor/laravel/framework/src/Illuminate/Queue/Console/WorkCommand.php(137): Illuminate\\Queue\\Worker->daemon()\n#6 /home/louqmane/Bureau/kataSaveBackend/vendor/laravel/framework/src/Illuminate/Queue/Console/WorkCommand.php(120): Illuminate\\Queue\\Console\\WorkCommand->runWorker()\n#7 /home/louqmane/Bureau/kataSaveBackend/vendor/laravel/framework/src/Illuminate/Container/BoundMethod.php(36): Illuminate\\Queue\\Console\\WorkCommand->handle()\n#8 /home/louqmane/Bureau/kataSaveBackend/vendor/laravel/framework/src/Illuminate/Container/Util.php(41): Illuminate\\Container\\BoundMethod::Illuminate\\Container\\{closure}()\n#9 /home/louqmane/Bureau/kataSaveBackend/vendor/laravel/framework/src/Illuminate/Container/BoundMethod.php(93): Illuminate\\Container\\Util::unwrapIfClosure()\n#10 /home/louqmane/Bureau/kataSaveBackend/vendor/laravel/framework/src/Illuminate/Container/BoundMethod.php(35): Illuminate\\Container\\BoundMethod::callBoundMethod()\n#11 /home/louqmane/Bureau/kataSaveBackend/vendor/laravel/framework/src/Illuminate/Container/Container.php(662): Illuminate\\Container\\BoundMethod::call()\n#12 /home/louqmane/Bureau/kataSaveBackend/vendor/laravel/framework/src/Illuminate/Console/Command.php(211): Illuminate\\Container\\Container->call()\n#13 /home/louqmane/Bureau/kataSaveBackend/vendor/symfony/console/Command/Command.php(326): Illuminate\\Console\\Command->execute()\n#14 /home/louqmane/Bureau/kataSaveBackend/vendor/laravel/framework/src/Illuminate/Console/Command.php(180): Symfony\\Component\\Console\\Command\\Command->run()\n#15 /home/louqmane/Bureau/kataSaveBackend/vendor/symfony/console/Application.php(1096): Illuminate\\Console\\Command->run()\n#16 /home/louqmane/Bureau/kataSaveBackend/vendor/symfony/console/Application.php(324): Symfony\\Component\\Console\\Application->doRunCommand()\n#17 /home/louqmane/Bureau/kataSaveBackend/vendor/symfony/console/Application.php(175): Symfony\\Component\\Console\\Application->doRun()\n#18 /home/louqmane/Bureau/kataSaveBackend/vendor/laravel/framework/src/Illuminate/Foundation/Console/Kernel.php(201): Symfony\\Component\\Console\\Application->run()\n#19 /home/louqmane/Bureau/kataSaveBackend/artisan(35): Illuminate\\Foundation\\Console\\Kernel->handle()\n#20 {main}', '2024-10-09 08:36:03'),
(60, '8f3afd34-82f7-425d-a413-ba6d597a84f5', 'database', 'default', '{\"uuid\":\"8f3afd34-82f7-425d-a413-ba6d597a84f5\",\"displayName\":\"App\\\\Jobs\\\\EndExamProcess\",\"job\":\"Illuminate\\\\Queue\\\\CallQueuedHandler@call\",\"maxTries\":null,\"maxExceptions\":null,\"failOnTimeout\":false,\"backoff\":null,\"timeout\":null,\"retryUntil\":null,\"data\":{\"commandName\":\"App\\\\Jobs\\\\EndExamProcess\",\"command\":\"O:23:\\\"App\\\\Jobs\\\\EndExamProcess\\\":2:{s:9:\\\"\\u0000*\\u0000examId\\\";i:62;s:10:\\\"\\u0000*\\u0000payload\\\";a:3:{i:18;a:5:{i:0;s:1:\\\"0\\\";i:1;s:1:\\\"0\\\";i:2;s:1:\\\"0\\\";i:3;s:7:\\\"failure\\\";i:4;i:12;}i:20;a:5:{i:0;s:1:\\\"0\\\";i:1;s:1:\\\"0\\\";i:2;s:1:\\\"0\\\";i:3;s:7:\\\"failure\\\";i:4;i:11;}i:22;a:5:{i:0;s:1:\\\"0\\\";i:1;s:1:\\\"0\\\";i:2;s:1:\\\"0\\\";i:3;s:7:\\\"failure\\\";i:4;i:12;}}}\"}}', 'Exception: Job is incomplete class: {\"__PHP_Incomplete_Class_Name\":\"App\\\\Jobs\\\\EndExamProcess\"} in /home/louqmane/Bureau/kataSaveBackend/vendor/laravel/framework/src/Illuminate/Queue/CallQueuedHandler.php:117\nStack trace:\n#0 /home/louqmane/Bureau/kataSaveBackend/vendor/laravel/framework/src/Illuminate/Queue/CallQueuedHandler.php(70): Illuminate\\Queue\\CallQueuedHandler->dispatchThroughMiddleware()\n#1 /home/louqmane/Bureau/kataSaveBackend/vendor/laravel/framework/src/Illuminate/Queue/Jobs/Job.php(102): Illuminate\\Queue\\CallQueuedHandler->call()\n#2 /home/louqmane/Bureau/kataSaveBackend/vendor/laravel/framework/src/Illuminate/Queue/Worker.php(439): Illuminate\\Queue\\Jobs\\Job->fire()\n#3 /home/louqmane/Bureau/kataSaveBackend/vendor/laravel/framework/src/Illuminate/Queue/Worker.php(389): Illuminate\\Queue\\Worker->process()\n#4 /home/louqmane/Bureau/kataSaveBackend/vendor/laravel/framework/src/Illuminate/Queue/Worker.php(176): Illuminate\\Queue\\Worker->runJob()\n#5 /home/louqmane/Bureau/kataSaveBackend/vendor/laravel/framework/src/Illuminate/Queue/Console/WorkCommand.php(137): Illuminate\\Queue\\Worker->daemon()\n#6 /home/louqmane/Bureau/kataSaveBackend/vendor/laravel/framework/src/Illuminate/Queue/Console/WorkCommand.php(120): Illuminate\\Queue\\Console\\WorkCommand->runWorker()\n#7 /home/louqmane/Bureau/kataSaveBackend/vendor/laravel/framework/src/Illuminate/Container/BoundMethod.php(36): Illuminate\\Queue\\Console\\WorkCommand->handle()\n#8 /home/louqmane/Bureau/kataSaveBackend/vendor/laravel/framework/src/Illuminate/Container/Util.php(41): Illuminate\\Container\\BoundMethod::Illuminate\\Container\\{closure}()\n#9 /home/louqmane/Bureau/kataSaveBackend/vendor/laravel/framework/src/Illuminate/Container/BoundMethod.php(93): Illuminate\\Container\\Util::unwrapIfClosure()\n#10 /home/louqmane/Bureau/kataSaveBackend/vendor/laravel/framework/src/Illuminate/Container/BoundMethod.php(35): Illuminate\\Container\\BoundMethod::callBoundMethod()\n#11 /home/louqmane/Bureau/kataSaveBackend/vendor/laravel/framework/src/Illuminate/Container/Container.php(662): Illuminate\\Container\\BoundMethod::call()\n#12 /home/louqmane/Bureau/kataSaveBackend/vendor/laravel/framework/src/Illuminate/Console/Command.php(211): Illuminate\\Container\\Container->call()\n#13 /home/louqmane/Bureau/kataSaveBackend/vendor/symfony/console/Command/Command.php(326): Illuminate\\Console\\Command->execute()\n#14 /home/louqmane/Bureau/kataSaveBackend/vendor/laravel/framework/src/Illuminate/Console/Command.php(180): Symfony\\Component\\Console\\Command\\Command->run()\n#15 /home/louqmane/Bureau/kataSaveBackend/vendor/symfony/console/Application.php(1096): Illuminate\\Console\\Command->run()\n#16 /home/louqmane/Bureau/kataSaveBackend/vendor/symfony/console/Application.php(324): Symfony\\Component\\Console\\Application->doRunCommand()\n#17 /home/louqmane/Bureau/kataSaveBackend/vendor/symfony/console/Application.php(175): Symfony\\Component\\Console\\Application->doRun()\n#18 /home/louqmane/Bureau/kataSaveBackend/vendor/laravel/framework/src/Illuminate/Foundation/Console/Kernel.php(201): Symfony\\Component\\Console\\Application->run()\n#19 /home/louqmane/Bureau/kataSaveBackend/artisan(35): Illuminate\\Foundation\\Console\\Kernel->handle()\n#20 {main}', '2024-10-09 08:45:07'),
(61, 'a2ca580c-d75a-42ce-a5fa-470936bd4c62', 'database', 'default', '{\"uuid\":\"a2ca580c-d75a-42ce-a5fa-470936bd4c62\",\"displayName\":\"App\\\\Jobs\\\\EndExamProcess\",\"job\":\"Illuminate\\\\Queue\\\\CallQueuedHandler@call\",\"maxTries\":null,\"maxExceptions\":null,\"failOnTimeout\":false,\"backoff\":null,\"timeout\":null,\"retryUntil\":null,\"data\":{\"commandName\":\"App\\\\Jobs\\\\EndExamProcess\",\"command\":\"O:23:\\\"App\\\\Jobs\\\\EndExamProcess\\\":2:{s:9:\\\"\\u0000*\\u0000examId\\\";i:62;s:10:\\\"\\u0000*\\u0000payload\\\";a:3:{i:18;a:5:{i:0;s:1:\\\"0\\\";i:1;s:1:\\\"0\\\";i:2;s:1:\\\"0\\\";i:3;s:7:\\\"failure\\\";i:4;i:12;}i:20;a:5:{i:0;s:1:\\\"0\\\";i:1;s:1:\\\"0\\\";i:2;s:1:\\\"0\\\";i:3;s:7:\\\"failure\\\";i:4;i:11;}i:22;a:5:{i:0;s:1:\\\"0\\\";i:1;s:1:\\\"0\\\";i:2;s:1:\\\"0\\\";i:3;s:7:\\\"failure\\\";i:4;i:12;}}}\"}}', 'Exception: Job is incomplete class: {\"__PHP_Incomplete_Class_Name\":\"App\\\\Jobs\\\\EndExamProcess\"} in /home/louqmane/Bureau/kataSaveBackend/vendor/laravel/framework/src/Illuminate/Queue/CallQueuedHandler.php:117\nStack trace:\n#0 /home/louqmane/Bureau/kataSaveBackend/vendor/laravel/framework/src/Illuminate/Queue/CallQueuedHandler.php(70): Illuminate\\Queue\\CallQueuedHandler->dispatchThroughMiddleware()\n#1 /home/louqmane/Bureau/kataSaveBackend/vendor/laravel/framework/src/Illuminate/Queue/Jobs/Job.php(102): Illuminate\\Queue\\CallQueuedHandler->call()\n#2 /home/louqmane/Bureau/kataSaveBackend/vendor/laravel/framework/src/Illuminate/Queue/Worker.php(439): Illuminate\\Queue\\Jobs\\Job->fire()\n#3 /home/louqmane/Bureau/kataSaveBackend/vendor/laravel/framework/src/Illuminate/Queue/Worker.php(389): Illuminate\\Queue\\Worker->process()\n#4 /home/louqmane/Bureau/kataSaveBackend/vendor/laravel/framework/src/Illuminate/Queue/Worker.php(176): Illuminate\\Queue\\Worker->runJob()\n#5 /home/louqmane/Bureau/kataSaveBackend/vendor/laravel/framework/src/Illuminate/Queue/Console/WorkCommand.php(137): Illuminate\\Queue\\Worker->daemon()\n#6 /home/louqmane/Bureau/kataSaveBackend/vendor/laravel/framework/src/Illuminate/Queue/Console/WorkCommand.php(120): Illuminate\\Queue\\Console\\WorkCommand->runWorker()\n#7 /home/louqmane/Bureau/kataSaveBackend/vendor/laravel/framework/src/Illuminate/Container/BoundMethod.php(36): Illuminate\\Queue\\Console\\WorkCommand->handle()\n#8 /home/louqmane/Bureau/kataSaveBackend/vendor/laravel/framework/src/Illuminate/Container/Util.php(41): Illuminate\\Container\\BoundMethod::Illuminate\\Container\\{closure}()\n#9 /home/louqmane/Bureau/kataSaveBackend/vendor/laravel/framework/src/Illuminate/Container/BoundMethod.php(93): Illuminate\\Container\\Util::unwrapIfClosure()\n#10 /home/louqmane/Bureau/kataSaveBackend/vendor/laravel/framework/src/Illuminate/Container/BoundMethod.php(35): Illuminate\\Container\\BoundMethod::callBoundMethod()\n#11 /home/louqmane/Bureau/kataSaveBackend/vendor/laravel/framework/src/Illuminate/Container/Container.php(662): Illuminate\\Container\\BoundMethod::call()\n#12 /home/louqmane/Bureau/kataSaveBackend/vendor/laravel/framework/src/Illuminate/Console/Command.php(211): Illuminate\\Container\\Container->call()\n#13 /home/louqmane/Bureau/kataSaveBackend/vendor/symfony/console/Command/Command.php(326): Illuminate\\Console\\Command->execute()\n#14 /home/louqmane/Bureau/kataSaveBackend/vendor/laravel/framework/src/Illuminate/Console/Command.php(180): Symfony\\Component\\Console\\Command\\Command->run()\n#15 /home/louqmane/Bureau/kataSaveBackend/vendor/symfony/console/Application.php(1096): Illuminate\\Console\\Command->run()\n#16 /home/louqmane/Bureau/kataSaveBackend/vendor/symfony/console/Application.php(324): Symfony\\Component\\Console\\Application->doRunCommand()\n#17 /home/louqmane/Bureau/kataSaveBackend/vendor/symfony/console/Application.php(175): Symfony\\Component\\Console\\Application->doRun()\n#18 /home/louqmane/Bureau/kataSaveBackend/vendor/laravel/framework/src/Illuminate/Foundation/Console/Kernel.php(201): Symfony\\Component\\Console\\Application->run()\n#19 /home/louqmane/Bureau/kataSaveBackend/artisan(35): Illuminate\\Foundation\\Console\\Kernel->handle()\n#20 {main}', '2024-10-09 08:45:13'),
(62, 'bb2dac71-c805-4dff-a5a2-0aac97b988cb', 'database', 'default', '{\"uuid\":\"bb2dac71-c805-4dff-a5a2-0aac97b988cb\",\"displayName\":\"App\\\\Jobs\\\\EndExamProcess\",\"job\":\"Illuminate\\\\Queue\\\\CallQueuedHandler@call\",\"maxTries\":null,\"maxExceptions\":null,\"failOnTimeout\":false,\"backoff\":null,\"timeout\":null,\"retryUntil\":null,\"data\":{\"commandName\":\"App\\\\Jobs\\\\EndExamProcess\",\"command\":\"O:23:\\\"App\\\\Jobs\\\\EndExamProcess\\\":2:{s:9:\\\"\\u0000*\\u0000examId\\\";i:62;s:10:\\\"\\u0000*\\u0000payload\\\";a:3:{i:18;a:5:{i:0;s:1:\\\"0\\\";i:1;s:1:\\\"0\\\";i:2;s:3:\\\"010\\\";i:3;s:7:\\\"failure\\\";i:4;i:12;}i:20;a:5:{i:0;s:1:\\\"0\\\";i:1;s:1:\\\"0\\\";i:2;s:1:\\\"0\\\";i:3;s:7:\\\"failure\\\";i:4;i:11;}i:22;a:5:{i:0;s:1:\\\"0\\\";i:1;s:1:\\\"0\\\";i:2;s:1:\\\"0\\\";i:3;s:7:\\\"failure\\\";i:4;i:12;}}}\"}}', 'Exception: Job is incomplete class: {\"__PHP_Incomplete_Class_Name\":\"App\\\\Jobs\\\\EndExamProcess\"} in /home/louqmane/Bureau/kataSaveBackend/vendor/laravel/framework/src/Illuminate/Queue/CallQueuedHandler.php:117\nStack trace:\n#0 /home/louqmane/Bureau/kataSaveBackend/vendor/laravel/framework/src/Illuminate/Queue/CallQueuedHandler.php(70): Illuminate\\Queue\\CallQueuedHandler->dispatchThroughMiddleware()\n#1 /home/louqmane/Bureau/kataSaveBackend/vendor/laravel/framework/src/Illuminate/Queue/Jobs/Job.php(102): Illuminate\\Queue\\CallQueuedHandler->call()\n#2 /home/louqmane/Bureau/kataSaveBackend/vendor/laravel/framework/src/Illuminate/Queue/Worker.php(439): Illuminate\\Queue\\Jobs\\Job->fire()\n#3 /home/louqmane/Bureau/kataSaveBackend/vendor/laravel/framework/src/Illuminate/Queue/Worker.php(389): Illuminate\\Queue\\Worker->process()\n#4 /home/louqmane/Bureau/kataSaveBackend/vendor/laravel/framework/src/Illuminate/Queue/Worker.php(176): Illuminate\\Queue\\Worker->runJob()\n#5 /home/louqmane/Bureau/kataSaveBackend/vendor/laravel/framework/src/Illuminate/Queue/Console/WorkCommand.php(137): Illuminate\\Queue\\Worker->daemon()\n#6 /home/louqmane/Bureau/kataSaveBackend/vendor/laravel/framework/src/Illuminate/Queue/Console/WorkCommand.php(120): Illuminate\\Queue\\Console\\WorkCommand->runWorker()\n#7 /home/louqmane/Bureau/kataSaveBackend/vendor/laravel/framework/src/Illuminate/Container/BoundMethod.php(36): Illuminate\\Queue\\Console\\WorkCommand->handle()\n#8 /home/louqmane/Bureau/kataSaveBackend/vendor/laravel/framework/src/Illuminate/Container/Util.php(41): Illuminate\\Container\\BoundMethod::Illuminate\\Container\\{closure}()\n#9 /home/louqmane/Bureau/kataSaveBackend/vendor/laravel/framework/src/Illuminate/Container/BoundMethod.php(93): Illuminate\\Container\\Util::unwrapIfClosure()\n#10 /home/louqmane/Bureau/kataSaveBackend/vendor/laravel/framework/src/Illuminate/Container/BoundMethod.php(35): Illuminate\\Container\\BoundMethod::callBoundMethod()\n#11 /home/louqmane/Bureau/kataSaveBackend/vendor/laravel/framework/src/Illuminate/Container/Container.php(662): Illuminate\\Container\\BoundMethod::call()\n#12 /home/louqmane/Bureau/kataSaveBackend/vendor/laravel/framework/src/Illuminate/Console/Command.php(211): Illuminate\\Container\\Container->call()\n#13 /home/louqmane/Bureau/kataSaveBackend/vendor/symfony/console/Command/Command.php(326): Illuminate\\Console\\Command->execute()\n#14 /home/louqmane/Bureau/kataSaveBackend/vendor/laravel/framework/src/Illuminate/Console/Command.php(180): Symfony\\Component\\Console\\Command\\Command->run()\n#15 /home/louqmane/Bureau/kataSaveBackend/vendor/symfony/console/Application.php(1096): Illuminate\\Console\\Command->run()\n#16 /home/louqmane/Bureau/kataSaveBackend/vendor/symfony/console/Application.php(324): Symfony\\Component\\Console\\Application->doRunCommand()\n#17 /home/louqmane/Bureau/kataSaveBackend/vendor/symfony/console/Application.php(175): Symfony\\Component\\Console\\Application->doRun()\n#18 /home/louqmane/Bureau/kataSaveBackend/vendor/laravel/framework/src/Illuminate/Foundation/Console/Kernel.php(201): Symfony\\Component\\Console\\Application->run()\n#19 /home/louqmane/Bureau/kataSaveBackend/artisan(35): Illuminate\\Foundation\\Console\\Kernel->handle()\n#20 {main}', '2024-10-09 08:46:22'),
(63, '782f2aae-f868-4a1b-9735-4b01e2d99209', 'database', 'default', '{\"uuid\":\"782f2aae-f868-4a1b-9735-4b01e2d99209\",\"displayName\":\"App\\\\Mail\\\\ConvocationSent\",\"job\":\"Illuminate\\\\Queue\\\\CallQueuedHandler@call\",\"maxTries\":null,\"maxExceptions\":null,\"failOnTimeout\":false,\"backoff\":null,\"timeout\":null,\"retryUntil\":null,\"data\":{\"commandName\":\"Illuminate\\\\Mail\\\\SendQueuedMailable\",\"command\":\"O:34:\\\"Illuminate\\\\Mail\\\\SendQueuedMailable\\\":15:{s:8:\\\"mailable\\\";O:24:\\\"App\\\\Mail\\\\ConvocationSent\\\":5:{s:4:\\\"user\\\";O:45:\\\"Illuminate\\\\Contracts\\\\Database\\\\ModelIdentifier\\\":5:{s:5:\\\"class\\\";s:15:\\\"App\\\\Models\\\\User\\\";s:2:\\\"id\\\";i:18;s:9:\\\"relations\\\";a:0:{}s:10:\\\"connection\\\";s:5:\\\"mysql\\\";s:15:\\\"collectionClass\\\";N;}s:8:\\\"filename\\\";s:33:\\\"convocation_Badouri1728468260.pdf\\\";s:7:\\\"gradeId\\\";s:2:\\\"12\\\";s:2:\\\"to\\\";a:1:{i:0;a:2:{s:4:\\\"name\\\";N;s:7:\\\"address\\\";s:23:\\\"badraChamange@gmail.com\\\";}}s:6:\\\"mailer\\\";s:4:\\\"smtp\\\";}s:5:\\\"tries\\\";N;s:7:\\\"timeout\\\";N;s:13:\\\"maxExceptions\\\";N;s:17:\\\"shouldBeEncrypted\\\";b:0;s:10:\\\"connection\\\";N;s:5:\\\"queue\\\";N;s:15:\\\"chainConnection\\\";N;s:10:\\\"chainQueue\\\";N;s:19:\\\"chainCatchCallbacks\\\";N;s:5:\\\"delay\\\";N;s:11:\\\"afterCommit\\\";N;s:10:\\\"middleware\\\";a:0:{}s:7:\\\"chained\\\";a:0:{}s:3:\\\"job\\\";N;}\"}}', 'Illuminate\\Queue\\TimeoutExceededException: App\\Mail\\ConvocationSent has timed out. in /home/louqmane/Bureau/kataSaveBackend/vendor/laravel/framework/src/Illuminate/Queue/TimeoutExceededException.php:15\nStack trace:\n#0 /home/louqmane/Bureau/kataSaveBackend/vendor/laravel/framework/src/Illuminate/Queue/Worker.php(796): Illuminate\\Queue\\TimeoutExceededException::forJob()\n#1 /home/louqmane/Bureau/kataSaveBackend/vendor/laravel/framework/src/Illuminate/Queue/Worker.php(217): Illuminate\\Queue\\Worker->timeoutExceededException()\n#2 /home/louqmane/Bureau/kataSaveBackend/vendor/symfony/mailer/Transport/Smtp/Stream/AbstractStream.php(81): Illuminate\\Queue\\Worker->Illuminate\\Queue\\{closure}()\n#3 /home/louqmane/Bureau/kataSaveBackend/vendor/symfony/mailer/Transport/Smtp/SmtpTransport.php(346): Symfony\\Component\\Mailer\\Transport\\Smtp\\Stream\\AbstractStream->readLine()\n#4 /home/louqmane/Bureau/kataSaveBackend/vendor/symfony/mailer/Transport/Smtp/SmtpTransport.php(196): Symfony\\Component\\Mailer\\Transport\\Smtp\\SmtpTransport->getFullResponse()\n#5 /home/louqmane/Bureau/kataSaveBackend/vendor/symfony/mailer/Transport/Smtp/EsmtpTransport.php(118): Symfony\\Component\\Mailer\\Transport\\Smtp\\SmtpTransport->executeCommand()\n#6 /home/louqmane/Bureau/kataSaveBackend/vendor/symfony/mailer/Transport/Smtp/SmtpTransport.php(316): Symfony\\Component\\Mailer\\Transport\\Smtp\\EsmtpTransport->executeCommand()\n#7 /home/louqmane/Bureau/kataSaveBackend/vendor/symfony/mailer/Transport/Smtp/SmtpTransport.php(205): Symfony\\Component\\Mailer\\Transport\\Smtp\\SmtpTransport->ping()\n#8 /home/louqmane/Bureau/kataSaveBackend/vendor/symfony/mailer/Transport/AbstractTransport.php(69): Symfony\\Component\\Mailer\\Transport\\Smtp\\SmtpTransport->doSend()\n#9 /home/louqmane/Bureau/kataSaveBackend/vendor/symfony/mailer/Transport/Smtp/SmtpTransport.php(137): Symfony\\Component\\Mailer\\Transport\\AbstractTransport->send()\n#10 /home/louqmane/Bureau/kataSaveBackend/vendor/laravel/framework/src/Illuminate/Mail/Mailer.php(573): Symfony\\Component\\Mailer\\Transport\\Smtp\\SmtpTransport->send()\n#11 /home/louqmane/Bureau/kataSaveBackend/vendor/laravel/framework/src/Illuminate/Mail/Mailer.php(335): Illuminate\\Mail\\Mailer->sendSymfonyMessage()\n#12 /home/louqmane/Bureau/kataSaveBackend/vendor/laravel/framework/src/Illuminate/Mail/Mailable.php(205): Illuminate\\Mail\\Mailer->send()\n#13 /home/louqmane/Bureau/kataSaveBackend/vendor/laravel/framework/src/Illuminate/Support/Traits/Localizable.php(19): Illuminate\\Mail\\Mailable->Illuminate\\Mail\\{closure}()\n#14 /home/louqmane/Bureau/kataSaveBackend/vendor/laravel/framework/src/Illuminate/Mail/Mailable.php(198): Illuminate\\Mail\\Mailable->withLocale()\n#15 /home/louqmane/Bureau/kataSaveBackend/vendor/laravel/framework/src/Illuminate/Mail/SendQueuedMailable.php(83): Illuminate\\Mail\\Mailable->send()\n#16 /home/louqmane/Bureau/kataSaveBackend/vendor/laravel/framework/src/Illuminate/Container/BoundMethod.php(36): Illuminate\\Mail\\SendQueuedMailable->handle()\n#17 /home/louqmane/Bureau/kataSaveBackend/vendor/laravel/framework/src/Illuminate/Container/Util.php(41): Illuminate\\Container\\BoundMethod::Illuminate\\Container\\{closure}()\n#18 /home/louqmane/Bureau/kataSaveBackend/vendor/laravel/framework/src/Illuminate/Container/BoundMethod.php(93): Illuminate\\Container\\Util::unwrapIfClosure()\n#19 /home/louqmane/Bureau/kataSaveBackend/vendor/laravel/framework/src/Illuminate/Container/BoundMethod.php(35): Illuminate\\Container\\BoundMethod::callBoundMethod()\n#20 /home/louqmane/Bureau/kataSaveBackend/vendor/laravel/framework/src/Illuminate/Container/Container.php(662): Illuminate\\Container\\BoundMethod::call()\n#21 /home/louqmane/Bureau/kataSaveBackend/vendor/laravel/framework/src/Illuminate/Bus/Dispatcher.php(128): Illuminate\\Container\\Container->call()\n#22 /home/louqmane/Bureau/kataSaveBackend/vendor/laravel/framework/src/Illuminate/Pipeline/Pipeline.php(144): Illuminate\\Bus\\Dispatcher->Illuminate\\Bus\\{closure}()\n#23 /home/louqmane/Bureau/kataSaveBackend/vendor/laravel/framework/src/Illuminate/Pipeline/Pipeline.php(119): Illuminate\\Pipeline\\Pipeline->Illuminate\\Pipeline\\{closure}()\n#24 /home/louqmane/Bureau/kataSaveBackend/vendor/laravel/framework/src/Illuminate/Bus/Dispatcher.php(132): Illuminate\\Pipeline\\Pipeline->then()\n#25 /home/louqmane/Bureau/kataSaveBackend/vendor/laravel/framework/src/Illuminate/Queue/CallQueuedHandler.php(123): Illuminate\\Bus\\Dispatcher->dispatchNow()\n#26 /home/louqmane/Bureau/kataSaveBackend/vendor/laravel/framework/src/Illuminate/Pipeline/Pipeline.php(144): Illuminate\\Queue\\CallQueuedHandler->Illuminate\\Queue\\{closure}()\n#27 /home/louqmane/Bureau/kataSaveBackend/vendor/laravel/framework/src/Illuminate/Pipeline/Pipeline.php(119): Illuminate\\Pipeline\\Pipeline->Illuminate\\Pipeline\\{closure}()\n#28 /home/louqmane/Bureau/kataSaveBackend/vendor/laravel/framework/src/Illuminate/Queue/CallQueuedHandler.php(122): Illuminate\\Pipeline\\Pipeline->then()\n#29 /home/louqmane/Bureau/kataSaveBackend/vendor/laravel/framework/src/Illuminate/Queue/CallQueuedHandler.php(70): Illuminate\\Queue\\CallQueuedHandler->dispatchThroughMiddleware()\n#30 /home/louqmane/Bureau/kataSaveBackend/vendor/laravel/framework/src/Illuminate/Queue/Jobs/Job.php(102): Illuminate\\Queue\\CallQueuedHandler->call()\n#31 /home/louqmane/Bureau/kataSaveBackend/vendor/laravel/framework/src/Illuminate/Queue/Worker.php(439): Illuminate\\Queue\\Jobs\\Job->fire()\n#32 /home/louqmane/Bureau/kataSaveBackend/vendor/laravel/framework/src/Illuminate/Queue/Worker.php(389): Illuminate\\Queue\\Worker->process()\n#33 /home/louqmane/Bureau/kataSaveBackend/vendor/laravel/framework/src/Illuminate/Queue/Worker.php(176): Illuminate\\Queue\\Worker->runJob()\n#34 /home/louqmane/Bureau/kataSaveBackend/vendor/laravel/framework/src/Illuminate/Queue/Console/WorkCommand.php(137): Illuminate\\Queue\\Worker->daemon()\n#35 /home/louqmane/Bureau/kataSaveBackend/vendor/laravel/framework/src/Illuminate/Queue/Console/WorkCommand.php(120): Illuminate\\Queue\\Console\\WorkCommand->runWorker()\n#36 /home/louqmane/Bureau/kataSaveBackend/vendor/laravel/framework/src/Illuminate/Container/BoundMethod.php(36): Illuminate\\Queue\\Console\\WorkCommand->handle()\n#37 /home/louqmane/Bureau/kataSaveBackend/vendor/laravel/framework/src/Illuminate/Container/Util.php(41): Illuminate\\Container\\BoundMethod::Illuminate\\Container\\{closure}()\n#38 /home/louqmane/Bureau/kataSaveBackend/vendor/laravel/framework/src/Illuminate/Container/BoundMethod.php(93): Illuminate\\Container\\Util::unwrapIfClosure()\n#39 /home/louqmane/Bureau/kataSaveBackend/vendor/laravel/framework/src/Illuminate/Container/BoundMethod.php(35): Illuminate\\Container\\BoundMethod::callBoundMethod()\n#40 /home/louqmane/Bureau/kataSaveBackend/vendor/laravel/framework/src/Illuminate/Container/Container.php(662): Illuminate\\Container\\BoundMethod::call()\n#41 /home/louqmane/Bureau/kataSaveBackend/vendor/laravel/framework/src/Illuminate/Console/Command.php(211): Illuminate\\Container\\Container->call()\n#42 /home/louqmane/Bureau/kataSaveBackend/vendor/symfony/console/Command/Command.php(326): Illuminate\\Console\\Command->execute()\n#43 /home/louqmane/Bureau/kataSaveBackend/vendor/laravel/framework/src/Illuminate/Console/Command.php(180): Symfony\\Component\\Console\\Command\\Command->run()\n#44 /home/louqmane/Bureau/kataSaveBackend/vendor/symfony/console/Application.php(1096): Illuminate\\Console\\Command->run()\n#45 /home/louqmane/Bureau/kataSaveBackend/vendor/symfony/console/Application.php(324): Symfony\\Component\\Console\\Application->doRunCommand()\n#46 /home/louqmane/Bureau/kataSaveBackend/vendor/symfony/console/Application.php(175): Symfony\\Component\\Console\\Application->doRun()\n#47 /home/louqmane/Bureau/kataSaveBackend/vendor/laravel/framework/src/Illuminate/Foundation/Console/Kernel.php(201): Symfony\\Component\\Console\\Application->run()\n#48 /home/louqmane/Bureau/kataSaveBackend/artisan(35): Illuminate\\Foundation\\Console\\Kernel->handle()\n#49 {main}', '2024-10-09 09:05:21'),
(64, 'c3e35cac-957a-4dd4-8493-6e272c37dfab', 'database', 'default', '{\"uuid\":\"c3e35cac-957a-4dd4-8493-6e272c37dfab\",\"displayName\":\"App\\\\Jobs\\\\ExamAchievementProcess\",\"job\":\"Illuminate\\\\Queue\\\\CallQueuedHandler@call\",\"maxTries\":null,\"maxExceptions\":null,\"failOnTimeout\":false,\"backoff\":null,\"timeout\":null,\"retryUntil\":null,\"data\":{\"commandName\":\"App\\\\Jobs\\\\ExamAchievementProcess\",\"command\":\"O:31:\\\"App\\\\Jobs\\\\ExamAchievementProcess\\\":0:{}\"}}', 'Illuminate\\Database\\Eloquent\\ModelNotFoundException: No query results for model [App\\Models\\Event]. in /home/louqmane/Bureau/kataSaveBackend/vendor/laravel/framework/src/Illuminate/Database/Eloquent/Builder.php:496\nStack trace:\n#0 /home/louqmane/Bureau/kataSaveBackend/vendor/laravel/framework/src/Illuminate/Support/Traits/ForwardsCalls.php(23): Illuminate\\Database\\Eloquent\\Builder->findOrFail()\n#1 /home/louqmane/Bureau/kataSaveBackend/vendor/laravel/framework/src/Illuminate/Database/Eloquent/Model.php(2334): Illuminate\\Database\\Eloquent\\Model->forwardCallTo()\n#2 /home/louqmane/Bureau/kataSaveBackend/vendor/laravel/framework/src/Illuminate/Database/Eloquent/Model.php(2346): Illuminate\\Database\\Eloquent\\Model->__call()\n#3 /home/louqmane/Bureau/kataSaveBackend/app/Jobs/ExamAchievementProcess.php(32): Illuminate\\Database\\Eloquent\\Model::__callStatic()\n#4 /home/louqmane/Bureau/kataSaveBackend/vendor/laravel/framework/src/Illuminate/Container/BoundMethod.php(36): App\\Jobs\\ExamAchievementProcess->handle()\n#5 /home/louqmane/Bureau/kataSaveBackend/vendor/laravel/framework/src/Illuminate/Container/Util.php(41): Illuminate\\Container\\BoundMethod::Illuminate\\Container\\{closure}()\n#6 /home/louqmane/Bureau/kataSaveBackend/vendor/laravel/framework/src/Illuminate/Container/BoundMethod.php(93): Illuminate\\Container\\Util::unwrapIfClosure()\n#7 /home/louqmane/Bureau/kataSaveBackend/vendor/laravel/framework/src/Illuminate/Container/BoundMethod.php(35): Illuminate\\Container\\BoundMethod::callBoundMethod()\n#8 /home/louqmane/Bureau/kataSaveBackend/vendor/laravel/framework/src/Illuminate/Container/Container.php(662): Illuminate\\Container\\BoundMethod::call()\n#9 /home/louqmane/Bureau/kataSaveBackend/vendor/laravel/framework/src/Illuminate/Bus/Dispatcher.php(128): Illuminate\\Container\\Container->call()\n#10 /home/louqmane/Bureau/kataSaveBackend/vendor/laravel/framework/src/Illuminate/Pipeline/Pipeline.php(144): Illuminate\\Bus\\Dispatcher->Illuminate\\Bus\\{closure}()\n#11 /home/louqmane/Bureau/kataSaveBackend/vendor/laravel/framework/src/Illuminate/Pipeline/Pipeline.php(119): Illuminate\\Pipeline\\Pipeline->Illuminate\\Pipeline\\{closure}()\n#12 /home/louqmane/Bureau/kataSaveBackend/vendor/laravel/framework/src/Illuminate/Bus/Dispatcher.php(132): Illuminate\\Pipeline\\Pipeline->then()\n#13 /home/louqmane/Bureau/kataSaveBackend/vendor/laravel/framework/src/Illuminate/Queue/CallQueuedHandler.php(123): Illuminate\\Bus\\Dispatcher->dispatchNow()\n#14 /home/louqmane/Bureau/kataSaveBackend/vendor/laravel/framework/src/Illuminate/Pipeline/Pipeline.php(144): Illuminate\\Queue\\CallQueuedHandler->Illuminate\\Queue\\{closure}()\n#15 /home/louqmane/Bureau/kataSaveBackend/vendor/laravel/framework/src/Illuminate/Pipeline/Pipeline.php(119): Illuminate\\Pipeline\\Pipeline->Illuminate\\Pipeline\\{closure}()\n#16 /home/louqmane/Bureau/kataSaveBackend/vendor/laravel/framework/src/Illuminate/Queue/CallQueuedHandler.php(122): Illuminate\\Pipeline\\Pipeline->then()\n#17 /home/louqmane/Bureau/kataSaveBackend/vendor/laravel/framework/src/Illuminate/Queue/CallQueuedHandler.php(70): Illuminate\\Queue\\CallQueuedHandler->dispatchThroughMiddleware()\n#18 /home/louqmane/Bureau/kataSaveBackend/vendor/laravel/framework/src/Illuminate/Queue/Jobs/Job.php(102): Illuminate\\Queue\\CallQueuedHandler->call()\n#19 /home/louqmane/Bureau/kataSaveBackend/vendor/laravel/framework/src/Illuminate/Queue/Worker.php(439): Illuminate\\Queue\\Jobs\\Job->fire()\n#20 /home/louqmane/Bureau/kataSaveBackend/vendor/laravel/framework/src/Illuminate/Queue/Worker.php(389): Illuminate\\Queue\\Worker->process()\n#21 /home/louqmane/Bureau/kataSaveBackend/vendor/laravel/framework/src/Illuminate/Queue/Worker.php(176): Illuminate\\Queue\\Worker->runJob()\n#22 /home/louqmane/Bureau/kataSaveBackend/vendor/laravel/framework/src/Illuminate/Queue/Console/WorkCommand.php(137): Illuminate\\Queue\\Worker->daemon()\n#23 /home/louqmane/Bureau/kataSaveBackend/vendor/laravel/framework/src/Illuminate/Queue/Console/WorkCommand.php(120): Illuminate\\Queue\\Console\\WorkCommand->runWorker()\n#24 /home/louqmane/Bureau/kataSaveBackend/vendor/laravel/framework/src/Illuminate/Container/BoundMethod.php(36): Illuminate\\Queue\\Console\\WorkCommand->handle()\n#25 /home/louqmane/Bureau/kataSaveBackend/vendor/laravel/framework/src/Illuminate/Container/Util.php(41): Illuminate\\Container\\BoundMethod::Illuminate\\Container\\{closure}()\n#26 /home/louqmane/Bureau/kataSaveBackend/vendor/laravel/framework/src/Illuminate/Container/BoundMethod.php(93): Illuminate\\Container\\Util::unwrapIfClosure()\n#27 /home/louqmane/Bureau/kataSaveBackend/vendor/laravel/framework/src/Illuminate/Container/BoundMethod.php(35): Illuminate\\Container\\BoundMethod::callBoundMethod()\n#28 /home/louqmane/Bureau/kataSaveBackend/vendor/laravel/framework/src/Illuminate/Container/Container.php(662): Illuminate\\Container\\BoundMethod::call()\n#29 /home/louqmane/Bureau/kataSaveBackend/vendor/laravel/framework/src/Illuminate/Console/Command.php(211): Illuminate\\Container\\Container->call()\n#30 /home/louqmane/Bureau/kataSaveBackend/vendor/symfony/console/Command/Command.php(326): Illuminate\\Console\\Command->execute()\n#31 /home/louqmane/Bureau/kataSaveBackend/vendor/laravel/framework/src/Illuminate/Console/Command.php(180): Symfony\\Component\\Console\\Command\\Command->run()\n#32 /home/louqmane/Bureau/kataSaveBackend/vendor/symfony/console/Application.php(1096): Illuminate\\Console\\Command->run()\n#33 /home/louqmane/Bureau/kataSaveBackend/vendor/symfony/console/Application.php(324): Symfony\\Component\\Console\\Application->doRunCommand()\n#34 /home/louqmane/Bureau/kataSaveBackend/vendor/symfony/console/Application.php(175): Symfony\\Component\\Console\\Application->doRun()\n#35 /home/louqmane/Bureau/kataSaveBackend/vendor/laravel/framework/src/Illuminate/Foundation/Console/Kernel.php(201): Symfony\\Component\\Console\\Application->run()\n#36 /home/louqmane/Bureau/kataSaveBackend/artisan(35): Illuminate\\Foundation\\Console\\Kernel->handle()\n#37 {main}', '2024-10-09 09:51:01');
INSERT INTO `failed_jobs` (`id`, `uuid`, `connection`, `queue`, `payload`, `exception`, `failed_at`) VALUES
(65, 'ab2a54eb-0f81-444c-83a6-5c57ce8a1305', 'database', 'default', '{\"uuid\":\"ab2a54eb-0f81-444c-83a6-5c57ce8a1305\",\"displayName\":\"App\\\\Jobs\\\\ExamAchievementProcess\",\"job\":\"Illuminate\\\\Queue\\\\CallQueuedHandler@call\",\"maxTries\":null,\"maxExceptions\":null,\"failOnTimeout\":false,\"backoff\":null,\"timeout\":null,\"retryUntil\":null,\"data\":{\"commandName\":\"App\\\\Jobs\\\\ExamAchievementProcess\",\"command\":\"O:31:\\\"App\\\\Jobs\\\\ExamAchievementProcess\\\":0:{}\"}}', 'Illuminate\\Database\\Eloquent\\ModelNotFoundException: No query results for model [App\\Models\\Event]. in /home/louqmane/Bureau/kataSaveBackend/vendor/laravel/framework/src/Illuminate/Database/Eloquent/Builder.php:496\nStack trace:\n#0 /home/louqmane/Bureau/kataSaveBackend/vendor/laravel/framework/src/Illuminate/Support/Traits/ForwardsCalls.php(23): Illuminate\\Database\\Eloquent\\Builder->findOrFail()\n#1 /home/louqmane/Bureau/kataSaveBackend/vendor/laravel/framework/src/Illuminate/Database/Eloquent/Model.php(2334): Illuminate\\Database\\Eloquent\\Model->forwardCallTo()\n#2 /home/louqmane/Bureau/kataSaveBackend/vendor/laravel/framework/src/Illuminate/Database/Eloquent/Model.php(2346): Illuminate\\Database\\Eloquent\\Model->__call()\n#3 /home/louqmane/Bureau/kataSaveBackend/app/Jobs/ExamAchievementProcess.php(32): Illuminate\\Database\\Eloquent\\Model::__callStatic()\n#4 /home/louqmane/Bureau/kataSaveBackend/vendor/laravel/framework/src/Illuminate/Container/BoundMethod.php(36): App\\Jobs\\ExamAchievementProcess->handle()\n#5 /home/louqmane/Bureau/kataSaveBackend/vendor/laravel/framework/src/Illuminate/Container/Util.php(41): Illuminate\\Container\\BoundMethod::Illuminate\\Container\\{closure}()\n#6 /home/louqmane/Bureau/kataSaveBackend/vendor/laravel/framework/src/Illuminate/Container/BoundMethod.php(93): Illuminate\\Container\\Util::unwrapIfClosure()\n#7 /home/louqmane/Bureau/kataSaveBackend/vendor/laravel/framework/src/Illuminate/Container/BoundMethod.php(35): Illuminate\\Container\\BoundMethod::callBoundMethod()\n#8 /home/louqmane/Bureau/kataSaveBackend/vendor/laravel/framework/src/Illuminate/Container/Container.php(662): Illuminate\\Container\\BoundMethod::call()\n#9 /home/louqmane/Bureau/kataSaveBackend/vendor/laravel/framework/src/Illuminate/Bus/Dispatcher.php(128): Illuminate\\Container\\Container->call()\n#10 /home/louqmane/Bureau/kataSaveBackend/vendor/laravel/framework/src/Illuminate/Pipeline/Pipeline.php(144): Illuminate\\Bus\\Dispatcher->Illuminate\\Bus\\{closure}()\n#11 /home/louqmane/Bureau/kataSaveBackend/vendor/laravel/framework/src/Illuminate/Pipeline/Pipeline.php(119): Illuminate\\Pipeline\\Pipeline->Illuminate\\Pipeline\\{closure}()\n#12 /home/louqmane/Bureau/kataSaveBackend/vendor/laravel/framework/src/Illuminate/Bus/Dispatcher.php(132): Illuminate\\Pipeline\\Pipeline->then()\n#13 /home/louqmane/Bureau/kataSaveBackend/vendor/laravel/framework/src/Illuminate/Queue/CallQueuedHandler.php(123): Illuminate\\Bus\\Dispatcher->dispatchNow()\n#14 /home/louqmane/Bureau/kataSaveBackend/vendor/laravel/framework/src/Illuminate/Pipeline/Pipeline.php(144): Illuminate\\Queue\\CallQueuedHandler->Illuminate\\Queue\\{closure}()\n#15 /home/louqmane/Bureau/kataSaveBackend/vendor/laravel/framework/src/Illuminate/Pipeline/Pipeline.php(119): Illuminate\\Pipeline\\Pipeline->Illuminate\\Pipeline\\{closure}()\n#16 /home/louqmane/Bureau/kataSaveBackend/vendor/laravel/framework/src/Illuminate/Queue/CallQueuedHandler.php(122): Illuminate\\Pipeline\\Pipeline->then()\n#17 /home/louqmane/Bureau/kataSaveBackend/vendor/laravel/framework/src/Illuminate/Queue/CallQueuedHandler.php(70): Illuminate\\Queue\\CallQueuedHandler->dispatchThroughMiddleware()\n#18 /home/louqmane/Bureau/kataSaveBackend/vendor/laravel/framework/src/Illuminate/Queue/Jobs/Job.php(102): Illuminate\\Queue\\CallQueuedHandler->call()\n#19 /home/louqmane/Bureau/kataSaveBackend/vendor/laravel/framework/src/Illuminate/Queue/Worker.php(439): Illuminate\\Queue\\Jobs\\Job->fire()\n#20 /home/louqmane/Bureau/kataSaveBackend/vendor/laravel/framework/src/Illuminate/Queue/Worker.php(389): Illuminate\\Queue\\Worker->process()\n#21 /home/louqmane/Bureau/kataSaveBackend/vendor/laravel/framework/src/Illuminate/Queue/Worker.php(176): Illuminate\\Queue\\Worker->runJob()\n#22 /home/louqmane/Bureau/kataSaveBackend/vendor/laravel/framework/src/Illuminate/Queue/Console/WorkCommand.php(137): Illuminate\\Queue\\Worker->daemon()\n#23 /home/louqmane/Bureau/kataSaveBackend/vendor/laravel/framework/src/Illuminate/Queue/Console/WorkCommand.php(120): Illuminate\\Queue\\Console\\WorkCommand->runWorker()\n#24 /home/louqmane/Bureau/kataSaveBackend/vendor/laravel/framework/src/Illuminate/Container/BoundMethod.php(36): Illuminate\\Queue\\Console\\WorkCommand->handle()\n#25 /home/louqmane/Bureau/kataSaveBackend/vendor/laravel/framework/src/Illuminate/Container/Util.php(41): Illuminate\\Container\\BoundMethod::Illuminate\\Container\\{closure}()\n#26 /home/louqmane/Bureau/kataSaveBackend/vendor/laravel/framework/src/Illuminate/Container/BoundMethod.php(93): Illuminate\\Container\\Util::unwrapIfClosure()\n#27 /home/louqmane/Bureau/kataSaveBackend/vendor/laravel/framework/src/Illuminate/Container/BoundMethod.php(35): Illuminate\\Container\\BoundMethod::callBoundMethod()\n#28 /home/louqmane/Bureau/kataSaveBackend/vendor/laravel/framework/src/Illuminate/Container/Container.php(662): Illuminate\\Container\\BoundMethod::call()\n#29 /home/louqmane/Bureau/kataSaveBackend/vendor/laravel/framework/src/Illuminate/Console/Command.php(211): Illuminate\\Container\\Container->call()\n#30 /home/louqmane/Bureau/kataSaveBackend/vendor/symfony/console/Command/Command.php(326): Illuminate\\Console\\Command->execute()\n#31 /home/louqmane/Bureau/kataSaveBackend/vendor/laravel/framework/src/Illuminate/Console/Command.php(180): Symfony\\Component\\Console\\Command\\Command->run()\n#32 /home/louqmane/Bureau/kataSaveBackend/vendor/symfony/console/Application.php(1096): Illuminate\\Console\\Command->run()\n#33 /home/louqmane/Bureau/kataSaveBackend/vendor/symfony/console/Application.php(324): Symfony\\Component\\Console\\Application->doRunCommand()\n#34 /home/louqmane/Bureau/kataSaveBackend/vendor/symfony/console/Application.php(175): Symfony\\Component\\Console\\Application->doRun()\n#35 /home/louqmane/Bureau/kataSaveBackend/vendor/laravel/framework/src/Illuminate/Foundation/Console/Kernel.php(201): Symfony\\Component\\Console\\Application->run()\n#36 /home/louqmane/Bureau/kataSaveBackend/artisan(35): Illuminate\\Foundation\\Console\\Kernel->handle()\n#37 {main}', '2024-10-09 09:55:20'),
(66, 'c2b13243-90b0-4f69-ba0e-e3570632b97e', 'database', 'default', '{\"uuid\":\"c2b13243-90b0-4f69-ba0e-e3570632b97e\",\"displayName\":\"App\\\\Mail\\\\AccountConfirmationSent\",\"job\":\"Illuminate\\\\Queue\\\\CallQueuedHandler@call\",\"maxTries\":null,\"maxExceptions\":null,\"failOnTimeout\":false,\"backoff\":null,\"timeout\":null,\"retryUntil\":null,\"data\":{\"commandName\":\"Illuminate\\\\Mail\\\\SendQueuedMailable\",\"command\":\"O:34:\\\"Illuminate\\\\Mail\\\\SendQueuedMailable\\\":15:{s:8:\\\"mailable\\\";O:32:\\\"App\\\\Mail\\\\AccountConfirmationSent\\\":5:{s:8:\\\"username\\\";s:10:\\\"Henry  Gad\\\";s:8:\\\"usermail\\\";s:18:\\\"currygad@gmail.com\\\";s:8:\\\"password\\\";s:8:\\\":S|g!su0\\\";s:2:\\\"to\\\";a:1:{i:0;a:2:{s:4:\\\"name\\\";N;s:7:\\\"address\\\";s:18:\\\"currygad@gmail.com\\\";}}s:6:\\\"mailer\\\";s:4:\\\"smtp\\\";}s:5:\\\"tries\\\";N;s:7:\\\"timeout\\\";N;s:13:\\\"maxExceptions\\\";N;s:17:\\\"shouldBeEncrypted\\\";b:0;s:10:\\\"connection\\\";N;s:5:\\\"queue\\\";N;s:15:\\\"chainConnection\\\";N;s:10:\\\"chainQueue\\\";N;s:19:\\\"chainCatchCallbacks\\\";N;s:5:\\\"delay\\\";N;s:11:\\\"afterCommit\\\";N;s:10:\\\"middleware\\\";a:0:{}s:7:\\\"chained\\\";a:0:{}s:3:\\\"job\\\";N;}\"}}', 'Symfony\\Component\\Mailer\\Exception\\TransportException: Failed to authenticate on SMTP server with username \"20897ff04a21ee\" using the following authenticators: \"CRAM-MD5\", \"LOGIN\", \"PLAIN\". Authenticator \"CRAM-MD5\" returned \"Expected response code \"235\" but got empty code.\". Authenticator \"LOGIN\" returned \"Expected response code \"334\" but got empty code.\". Authenticator \"PLAIN\" returned \"Expected response code \"235\" but got empty code.\". in /home/louqmane/Bureau/kataSaveBackend/vendor/symfony/mailer/Transport/Smtp/EsmtpTransport.php:226\nStack trace:\n#0 /home/louqmane/Bureau/kataSaveBackend/vendor/symfony/mailer/Transport/Smtp/EsmtpTransport.php(161): Symfony\\Component\\Mailer\\Transport\\Smtp\\EsmtpTransport->handleAuth()\n#1 /home/louqmane/Bureau/kataSaveBackend/vendor/symfony/mailer/Transport/Smtp/EsmtpTransport.php(118): Symfony\\Component\\Mailer\\Transport\\Smtp\\EsmtpTransport->doEhloCommand()\n#2 /home/louqmane/Bureau/kataSaveBackend/vendor/symfony/mailer/Transport/Smtp/SmtpTransport.php(254): Symfony\\Component\\Mailer\\Transport\\Smtp\\EsmtpTransport->executeCommand()\n#3 /home/louqmane/Bureau/kataSaveBackend/vendor/symfony/mailer/Transport/Smtp/SmtpTransport.php(277): Symfony\\Component\\Mailer\\Transport\\Smtp\\SmtpTransport->doHeloCommand()\n#4 /home/louqmane/Bureau/kataSaveBackend/vendor/symfony/mailer/Transport/Smtp/SmtpTransport.php(209): Symfony\\Component\\Mailer\\Transport\\Smtp\\SmtpTransport->start()\n#5 /home/louqmane/Bureau/kataSaveBackend/vendor/symfony/mailer/Transport/AbstractTransport.php(69): Symfony\\Component\\Mailer\\Transport\\Smtp\\SmtpTransport->doSend()\n#6 /home/louqmane/Bureau/kataSaveBackend/vendor/symfony/mailer/Transport/Smtp/SmtpTransport.php(137): Symfony\\Component\\Mailer\\Transport\\AbstractTransport->send()\n#7 /home/louqmane/Bureau/kataSaveBackend/vendor/laravel/framework/src/Illuminate/Mail/Mailer.php(573): Symfony\\Component\\Mailer\\Transport\\Smtp\\SmtpTransport->send()\n#8 /home/louqmane/Bureau/kataSaveBackend/vendor/laravel/framework/src/Illuminate/Mail/Mailer.php(335): Illuminate\\Mail\\Mailer->sendSymfonyMessage()\n#9 /home/louqmane/Bureau/kataSaveBackend/vendor/laravel/framework/src/Illuminate/Mail/Mailable.php(205): Illuminate\\Mail\\Mailer->send()\n#10 /home/louqmane/Bureau/kataSaveBackend/vendor/laravel/framework/src/Illuminate/Support/Traits/Localizable.php(19): Illuminate\\Mail\\Mailable->Illuminate\\Mail\\{closure}()\n#11 /home/louqmane/Bureau/kataSaveBackend/vendor/laravel/framework/src/Illuminate/Mail/Mailable.php(198): Illuminate\\Mail\\Mailable->withLocale()\n#12 /home/louqmane/Bureau/kataSaveBackend/vendor/laravel/framework/src/Illuminate/Mail/SendQueuedMailable.php(83): Illuminate\\Mail\\Mailable->send()\n#13 /home/louqmane/Bureau/kataSaveBackend/vendor/laravel/framework/src/Illuminate/Container/BoundMethod.php(36): Illuminate\\Mail\\SendQueuedMailable->handle()\n#14 /home/louqmane/Bureau/kataSaveBackend/vendor/laravel/framework/src/Illuminate/Container/Util.php(41): Illuminate\\Container\\BoundMethod::Illuminate\\Container\\{closure}()\n#15 /home/louqmane/Bureau/kataSaveBackend/vendor/laravel/framework/src/Illuminate/Container/BoundMethod.php(93): Illuminate\\Container\\Util::unwrapIfClosure()\n#16 /home/louqmane/Bureau/kataSaveBackend/vendor/laravel/framework/src/Illuminate/Container/BoundMethod.php(35): Illuminate\\Container\\BoundMethod::callBoundMethod()\n#17 /home/louqmane/Bureau/kataSaveBackend/vendor/laravel/framework/src/Illuminate/Container/Container.php(662): Illuminate\\Container\\BoundMethod::call()\n#18 /home/louqmane/Bureau/kataSaveBackend/vendor/laravel/framework/src/Illuminate/Bus/Dispatcher.php(128): Illuminate\\Container\\Container->call()\n#19 /home/louqmane/Bureau/kataSaveBackend/vendor/laravel/framework/src/Illuminate/Pipeline/Pipeline.php(144): Illuminate\\Bus\\Dispatcher->Illuminate\\Bus\\{closure}()\n#20 /home/louqmane/Bureau/kataSaveBackend/vendor/laravel/framework/src/Illuminate/Pipeline/Pipeline.php(119): Illuminate\\Pipeline\\Pipeline->Illuminate\\Pipeline\\{closure}()\n#21 /home/louqmane/Bureau/kataSaveBackend/vendor/laravel/framework/src/Illuminate/Bus/Dispatcher.php(132): Illuminate\\Pipeline\\Pipeline->then()\n#22 /home/louqmane/Bureau/kataSaveBackend/vendor/laravel/framework/src/Illuminate/Queue/CallQueuedHandler.php(123): Illuminate\\Bus\\Dispatcher->dispatchNow()\n#23 /home/louqmane/Bureau/kataSaveBackend/vendor/laravel/framework/src/Illuminate/Pipeline/Pipeline.php(144): Illuminate\\Queue\\CallQueuedHandler->Illuminate\\Queue\\{closure}()\n#24 /home/louqmane/Bureau/kataSaveBackend/vendor/laravel/framework/src/Illuminate/Pipeline/Pipeline.php(119): Illuminate\\Pipeline\\Pipeline->Illuminate\\Pipeline\\{closure}()\n#25 /home/louqmane/Bureau/kataSaveBackend/vendor/laravel/framework/src/Illuminate/Queue/CallQueuedHandler.php(122): Illuminate\\Pipeline\\Pipeline->then()\n#26 /home/louqmane/Bureau/kataSaveBackend/vendor/laravel/framework/src/Illuminate/Queue/CallQueuedHandler.php(70): Illuminate\\Queue\\CallQueuedHandler->dispatchThroughMiddleware()\n#27 /home/louqmane/Bureau/kataSaveBackend/vendor/laravel/framework/src/Illuminate/Queue/Jobs/Job.php(102): Illuminate\\Queue\\CallQueuedHandler->call()\n#28 /home/louqmane/Bureau/kataSaveBackend/vendor/laravel/framework/src/Illuminate/Queue/Worker.php(439): Illuminate\\Queue\\Jobs\\Job->fire()\n#29 /home/louqmane/Bureau/kataSaveBackend/vendor/laravel/framework/src/Illuminate/Queue/Worker.php(389): Illuminate\\Queue\\Worker->process()\n#30 /home/louqmane/Bureau/kataSaveBackend/vendor/laravel/framework/src/Illuminate/Queue/Worker.php(176): Illuminate\\Queue\\Worker->runJob()\n#31 /home/louqmane/Bureau/kataSaveBackend/vendor/laravel/framework/src/Illuminate/Queue/Console/WorkCommand.php(137): Illuminate\\Queue\\Worker->daemon()\n#32 /home/louqmane/Bureau/kataSaveBackend/vendor/laravel/framework/src/Illuminate/Queue/Console/WorkCommand.php(120): Illuminate\\Queue\\Console\\WorkCommand->runWorker()\n#33 /home/louqmane/Bureau/kataSaveBackend/vendor/laravel/framework/src/Illuminate/Container/BoundMethod.php(36): Illuminate\\Queue\\Console\\WorkCommand->handle()\n#34 /home/louqmane/Bureau/kataSaveBackend/vendor/laravel/framework/src/Illuminate/Container/Util.php(41): Illuminate\\Container\\BoundMethod::Illuminate\\Container\\{closure}()\n#35 /home/louqmane/Bureau/kataSaveBackend/vendor/laravel/framework/src/Illuminate/Container/BoundMethod.php(93): Illuminate\\Container\\Util::unwrapIfClosure()\n#36 /home/louqmane/Bureau/kataSaveBackend/vendor/laravel/framework/src/Illuminate/Container/BoundMethod.php(35): Illuminate\\Container\\BoundMethod::callBoundMethod()\n#37 /home/louqmane/Bureau/kataSaveBackend/vendor/laravel/framework/src/Illuminate/Container/Container.php(662): Illuminate\\Container\\BoundMethod::call()\n#38 /home/louqmane/Bureau/kataSaveBackend/vendor/laravel/framework/src/Illuminate/Console/Command.php(211): Illuminate\\Container\\Container->call()\n#39 /home/louqmane/Bureau/kataSaveBackend/vendor/symfony/console/Command/Command.php(326): Illuminate\\Console\\Command->execute()\n#40 /home/louqmane/Bureau/kataSaveBackend/vendor/laravel/framework/src/Illuminate/Console/Command.php(180): Symfony\\Component\\Console\\Command\\Command->run()\n#41 /home/louqmane/Bureau/kataSaveBackend/vendor/symfony/console/Application.php(1096): Illuminate\\Console\\Command->run()\n#42 /home/louqmane/Bureau/kataSaveBackend/vendor/symfony/console/Application.php(324): Symfony\\Component\\Console\\Application->doRunCommand()\n#43 /home/louqmane/Bureau/kataSaveBackend/vendor/symfony/console/Application.php(175): Symfony\\Component\\Console\\Application->doRun()\n#44 /home/louqmane/Bureau/kataSaveBackend/vendor/laravel/framework/src/Illuminate/Foundation/Console/Kernel.php(201): Symfony\\Component\\Console\\Application->run()\n#45 /home/louqmane/Bureau/kataSaveBackend/artisan(35): Illuminate\\Foundation\\Console\\Kernel->handle()\n#46 {main}', '2024-10-13 09:03:28'),
(67, '4bdb787b-950d-446b-b953-259d0b03485a', 'database', 'default', '{\"uuid\":\"4bdb787b-950d-446b-b953-259d0b03485a\",\"displayName\":\"App\\\\Mail\\\\ConvocationSent\",\"job\":\"Illuminate\\\\Queue\\\\CallQueuedHandler@call\",\"maxTries\":null,\"maxExceptions\":null,\"failOnTimeout\":false,\"backoff\":null,\"timeout\":null,\"retryUntil\":null,\"data\":{\"commandName\":\"Illuminate\\\\Mail\\\\SendQueuedMailable\",\"command\":\"O:34:\\\"Illuminate\\\\Mail\\\\SendQueuedMailable\\\":15:{s:8:\\\"mailable\\\";O:24:\\\"App\\\\Mail\\\\ConvocationSent\\\":5:{s:4:\\\"user\\\";O:45:\\\"Illuminate\\\\Contracts\\\\Database\\\\ModelIdentifier\\\":5:{s:5:\\\"class\\\";s:15:\\\"App\\\\Models\\\\User\\\";s:2:\\\"id\\\";i:25;s:9:\\\"relations\\\";a:0:{}s:10:\\\"connection\\\";s:5:\\\"mysql\\\";s:15:\\\"collectionClass\\\";N;}s:8:\\\"filename\\\";s:31:\\\"convocation_Henry1728813808.pdf\\\";s:7:\\\"gradeId\\\";s:2:\\\"12\\\";s:2:\\\"to\\\";a:1:{i:0;a:2:{s:4:\\\"name\\\";N;s:7:\\\"address\\\";s:18:\\\"currygad@gmail.com\\\";}}s:6:\\\"mailer\\\";s:4:\\\"smtp\\\";}s:5:\\\"tries\\\";N;s:7:\\\"timeout\\\";N;s:13:\\\"maxExceptions\\\";N;s:17:\\\"shouldBeEncrypted\\\";b:0;s:10:\\\"connection\\\";N;s:5:\\\"queue\\\";N;s:15:\\\"chainConnection\\\";N;s:10:\\\"chainQueue\\\";N;s:19:\\\"chainCatchCallbacks\\\";N;s:5:\\\"delay\\\";N;s:11:\\\"afterCommit\\\";N;s:10:\\\"middleware\\\";a:0:{}s:7:\\\"chained\\\";a:0:{}s:3:\\\"job\\\";N;}\"}}', 'Symfony\\Component\\Mailer\\Exception\\UnexpectedResponseException: Expected response code \"250\" but got empty code. in /home/louqmane/Bureau/kataSaveBackend/vendor/symfony/mailer/Transport/Smtp/SmtpTransport.php:338\nStack trace:\n#0 /home/louqmane/Bureau/kataSaveBackend/vendor/symfony/mailer/Transport/Smtp/SmtpTransport.php(197): Symfony\\Component\\Mailer\\Transport\\Smtp\\SmtpTransport->assertResponseCode()\n#1 /home/louqmane/Bureau/kataSaveBackend/vendor/symfony/mailer/Transport/Smtp/EsmtpTransport.php(118): Symfony\\Component\\Mailer\\Transport\\Smtp\\SmtpTransport->executeCommand()\n#2 /home/louqmane/Bureau/kataSaveBackend/vendor/symfony/mailer/Transport/Smtp/EsmtpTransport.php(156): Symfony\\Component\\Mailer\\Transport\\Smtp\\EsmtpTransport->executeCommand()\n#3 /home/louqmane/Bureau/kataSaveBackend/vendor/symfony/mailer/Transport/Smtp/EsmtpTransport.php(118): Symfony\\Component\\Mailer\\Transport\\Smtp\\EsmtpTransport->doEhloCommand()\n#4 /home/louqmane/Bureau/kataSaveBackend/vendor/symfony/mailer/Transport/Smtp/SmtpTransport.php(254): Symfony\\Component\\Mailer\\Transport\\Smtp\\EsmtpTransport->executeCommand()\n#5 /home/louqmane/Bureau/kataSaveBackend/vendor/symfony/mailer/Transport/Smtp/SmtpTransport.php(277): Symfony\\Component\\Mailer\\Transport\\Smtp\\SmtpTransport->doHeloCommand()\n#6 /home/louqmane/Bureau/kataSaveBackend/vendor/symfony/mailer/Transport/Smtp/SmtpTransport.php(209): Symfony\\Component\\Mailer\\Transport\\Smtp\\SmtpTransport->start()\n#7 /home/louqmane/Bureau/kataSaveBackend/vendor/symfony/mailer/Transport/AbstractTransport.php(69): Symfony\\Component\\Mailer\\Transport\\Smtp\\SmtpTransport->doSend()\n#8 /home/louqmane/Bureau/kataSaveBackend/vendor/symfony/mailer/Transport/Smtp/SmtpTransport.php(137): Symfony\\Component\\Mailer\\Transport\\AbstractTransport->send()\n#9 /home/louqmane/Bureau/kataSaveBackend/vendor/laravel/framework/src/Illuminate/Mail/Mailer.php(573): Symfony\\Component\\Mailer\\Transport\\Smtp\\SmtpTransport->send()\n#10 /home/louqmane/Bureau/kataSaveBackend/vendor/laravel/framework/src/Illuminate/Mail/Mailer.php(335): Illuminate\\Mail\\Mailer->sendSymfonyMessage()\n#11 /home/louqmane/Bureau/kataSaveBackend/vendor/laravel/framework/src/Illuminate/Mail/Mailable.php(205): Illuminate\\Mail\\Mailer->send()\n#12 /home/louqmane/Bureau/kataSaveBackend/vendor/laravel/framework/src/Illuminate/Support/Traits/Localizable.php(19): Illuminate\\Mail\\Mailable->Illuminate\\Mail\\{closure}()\n#13 /home/louqmane/Bureau/kataSaveBackend/vendor/laravel/framework/src/Illuminate/Mail/Mailable.php(198): Illuminate\\Mail\\Mailable->withLocale()\n#14 /home/louqmane/Bureau/kataSaveBackend/vendor/laravel/framework/src/Illuminate/Mail/SendQueuedMailable.php(83): Illuminate\\Mail\\Mailable->send()\n#15 /home/louqmane/Bureau/kataSaveBackend/vendor/laravel/framework/src/Illuminate/Container/BoundMethod.php(36): Illuminate\\Mail\\SendQueuedMailable->handle()\n#16 /home/louqmane/Bureau/kataSaveBackend/vendor/laravel/framework/src/Illuminate/Container/Util.php(41): Illuminate\\Container\\BoundMethod::Illuminate\\Container\\{closure}()\n#17 /home/louqmane/Bureau/kataSaveBackend/vendor/laravel/framework/src/Illuminate/Container/BoundMethod.php(93): Illuminate\\Container\\Util::unwrapIfClosure()\n#18 /home/louqmane/Bureau/kataSaveBackend/vendor/laravel/framework/src/Illuminate/Container/BoundMethod.php(35): Illuminate\\Container\\BoundMethod::callBoundMethod()\n#19 /home/louqmane/Bureau/kataSaveBackend/vendor/laravel/framework/src/Illuminate/Container/Container.php(662): Illuminate\\Container\\BoundMethod::call()\n#20 /home/louqmane/Bureau/kataSaveBackend/vendor/laravel/framework/src/Illuminate/Bus/Dispatcher.php(128): Illuminate\\Container\\Container->call()\n#21 /home/louqmane/Bureau/kataSaveBackend/vendor/laravel/framework/src/Illuminate/Pipeline/Pipeline.php(144): Illuminate\\Bus\\Dispatcher->Illuminate\\Bus\\{closure}()\n#22 /home/louqmane/Bureau/kataSaveBackend/vendor/laravel/framework/src/Illuminate/Pipeline/Pipeline.php(119): Illuminate\\Pipeline\\Pipeline->Illuminate\\Pipeline\\{closure}()\n#23 /home/louqmane/Bureau/kataSaveBackend/vendor/laravel/framework/src/Illuminate/Bus/Dispatcher.php(132): Illuminate\\Pipeline\\Pipeline->then()\n#24 /home/louqmane/Bureau/kataSaveBackend/vendor/laravel/framework/src/Illuminate/Queue/CallQueuedHandler.php(123): Illuminate\\Bus\\Dispatcher->dispatchNow()\n#25 /home/louqmane/Bureau/kataSaveBackend/vendor/laravel/framework/src/Illuminate/Pipeline/Pipeline.php(144): Illuminate\\Queue\\CallQueuedHandler->Illuminate\\Queue\\{closure}()\n#26 /home/louqmane/Bureau/kataSaveBackend/vendor/laravel/framework/src/Illuminate/Pipeline/Pipeline.php(119): Illuminate\\Pipeline\\Pipeline->Illuminate\\Pipeline\\{closure}()\n#27 /home/louqmane/Bureau/kataSaveBackend/vendor/laravel/framework/src/Illuminate/Queue/CallQueuedHandler.php(122): Illuminate\\Pipeline\\Pipeline->then()\n#28 /home/louqmane/Bureau/kataSaveBackend/vendor/laravel/framework/src/Illuminate/Queue/CallQueuedHandler.php(70): Illuminate\\Queue\\CallQueuedHandler->dispatchThroughMiddleware()\n#29 /home/louqmane/Bureau/kataSaveBackend/vendor/laravel/framework/src/Illuminate/Queue/Jobs/Job.php(102): Illuminate\\Queue\\CallQueuedHandler->call()\n#30 /home/louqmane/Bureau/kataSaveBackend/vendor/laravel/framework/src/Illuminate/Queue/Worker.php(439): Illuminate\\Queue\\Jobs\\Job->fire()\n#31 /home/louqmane/Bureau/kataSaveBackend/vendor/laravel/framework/src/Illuminate/Queue/Worker.php(389): Illuminate\\Queue\\Worker->process()\n#32 /home/louqmane/Bureau/kataSaveBackend/vendor/laravel/framework/src/Illuminate/Queue/Worker.php(176): Illuminate\\Queue\\Worker->runJob()\n#33 /home/louqmane/Bureau/kataSaveBackend/vendor/laravel/framework/src/Illuminate/Queue/Console/WorkCommand.php(137): Illuminate\\Queue\\Worker->daemon()\n#34 /home/louqmane/Bureau/kataSaveBackend/vendor/laravel/framework/src/Illuminate/Queue/Console/WorkCommand.php(120): Illuminate\\Queue\\Console\\WorkCommand->runWorker()\n#35 /home/louqmane/Bureau/kataSaveBackend/vendor/laravel/framework/src/Illuminate/Container/BoundMethod.php(36): Illuminate\\Queue\\Console\\WorkCommand->handle()\n#36 /home/louqmane/Bureau/kataSaveBackend/vendor/laravel/framework/src/Illuminate/Container/Util.php(41): Illuminate\\Container\\BoundMethod::Illuminate\\Container\\{closure}()\n#37 /home/louqmane/Bureau/kataSaveBackend/vendor/laravel/framework/src/Illuminate/Container/BoundMethod.php(93): Illuminate\\Container\\Util::unwrapIfClosure()\n#38 /home/louqmane/Bureau/kataSaveBackend/vendor/laravel/framework/src/Illuminate/Container/BoundMethod.php(35): Illuminate\\Container\\BoundMethod::callBoundMethod()\n#39 /home/louqmane/Bureau/kataSaveBackend/vendor/laravel/framework/src/Illuminate/Container/Container.php(662): Illuminate\\Container\\BoundMethod::call()\n#40 /home/louqmane/Bureau/kataSaveBackend/vendor/laravel/framework/src/Illuminate/Console/Command.php(211): Illuminate\\Container\\Container->call()\n#41 /home/louqmane/Bureau/kataSaveBackend/vendor/symfony/console/Command/Command.php(326): Illuminate\\Console\\Command->execute()\n#42 /home/louqmane/Bureau/kataSaveBackend/vendor/laravel/framework/src/Illuminate/Console/Command.php(180): Symfony\\Component\\Console\\Command\\Command->run()\n#43 /home/louqmane/Bureau/kataSaveBackend/vendor/symfony/console/Application.php(1096): Illuminate\\Console\\Command->run()\n#44 /home/louqmane/Bureau/kataSaveBackend/vendor/symfony/console/Application.php(324): Symfony\\Component\\Console\\Application->doRunCommand()\n#45 /home/louqmane/Bureau/kataSaveBackend/vendor/symfony/console/Application.php(175): Symfony\\Component\\Console\\Application->doRun()\n#46 /home/louqmane/Bureau/kataSaveBackend/vendor/laravel/framework/src/Illuminate/Foundation/Console/Kernel.php(201): Symfony\\Component\\Console\\Application->run()\n#47 /home/louqmane/Bureau/kataSaveBackend/artisan(35): Illuminate\\Foundation\\Console\\Kernel->handle()\n#48 {main}', '2024-10-13 09:04:07'),
(68, '45991882-09e4-404c-9ec4-da4e305a18cd', 'database', 'default', '{\"uuid\":\"45991882-09e4-404c-9ec4-da4e305a18cd\",\"displayName\":\"App\\\\Mail\\\\ConvocationSent\",\"job\":\"Illuminate\\\\Queue\\\\CallQueuedHandler@call\",\"maxTries\":null,\"maxExceptions\":null,\"failOnTimeout\":false,\"backoff\":null,\"timeout\":null,\"retryUntil\":null,\"data\":{\"commandName\":\"Illuminate\\\\Mail\\\\SendQueuedMailable\",\"command\":\"O:34:\\\"Illuminate\\\\Mail\\\\SendQueuedMailable\\\":15:{s:8:\\\"mailable\\\";O:24:\\\"App\\\\Mail\\\\ConvocationSent\\\":5:{s:4:\\\"user\\\";O:45:\\\"Illuminate\\\\Contracts\\\\Database\\\\ModelIdentifier\\\":5:{s:5:\\\"class\\\";s:15:\\\"App\\\\Models\\\\User\\\";s:2:\\\"id\\\";i:25;s:9:\\\"relations\\\";a:0:{}s:10:\\\"connection\\\";s:5:\\\"mysql\\\";s:15:\\\"collectionClass\\\";N;}s:8:\\\"filename\\\";s:31:\\\"convocation_Henry1728820552.pdf\\\";s:7:\\\"gradeId\\\";s:2:\\\"11\\\";s:2:\\\"to\\\";a:1:{i:0;a:2:{s:4:\\\"name\\\";N;s:7:\\\"address\\\";s:18:\\\"currygad@gmail.com\\\";}}s:6:\\\"mailer\\\";s:4:\\\"smtp\\\";}s:5:\\\"tries\\\";N;s:7:\\\"timeout\\\";N;s:13:\\\"maxExceptions\\\";N;s:17:\\\"shouldBeEncrypted\\\";b:0;s:10:\\\"connection\\\";N;s:5:\\\"queue\\\";N;s:15:\\\"chainConnection\\\";N;s:10:\\\"chainQueue\\\";N;s:19:\\\"chainCatchCallbacks\\\";N;s:5:\\\"delay\\\";N;s:11:\\\"afterCommit\\\";N;s:10:\\\"middleware\\\";a:0:{}s:7:\\\"chained\\\";a:0:{}s:3:\\\"job\\\";N;}\"}}', 'Illuminate\\Queue\\TimeoutExceededException: App\\Mail\\ConvocationSent has timed out. in /home/louqmane/Bureau/kataSaveBackend/vendor/laravel/framework/src/Illuminate/Queue/TimeoutExceededException.php:15\nStack trace:\n#0 /home/louqmane/Bureau/kataSaveBackend/vendor/laravel/framework/src/Illuminate/Queue/Worker.php(796): Illuminate\\Queue\\TimeoutExceededException::forJob()\n#1 /home/louqmane/Bureau/kataSaveBackend/vendor/laravel/framework/src/Illuminate/Queue/Worker.php(217): Illuminate\\Queue\\Worker->timeoutExceededException()\n#2 /home/louqmane/Bureau/kataSaveBackend/vendor/symfony/mailer/Transport/Smtp/Stream/AbstractStream.php(81): Illuminate\\Queue\\Worker->Illuminate\\Queue\\{closure}()\n#3 /home/louqmane/Bureau/kataSaveBackend/vendor/symfony/mailer/Transport/Smtp/SmtpTransport.php(346): Symfony\\Component\\Mailer\\Transport\\Smtp\\Stream\\AbstractStream->readLine()\n#4 /home/louqmane/Bureau/kataSaveBackend/vendor/symfony/mailer/Transport/Smtp/SmtpTransport.php(196): Symfony\\Component\\Mailer\\Transport\\Smtp\\SmtpTransport->getFullResponse()\n#5 /home/louqmane/Bureau/kataSaveBackend/vendor/symfony/mailer/Transport/Smtp/EsmtpTransport.php(118): Symfony\\Component\\Mailer\\Transport\\Smtp\\SmtpTransport->executeCommand()\n#6 /home/louqmane/Bureau/kataSaveBackend/vendor/symfony/mailer/Transport/Smtp/SmtpTransport.php(316): Symfony\\Component\\Mailer\\Transport\\Smtp\\EsmtpTransport->executeCommand()\n#7 /home/louqmane/Bureau/kataSaveBackend/vendor/symfony/mailer/Transport/Smtp/SmtpTransport.php(205): Symfony\\Component\\Mailer\\Transport\\Smtp\\SmtpTransport->ping()\n#8 /home/louqmane/Bureau/kataSaveBackend/vendor/symfony/mailer/Transport/AbstractTransport.php(69): Symfony\\Component\\Mailer\\Transport\\Smtp\\SmtpTransport->doSend()\n#9 /home/louqmane/Bureau/kataSaveBackend/vendor/symfony/mailer/Transport/Smtp/SmtpTransport.php(137): Symfony\\Component\\Mailer\\Transport\\AbstractTransport->send()\n#10 /home/louqmane/Bureau/kataSaveBackend/vendor/laravel/framework/src/Illuminate/Mail/Mailer.php(573): Symfony\\Component\\Mailer\\Transport\\Smtp\\SmtpTransport->send()\n#11 /home/louqmane/Bureau/kataSaveBackend/vendor/laravel/framework/src/Illuminate/Mail/Mailer.php(335): Illuminate\\Mail\\Mailer->sendSymfonyMessage()\n#12 /home/louqmane/Bureau/kataSaveBackend/vendor/laravel/framework/src/Illuminate/Mail/Mailable.php(205): Illuminate\\Mail\\Mailer->send()\n#13 /home/louqmane/Bureau/kataSaveBackend/vendor/laravel/framework/src/Illuminate/Support/Traits/Localizable.php(19): Illuminate\\Mail\\Mailable->Illuminate\\Mail\\{closure}()\n#14 /home/louqmane/Bureau/kataSaveBackend/vendor/laravel/framework/src/Illuminate/Mail/Mailable.php(198): Illuminate\\Mail\\Mailable->withLocale()\n#15 /home/louqmane/Bureau/kataSaveBackend/vendor/laravel/framework/src/Illuminate/Mail/SendQueuedMailable.php(83): Illuminate\\Mail\\Mailable->send()\n#16 /home/louqmane/Bureau/kataSaveBackend/vendor/laravel/framework/src/Illuminate/Container/BoundMethod.php(36): Illuminate\\Mail\\SendQueuedMailable->handle()\n#17 /home/louqmane/Bureau/kataSaveBackend/vendor/laravel/framework/src/Illuminate/Container/Util.php(41): Illuminate\\Container\\BoundMethod::Illuminate\\Container\\{closure}()\n#18 /home/louqmane/Bureau/kataSaveBackend/vendor/laravel/framework/src/Illuminate/Container/BoundMethod.php(93): Illuminate\\Container\\Util::unwrapIfClosure()\n#19 /home/louqmane/Bureau/kataSaveBackend/vendor/laravel/framework/src/Illuminate/Container/BoundMethod.php(35): Illuminate\\Container\\BoundMethod::callBoundMethod()\n#20 /home/louqmane/Bureau/kataSaveBackend/vendor/laravel/framework/src/Illuminate/Container/Container.php(662): Illuminate\\Container\\BoundMethod::call()\n#21 /home/louqmane/Bureau/kataSaveBackend/vendor/laravel/framework/src/Illuminate/Bus/Dispatcher.php(128): Illuminate\\Container\\Container->call()\n#22 /home/louqmane/Bureau/kataSaveBackend/vendor/laravel/framework/src/Illuminate/Pipeline/Pipeline.php(144): Illuminate\\Bus\\Dispatcher->Illuminate\\Bus\\{closure}()\n#23 /home/louqmane/Bureau/kataSaveBackend/vendor/laravel/framework/src/Illuminate/Pipeline/Pipeline.php(119): Illuminate\\Pipeline\\Pipeline->Illuminate\\Pipeline\\{closure}()\n#24 /home/louqmane/Bureau/kataSaveBackend/vendor/laravel/framework/src/Illuminate/Bus/Dispatcher.php(132): Illuminate\\Pipeline\\Pipeline->then()\n#25 /home/louqmane/Bureau/kataSaveBackend/vendor/laravel/framework/src/Illuminate/Queue/CallQueuedHandler.php(123): Illuminate\\Bus\\Dispatcher->dispatchNow()\n#26 /home/louqmane/Bureau/kataSaveBackend/vendor/laravel/framework/src/Illuminate/Pipeline/Pipeline.php(144): Illuminate\\Queue\\CallQueuedHandler->Illuminate\\Queue\\{closure}()\n#27 /home/louqmane/Bureau/kataSaveBackend/vendor/laravel/framework/src/Illuminate/Pipeline/Pipeline.php(119): Illuminate\\Pipeline\\Pipeline->Illuminate\\Pipeline\\{closure}()\n#28 /home/louqmane/Bureau/kataSaveBackend/vendor/laravel/framework/src/Illuminate/Queue/CallQueuedHandler.php(122): Illuminate\\Pipeline\\Pipeline->then()\n#29 /home/louqmane/Bureau/kataSaveBackend/vendor/laravel/framework/src/Illuminate/Queue/CallQueuedHandler.php(70): Illuminate\\Queue\\CallQueuedHandler->dispatchThroughMiddleware()\n#30 /home/louqmane/Bureau/kataSaveBackend/vendor/laravel/framework/src/Illuminate/Queue/Jobs/Job.php(102): Illuminate\\Queue\\CallQueuedHandler->call()\n#31 /home/louqmane/Bureau/kataSaveBackend/vendor/laravel/framework/src/Illuminate/Queue/Worker.php(439): Illuminate\\Queue\\Jobs\\Job->fire()\n#32 /home/louqmane/Bureau/kataSaveBackend/vendor/laravel/framework/src/Illuminate/Queue/Worker.php(389): Illuminate\\Queue\\Worker->process()\n#33 /home/louqmane/Bureau/kataSaveBackend/vendor/laravel/framework/src/Illuminate/Queue/Worker.php(176): Illuminate\\Queue\\Worker->runJob()\n#34 /home/louqmane/Bureau/kataSaveBackend/vendor/laravel/framework/src/Illuminate/Queue/Console/WorkCommand.php(137): Illuminate\\Queue\\Worker->daemon()\n#35 /home/louqmane/Bureau/kataSaveBackend/vendor/laravel/framework/src/Illuminate/Queue/Console/WorkCommand.php(120): Illuminate\\Queue\\Console\\WorkCommand->runWorker()\n#36 /home/louqmane/Bureau/kataSaveBackend/vendor/laravel/framework/src/Illuminate/Container/BoundMethod.php(36): Illuminate\\Queue\\Console\\WorkCommand->handle()\n#37 /home/louqmane/Bureau/kataSaveBackend/vendor/laravel/framework/src/Illuminate/Container/Util.php(41): Illuminate\\Container\\BoundMethod::Illuminate\\Container\\{closure}()\n#38 /home/louqmane/Bureau/kataSaveBackend/vendor/laravel/framework/src/Illuminate/Container/BoundMethod.php(93): Illuminate\\Container\\Util::unwrapIfClosure()\n#39 /home/louqmane/Bureau/kataSaveBackend/vendor/laravel/framework/src/Illuminate/Container/BoundMethod.php(35): Illuminate\\Container\\BoundMethod::callBoundMethod()\n#40 /home/louqmane/Bureau/kataSaveBackend/vendor/laravel/framework/src/Illuminate/Container/Container.php(662): Illuminate\\Container\\BoundMethod::call()\n#41 /home/louqmane/Bureau/kataSaveBackend/vendor/laravel/framework/src/Illuminate/Console/Command.php(211): Illuminate\\Container\\Container->call()\n#42 /home/louqmane/Bureau/kataSaveBackend/vendor/symfony/console/Command/Command.php(326): Illuminate\\Console\\Command->execute()\n#43 /home/louqmane/Bureau/kataSaveBackend/vendor/laravel/framework/src/Illuminate/Console/Command.php(180): Symfony\\Component\\Console\\Command\\Command->run()\n#44 /home/louqmane/Bureau/kataSaveBackend/vendor/symfony/console/Application.php(1096): Illuminate\\Console\\Command->run()\n#45 /home/louqmane/Bureau/kataSaveBackend/vendor/symfony/console/Application.php(324): Symfony\\Component\\Console\\Application->doRunCommand()\n#46 /home/louqmane/Bureau/kataSaveBackend/vendor/symfony/console/Application.php(175): Symfony\\Component\\Console\\Application->doRun()\n#47 /home/louqmane/Bureau/kataSaveBackend/vendor/laravel/framework/src/Illuminate/Foundation/Console/Kernel.php(201): Symfony\\Component\\Console\\Application->run()\n#48 /home/louqmane/Bureau/kataSaveBackend/artisan(35): Illuminate\\Foundation\\Console\\Kernel->handle()\n#49 {main}', '2024-10-13 10:56:53'),
(69, '8b6197b3-2cbf-489f-b915-82b64547cdc0', 'database', 'default', '{\"uuid\":\"8b6197b3-2cbf-489f-b915-82b64547cdc0\",\"displayName\":\"App\\\\Mail\\\\AccountConfirmationSent\",\"job\":\"Illuminate\\\\Queue\\\\CallQueuedHandler@call\",\"maxTries\":null,\"maxExceptions\":null,\"failOnTimeout\":false,\"backoff\":null,\"timeout\":null,\"retryUntil\":null,\"data\":{\"commandName\":\"Illuminate\\\\Mail\\\\SendQueuedMailable\",\"command\":\"O:34:\\\"Illuminate\\\\Mail\\\\SendQueuedMailable\\\":15:{s:8:\\\"mailable\\\";O:32:\\\"App\\\\Mail\\\\AccountConfirmationSent\\\":5:{s:8:\\\"username\\\";s:15:\\\"Sapristie  CUba\\\";s:8:\\\"usermail\\\";s:15:\\\"sapcuba@gmi.com\\\";s:8:\\\"password\\\";s:8:\\\"\\\\p$gd9|3\\\";s:2:\\\"to\\\";a:1:{i:0;a:2:{s:4:\\\"name\\\";N;s:7:\\\"address\\\";s:15:\\\"sapcuba@gmi.com\\\";}}s:6:\\\"mailer\\\";s:4:\\\"smtp\\\";}s:5:\\\"tries\\\";N;s:7:\\\"timeout\\\";N;s:13:\\\"maxExceptions\\\";N;s:17:\\\"shouldBeEncrypted\\\";b:0;s:10:\\\"connection\\\";N;s:5:\\\"queue\\\";N;s:15:\\\"chainConnection\\\";N;s:10:\\\"chainQueue\\\";N;s:19:\\\"chainCatchCallbacks\\\";N;s:5:\\\"delay\\\";N;s:11:\\\"afterCommit\\\";N;s:10:\\\"middleware\\\";a:0:{}s:7:\\\"chained\\\";a:0:{}s:3:\\\"job\\\";N;}\"}}', 'Illuminate\\Queue\\TimeoutExceededException: App\\Mail\\AccountConfirmationSent has timed out. in /home/louqmane/Bureau/kataSaveBackend/vendor/laravel/framework/src/Illuminate/Queue/TimeoutExceededException.php:15\nStack trace:\n#0 /home/louqmane/Bureau/kataSaveBackend/vendor/laravel/framework/src/Illuminate/Queue/Worker.php(796): Illuminate\\Queue\\TimeoutExceededException::forJob()\n#1 /home/louqmane/Bureau/kataSaveBackend/vendor/laravel/framework/src/Illuminate/Queue/Worker.php(217): Illuminate\\Queue\\Worker->timeoutExceededException()\n#2 /home/louqmane/Bureau/kataSaveBackend/vendor/symfony/mailer/Transport/Smtp/Stream/AbstractStream.php(81): Illuminate\\Queue\\Worker->Illuminate\\Queue\\{closure}()\n#3 /home/louqmane/Bureau/kataSaveBackend/vendor/symfony/mailer/Transport/Smtp/SmtpTransport.php(346): Symfony\\Component\\Mailer\\Transport\\Smtp\\Stream\\AbstractStream->readLine()\n#4 /home/louqmane/Bureau/kataSaveBackend/vendor/symfony/mailer/Transport/Smtp/SmtpTransport.php(196): Symfony\\Component\\Mailer\\Transport\\Smtp\\SmtpTransport->getFullResponse()\n#5 /home/louqmane/Bureau/kataSaveBackend/vendor/symfony/mailer/Transport/Smtp/EsmtpTransport.php(118): Symfony\\Component\\Mailer\\Transport\\Smtp\\SmtpTransport->executeCommand()\n#6 /home/louqmane/Bureau/kataSaveBackend/vendor/symfony/mailer/Transport/Smtp/SmtpTransport.php(316): Symfony\\Component\\Mailer\\Transport\\Smtp\\EsmtpTransport->executeCommand()\n#7 /home/louqmane/Bureau/kataSaveBackend/vendor/symfony/mailer/Transport/Smtp/SmtpTransport.php(205): Symfony\\Component\\Mailer\\Transport\\Smtp\\SmtpTransport->ping()\n#8 /home/louqmane/Bureau/kataSaveBackend/vendor/symfony/mailer/Transport/AbstractTransport.php(69): Symfony\\Component\\Mailer\\Transport\\Smtp\\SmtpTransport->doSend()\n#9 /home/louqmane/Bureau/kataSaveBackend/vendor/symfony/mailer/Transport/Smtp/SmtpTransport.php(137): Symfony\\Component\\Mailer\\Transport\\AbstractTransport->send()\n#10 /home/louqmane/Bureau/kataSaveBackend/vendor/laravel/framework/src/Illuminate/Mail/Mailer.php(573): Symfony\\Component\\Mailer\\Transport\\Smtp\\SmtpTransport->send()\n#11 /home/louqmane/Bureau/kataSaveBackend/vendor/laravel/framework/src/Illuminate/Mail/Mailer.php(335): Illuminate\\Mail\\Mailer->sendSymfonyMessage()\n#12 /home/louqmane/Bureau/kataSaveBackend/vendor/laravel/framework/src/Illuminate/Mail/Mailable.php(205): Illuminate\\Mail\\Mailer->send()\n#13 /home/louqmane/Bureau/kataSaveBackend/vendor/laravel/framework/src/Illuminate/Support/Traits/Localizable.php(19): Illuminate\\Mail\\Mailable->Illuminate\\Mail\\{closure}()\n#14 /home/louqmane/Bureau/kataSaveBackend/vendor/laravel/framework/src/Illuminate/Mail/Mailable.php(198): Illuminate\\Mail\\Mailable->withLocale()\n#15 /home/louqmane/Bureau/kataSaveBackend/vendor/laravel/framework/src/Illuminate/Mail/SendQueuedMailable.php(83): Illuminate\\Mail\\Mailable->send()\n#16 /home/louqmane/Bureau/kataSaveBackend/vendor/laravel/framework/src/Illuminate/Container/BoundMethod.php(36): Illuminate\\Mail\\SendQueuedMailable->handle()\n#17 /home/louqmane/Bureau/kataSaveBackend/vendor/laravel/framework/src/Illuminate/Container/Util.php(41): Illuminate\\Container\\BoundMethod::Illuminate\\Container\\{closure}()\n#18 /home/louqmane/Bureau/kataSaveBackend/vendor/laravel/framework/src/Illuminate/Container/BoundMethod.php(93): Illuminate\\Container\\Util::unwrapIfClosure()\n#19 /home/louqmane/Bureau/kataSaveBackend/vendor/laravel/framework/src/Illuminate/Container/BoundMethod.php(35): Illuminate\\Container\\BoundMethod::callBoundMethod()\n#20 /home/louqmane/Bureau/kataSaveBackend/vendor/laravel/framework/src/Illuminate/Container/Container.php(662): Illuminate\\Container\\BoundMethod::call()\n#21 /home/louqmane/Bureau/kataSaveBackend/vendor/laravel/framework/src/Illuminate/Bus/Dispatcher.php(128): Illuminate\\Container\\Container->call()\n#22 /home/louqmane/Bureau/kataSaveBackend/vendor/laravel/framework/src/Illuminate/Pipeline/Pipeline.php(144): Illuminate\\Bus\\Dispatcher->Illuminate\\Bus\\{closure}()\n#23 /home/louqmane/Bureau/kataSaveBackend/vendor/laravel/framework/src/Illuminate/Pipeline/Pipeline.php(119): Illuminate\\Pipeline\\Pipeline->Illuminate\\Pipeline\\{closure}()\n#24 /home/louqmane/Bureau/kataSaveBackend/vendor/laravel/framework/src/Illuminate/Bus/Dispatcher.php(132): Illuminate\\Pipeline\\Pipeline->then()\n#25 /home/louqmane/Bureau/kataSaveBackend/vendor/laravel/framework/src/Illuminate/Queue/CallQueuedHandler.php(123): Illuminate\\Bus\\Dispatcher->dispatchNow()\n#26 /home/louqmane/Bureau/kataSaveBackend/vendor/laravel/framework/src/Illuminate/Pipeline/Pipeline.php(144): Illuminate\\Queue\\CallQueuedHandler->Illuminate\\Queue\\{closure}()\n#27 /home/louqmane/Bureau/kataSaveBackend/vendor/laravel/framework/src/Illuminate/Pipeline/Pipeline.php(119): Illuminate\\Pipeline\\Pipeline->Illuminate\\Pipeline\\{closure}()\n#28 /home/louqmane/Bureau/kataSaveBackend/vendor/laravel/framework/src/Illuminate/Queue/CallQueuedHandler.php(122): Illuminate\\Pipeline\\Pipeline->then()\n#29 /home/louqmane/Bureau/kataSaveBackend/vendor/laravel/framework/src/Illuminate/Queue/CallQueuedHandler.php(70): Illuminate\\Queue\\CallQueuedHandler->dispatchThroughMiddleware()\n#30 /home/louqmane/Bureau/kataSaveBackend/vendor/laravel/framework/src/Illuminate/Queue/Jobs/Job.php(102): Illuminate\\Queue\\CallQueuedHandler->call()\n#31 /home/louqmane/Bureau/kataSaveBackend/vendor/laravel/framework/src/Illuminate/Queue/Worker.php(439): Illuminate\\Queue\\Jobs\\Job->fire()\n#32 /home/louqmane/Bureau/kataSaveBackend/vendor/laravel/framework/src/Illuminate/Queue/Worker.php(389): Illuminate\\Queue\\Worker->process()\n#33 /home/louqmane/Bureau/kataSaveBackend/vendor/laravel/framework/src/Illuminate/Queue/Worker.php(176): Illuminate\\Queue\\Worker->runJob()\n#34 /home/louqmane/Bureau/kataSaveBackend/vendor/laravel/framework/src/Illuminate/Queue/Console/WorkCommand.php(137): Illuminate\\Queue\\Worker->daemon()\n#35 /home/louqmane/Bureau/kataSaveBackend/vendor/laravel/framework/src/Illuminate/Queue/Console/WorkCommand.php(120): Illuminate\\Queue\\Console\\WorkCommand->runWorker()\n#36 /home/louqmane/Bureau/kataSaveBackend/vendor/laravel/framework/src/Illuminate/Container/BoundMethod.php(36): Illuminate\\Queue\\Console\\WorkCommand->handle()\n#37 /home/louqmane/Bureau/kataSaveBackend/vendor/laravel/framework/src/Illuminate/Container/Util.php(41): Illuminate\\Container\\BoundMethod::Illuminate\\Container\\{closure}()\n#38 /home/louqmane/Bureau/kataSaveBackend/vendor/laravel/framework/src/Illuminate/Container/BoundMethod.php(93): Illuminate\\Container\\Util::unwrapIfClosure()\n#39 /home/louqmane/Bureau/kataSaveBackend/vendor/laravel/framework/src/Illuminate/Container/BoundMethod.php(35): Illuminate\\Container\\BoundMethod::callBoundMethod()\n#40 /home/louqmane/Bureau/kataSaveBackend/vendor/laravel/framework/src/Illuminate/Container/Container.php(662): Illuminate\\Container\\BoundMethod::call()\n#41 /home/louqmane/Bureau/kataSaveBackend/vendor/laravel/framework/src/Illuminate/Console/Command.php(211): Illuminate\\Container\\Container->call()\n#42 /home/louqmane/Bureau/kataSaveBackend/vendor/symfony/console/Command/Command.php(326): Illuminate\\Console\\Command->execute()\n#43 /home/louqmane/Bureau/kataSaveBackend/vendor/laravel/framework/src/Illuminate/Console/Command.php(180): Symfony\\Component\\Console\\Command\\Command->run()\n#44 /home/louqmane/Bureau/kataSaveBackend/vendor/symfony/console/Application.php(1096): Illuminate\\Console\\Command->run()\n#45 /home/louqmane/Bureau/kataSaveBackend/vendor/symfony/console/Application.php(324): Symfony\\Component\\Console\\Application->doRunCommand()\n#46 /home/louqmane/Bureau/kataSaveBackend/vendor/symfony/console/Application.php(175): Symfony\\Component\\Console\\Application->doRun()\n#47 /home/louqmane/Bureau/kataSaveBackend/vendor/laravel/framework/src/Illuminate/Foundation/Console/Kernel.php(201): Symfony\\Component\\Console\\Application->run()\n#48 /home/louqmane/Bureau/kataSaveBackend/artisan(35): Illuminate\\Foundation\\Console\\Kernel->handle()\n#49 {main}', '2024-10-13 11:04:20');
INSERT INTO `failed_jobs` (`id`, `uuid`, `connection`, `queue`, `payload`, `exception`, `failed_at`) VALUES
(70, 'e50b58cb-8e6d-4b93-9923-efb4a6a1cee6', 'database', 'default', '{\"uuid\":\"e50b58cb-8e6d-4b93-9923-efb4a6a1cee6\",\"displayName\":\"App\\\\Jobs\\\\ExamAchievementProcess\",\"job\":\"Illuminate\\\\Queue\\\\CallQueuedHandler@call\",\"maxTries\":null,\"maxExceptions\":null,\"failOnTimeout\":false,\"backoff\":null,\"timeout\":null,\"retryUntil\":null,\"data\":{\"commandName\":\"App\\\\Jobs\\\\ExamAchievementProcess\",\"command\":\"O:31:\\\"App\\\\Jobs\\\\ExamAchievementProcess\\\":1:{s:11:\\\"\\u0000*\\u0000event_id\\\";s:2:\\\"70\\\";}\"}}', 'Error: Class \"App\\Jobs\\Mail\" not found in /home/louqmane/Bureau/kataSaveBackend/app/Jobs/ExamAchievementProcess.php:40\nStack trace:\n#0 /home/louqmane/Bureau/kataSaveBackend/vendor/laravel/framework/src/Illuminate/Container/BoundMethod.php(36): App\\Jobs\\ExamAchievementProcess->handle()\n#1 /home/louqmane/Bureau/kataSaveBackend/vendor/laravel/framework/src/Illuminate/Container/Util.php(41): Illuminate\\Container\\BoundMethod::Illuminate\\Container\\{closure}()\n#2 /home/louqmane/Bureau/kataSaveBackend/vendor/laravel/framework/src/Illuminate/Container/BoundMethod.php(93): Illuminate\\Container\\Util::unwrapIfClosure()\n#3 /home/louqmane/Bureau/kataSaveBackend/vendor/laravel/framework/src/Illuminate/Container/BoundMethod.php(35): Illuminate\\Container\\BoundMethod::callBoundMethod()\n#4 /home/louqmane/Bureau/kataSaveBackend/vendor/laravel/framework/src/Illuminate/Container/Container.php(662): Illuminate\\Container\\BoundMethod::call()\n#5 /home/louqmane/Bureau/kataSaveBackend/vendor/laravel/framework/src/Illuminate/Bus/Dispatcher.php(128): Illuminate\\Container\\Container->call()\n#6 /home/louqmane/Bureau/kataSaveBackend/vendor/laravel/framework/src/Illuminate/Pipeline/Pipeline.php(144): Illuminate\\Bus\\Dispatcher->Illuminate\\Bus\\{closure}()\n#7 /home/louqmane/Bureau/kataSaveBackend/vendor/laravel/framework/src/Illuminate/Pipeline/Pipeline.php(119): Illuminate\\Pipeline\\Pipeline->Illuminate\\Pipeline\\{closure}()\n#8 /home/louqmane/Bureau/kataSaveBackend/vendor/laravel/framework/src/Illuminate/Bus/Dispatcher.php(132): Illuminate\\Pipeline\\Pipeline->then()\n#9 /home/louqmane/Bureau/kataSaveBackend/vendor/laravel/framework/src/Illuminate/Queue/CallQueuedHandler.php(123): Illuminate\\Bus\\Dispatcher->dispatchNow()\n#10 /home/louqmane/Bureau/kataSaveBackend/vendor/laravel/framework/src/Illuminate/Pipeline/Pipeline.php(144): Illuminate\\Queue\\CallQueuedHandler->Illuminate\\Queue\\{closure}()\n#11 /home/louqmane/Bureau/kataSaveBackend/vendor/laravel/framework/src/Illuminate/Pipeline/Pipeline.php(119): Illuminate\\Pipeline\\Pipeline->Illuminate\\Pipeline\\{closure}()\n#12 /home/louqmane/Bureau/kataSaveBackend/vendor/laravel/framework/src/Illuminate/Queue/CallQueuedHandler.php(122): Illuminate\\Pipeline\\Pipeline->then()\n#13 /home/louqmane/Bureau/kataSaveBackend/vendor/laravel/framework/src/Illuminate/Queue/CallQueuedHandler.php(70): Illuminate\\Queue\\CallQueuedHandler->dispatchThroughMiddleware()\n#14 /home/louqmane/Bureau/kataSaveBackend/vendor/laravel/framework/src/Illuminate/Queue/Jobs/Job.php(102): Illuminate\\Queue\\CallQueuedHandler->call()\n#15 /home/louqmane/Bureau/kataSaveBackend/vendor/laravel/framework/src/Illuminate/Queue/Worker.php(439): Illuminate\\Queue\\Jobs\\Job->fire()\n#16 /home/louqmane/Bureau/kataSaveBackend/vendor/laravel/framework/src/Illuminate/Queue/Worker.php(389): Illuminate\\Queue\\Worker->process()\n#17 /home/louqmane/Bureau/kataSaveBackend/vendor/laravel/framework/src/Illuminate/Queue/Worker.php(176): Illuminate\\Queue\\Worker->runJob()\n#18 /home/louqmane/Bureau/kataSaveBackend/vendor/laravel/framework/src/Illuminate/Queue/Console/WorkCommand.php(137): Illuminate\\Queue\\Worker->daemon()\n#19 /home/louqmane/Bureau/kataSaveBackend/vendor/laravel/framework/src/Illuminate/Queue/Console/WorkCommand.php(120): Illuminate\\Queue\\Console\\WorkCommand->runWorker()\n#20 /home/louqmane/Bureau/kataSaveBackend/vendor/laravel/framework/src/Illuminate/Container/BoundMethod.php(36): Illuminate\\Queue\\Console\\WorkCommand->handle()\n#21 /home/louqmane/Bureau/kataSaveBackend/vendor/laravel/framework/src/Illuminate/Container/Util.php(41): Illuminate\\Container\\BoundMethod::Illuminate\\Container\\{closure}()\n#22 /home/louqmane/Bureau/kataSaveBackend/vendor/laravel/framework/src/Illuminate/Container/BoundMethod.php(93): Illuminate\\Container\\Util::unwrapIfClosure()\n#23 /home/louqmane/Bureau/kataSaveBackend/vendor/laravel/framework/src/Illuminate/Container/BoundMethod.php(35): Illuminate\\Container\\BoundMethod::callBoundMethod()\n#24 /home/louqmane/Bureau/kataSaveBackend/vendor/laravel/framework/src/Illuminate/Container/Container.php(662): Illuminate\\Container\\BoundMethod::call()\n#25 /home/louqmane/Bureau/kataSaveBackend/vendor/laravel/framework/src/Illuminate/Console/Command.php(211): Illuminate\\Container\\Container->call()\n#26 /home/louqmane/Bureau/kataSaveBackend/vendor/symfony/console/Command/Command.php(326): Illuminate\\Console\\Command->execute()\n#27 /home/louqmane/Bureau/kataSaveBackend/vendor/laravel/framework/src/Illuminate/Console/Command.php(180): Symfony\\Component\\Console\\Command\\Command->run()\n#28 /home/louqmane/Bureau/kataSaveBackend/vendor/symfony/console/Application.php(1096): Illuminate\\Console\\Command->run()\n#29 /home/louqmane/Bureau/kataSaveBackend/vendor/symfony/console/Application.php(324): Symfony\\Component\\Console\\Application->doRunCommand()\n#30 /home/louqmane/Bureau/kataSaveBackend/vendor/symfony/console/Application.php(175): Symfony\\Component\\Console\\Application->doRun()\n#31 /home/louqmane/Bureau/kataSaveBackend/vendor/laravel/framework/src/Illuminate/Foundation/Console/Kernel.php(201): Symfony\\Component\\Console\\Application->run()\n#32 /home/louqmane/Bureau/kataSaveBackend/artisan(35): Illuminate\\Foundation\\Console\\Kernel->handle()\n#33 {main}', '2024-10-13 11:09:51'),
(71, '217fe120-8afe-4964-89cb-f232669f15da', 'database', 'default', '{\"uuid\":\"217fe120-8afe-4964-89cb-f232669f15da\",\"displayName\":\"App\\\\Mail\\\\ConvocationSent\",\"job\":\"Illuminate\\\\Queue\\\\CallQueuedHandler@call\",\"maxTries\":null,\"maxExceptions\":null,\"failOnTimeout\":false,\"backoff\":null,\"timeout\":null,\"retryUntil\":null,\"data\":{\"commandName\":\"Illuminate\\\\Mail\\\\SendQueuedMailable\",\"command\":\"O:34:\\\"Illuminate\\\\Mail\\\\SendQueuedMailable\\\":15:{s:8:\\\"mailable\\\";O:24:\\\"App\\\\Mail\\\\ConvocationSent\\\":5:{s:4:\\\"user\\\";O:45:\\\"Illuminate\\\\Contracts\\\\Database\\\\ModelIdentifier\\\":5:{s:5:\\\"class\\\";s:15:\\\"App\\\\Models\\\\User\\\";s:2:\\\"id\\\";i:26;s:9:\\\"relations\\\";a:0:{}s:10:\\\"connection\\\";s:5:\\\"mysql\\\";s:15:\\\"collectionClass\\\";N;}s:8:\\\"filename\\\";s:35:\\\"convocation_Sapristie1729586010.pdf\\\";s:7:\\\"gradeId\\\";s:2:\\\"11\\\";s:2:\\\"to\\\";a:1:{i:0;a:2:{s:4:\\\"name\\\";N;s:7:\\\"address\\\";s:15:\\\"sapcuba@gmi.com\\\";}}s:6:\\\"mailer\\\";s:4:\\\"smtp\\\";}s:5:\\\"tries\\\";N;s:7:\\\"timeout\\\";N;s:13:\\\"maxExceptions\\\";N;s:17:\\\"shouldBeEncrypted\\\";b:0;s:10:\\\"connection\\\";N;s:5:\\\"queue\\\";N;s:15:\\\"chainConnection\\\";N;s:10:\\\"chainQueue\\\";N;s:19:\\\"chainCatchCallbacks\\\";N;s:5:\\\"delay\\\";N;s:11:\\\"afterCommit\\\";N;s:10:\\\"middleware\\\";a:0:{}s:7:\\\"chained\\\";a:0:{}s:3:\\\"job\\\";N;}\"}}', 'Symfony\\Component\\Mailer\\Exception\\UnexpectedResponseException: Expected response code \"354\" but got code \"550\", with message \"550 5.7.0 Too many emails per second. Please upgrade your plan https://mailtrap.io/billing/plans/testing\". in /home/louqmane/Bureau/kataSaveBackend/vendor/symfony/mailer/Transport/Smtp/SmtpTransport.php:338\nStack trace:\n#0 /home/louqmane/Bureau/kataSaveBackend/vendor/symfony/mailer/Transport/Smtp/SmtpTransport.php(197): Symfony\\Component\\Mailer\\Transport\\Smtp\\SmtpTransport->assertResponseCode()\n#1 /home/louqmane/Bureau/kataSaveBackend/vendor/symfony/mailer/Transport/Smtp/EsmtpTransport.php(118): Symfony\\Component\\Mailer\\Transport\\Smtp\\SmtpTransport->executeCommand()\n#2 /home/louqmane/Bureau/kataSaveBackend/vendor/symfony/mailer/Transport/Smtp/SmtpTransport.php(219): Symfony\\Component\\Mailer\\Transport\\Smtp\\EsmtpTransport->executeCommand()\n#3 /home/louqmane/Bureau/kataSaveBackend/vendor/symfony/mailer/Transport/AbstractTransport.php(69): Symfony\\Component\\Mailer\\Transport\\Smtp\\SmtpTransport->doSend()\n#4 /home/louqmane/Bureau/kataSaveBackend/vendor/symfony/mailer/Transport/Smtp/SmtpTransport.php(137): Symfony\\Component\\Mailer\\Transport\\AbstractTransport->send()\n#5 /home/louqmane/Bureau/kataSaveBackend/vendor/laravel/framework/src/Illuminate/Mail/Mailer.php(573): Symfony\\Component\\Mailer\\Transport\\Smtp\\SmtpTransport->send()\n#6 /home/louqmane/Bureau/kataSaveBackend/vendor/laravel/framework/src/Illuminate/Mail/Mailer.php(335): Illuminate\\Mail\\Mailer->sendSymfonyMessage()\n#7 /home/louqmane/Bureau/kataSaveBackend/vendor/laravel/framework/src/Illuminate/Mail/Mailable.php(205): Illuminate\\Mail\\Mailer->send()\n#8 /home/louqmane/Bureau/kataSaveBackend/vendor/laravel/framework/src/Illuminate/Support/Traits/Localizable.php(19): Illuminate\\Mail\\Mailable->Illuminate\\Mail\\{closure}()\n#9 /home/louqmane/Bureau/kataSaveBackend/vendor/laravel/framework/src/Illuminate/Mail/Mailable.php(198): Illuminate\\Mail\\Mailable->withLocale()\n#10 /home/louqmane/Bureau/kataSaveBackend/vendor/laravel/framework/src/Illuminate/Mail/SendQueuedMailable.php(83): Illuminate\\Mail\\Mailable->send()\n#11 /home/louqmane/Bureau/kataSaveBackend/vendor/laravel/framework/src/Illuminate/Container/BoundMethod.php(36): Illuminate\\Mail\\SendQueuedMailable->handle()\n#12 /home/louqmane/Bureau/kataSaveBackend/vendor/laravel/framework/src/Illuminate/Container/Util.php(41): Illuminate\\Container\\BoundMethod::Illuminate\\Container\\{closure}()\n#13 /home/louqmane/Bureau/kataSaveBackend/vendor/laravel/framework/src/Illuminate/Container/BoundMethod.php(93): Illuminate\\Container\\Util::unwrapIfClosure()\n#14 /home/louqmane/Bureau/kataSaveBackend/vendor/laravel/framework/src/Illuminate/Container/BoundMethod.php(35): Illuminate\\Container\\BoundMethod::callBoundMethod()\n#15 /home/louqmane/Bureau/kataSaveBackend/vendor/laravel/framework/src/Illuminate/Container/Container.php(662): Illuminate\\Container\\BoundMethod::call()\n#16 /home/louqmane/Bureau/kataSaveBackend/vendor/laravel/framework/src/Illuminate/Bus/Dispatcher.php(128): Illuminate\\Container\\Container->call()\n#17 /home/louqmane/Bureau/kataSaveBackend/vendor/laravel/framework/src/Illuminate/Pipeline/Pipeline.php(144): Illuminate\\Bus\\Dispatcher->Illuminate\\Bus\\{closure}()\n#18 /home/louqmane/Bureau/kataSaveBackend/vendor/laravel/framework/src/Illuminate/Pipeline/Pipeline.php(119): Illuminate\\Pipeline\\Pipeline->Illuminate\\Pipeline\\{closure}()\n#19 /home/louqmane/Bureau/kataSaveBackend/vendor/laravel/framework/src/Illuminate/Bus/Dispatcher.php(132): Illuminate\\Pipeline\\Pipeline->then()\n#20 /home/louqmane/Bureau/kataSaveBackend/vendor/laravel/framework/src/Illuminate/Queue/CallQueuedHandler.php(123): Illuminate\\Bus\\Dispatcher->dispatchNow()\n#21 /home/louqmane/Bureau/kataSaveBackend/vendor/laravel/framework/src/Illuminate/Pipeline/Pipeline.php(144): Illuminate\\Queue\\CallQueuedHandler->Illuminate\\Queue\\{closure}()\n#22 /home/louqmane/Bureau/kataSaveBackend/vendor/laravel/framework/src/Illuminate/Pipeline/Pipeline.php(119): Illuminate\\Pipeline\\Pipeline->Illuminate\\Pipeline\\{closure}()\n#23 /home/louqmane/Bureau/kataSaveBackend/vendor/laravel/framework/src/Illuminate/Queue/CallQueuedHandler.php(122): Illuminate\\Pipeline\\Pipeline->then()\n#24 /home/louqmane/Bureau/kataSaveBackend/vendor/laravel/framework/src/Illuminate/Queue/CallQueuedHandler.php(70): Illuminate\\Queue\\CallQueuedHandler->dispatchThroughMiddleware()\n#25 /home/louqmane/Bureau/kataSaveBackend/vendor/laravel/framework/src/Illuminate/Queue/Jobs/Job.php(102): Illuminate\\Queue\\CallQueuedHandler->call()\n#26 /home/louqmane/Bureau/kataSaveBackend/vendor/laravel/framework/src/Illuminate/Queue/Worker.php(439): Illuminate\\Queue\\Jobs\\Job->fire()\n#27 /home/louqmane/Bureau/kataSaveBackend/vendor/laravel/framework/src/Illuminate/Queue/Worker.php(389): Illuminate\\Queue\\Worker->process()\n#28 /home/louqmane/Bureau/kataSaveBackend/vendor/laravel/framework/src/Illuminate/Queue/Worker.php(176): Illuminate\\Queue\\Worker->runJob()\n#29 /home/louqmane/Bureau/kataSaveBackend/vendor/laravel/framework/src/Illuminate/Queue/Console/WorkCommand.php(137): Illuminate\\Queue\\Worker->daemon()\n#30 /home/louqmane/Bureau/kataSaveBackend/vendor/laravel/framework/src/Illuminate/Queue/Console/WorkCommand.php(120): Illuminate\\Queue\\Console\\WorkCommand->runWorker()\n#31 /home/louqmane/Bureau/kataSaveBackend/vendor/laravel/framework/src/Illuminate/Container/BoundMethod.php(36): Illuminate\\Queue\\Console\\WorkCommand->handle()\n#32 /home/louqmane/Bureau/kataSaveBackend/vendor/laravel/framework/src/Illuminate/Container/Util.php(41): Illuminate\\Container\\BoundMethod::Illuminate\\Container\\{closure}()\n#33 /home/louqmane/Bureau/kataSaveBackend/vendor/laravel/framework/src/Illuminate/Container/BoundMethod.php(93): Illuminate\\Container\\Util::unwrapIfClosure()\n#34 /home/louqmane/Bureau/kataSaveBackend/vendor/laravel/framework/src/Illuminate/Container/BoundMethod.php(35): Illuminate\\Container\\BoundMethod::callBoundMethod()\n#35 /home/louqmane/Bureau/kataSaveBackend/vendor/laravel/framework/src/Illuminate/Container/Container.php(662): Illuminate\\Container\\BoundMethod::call()\n#36 /home/louqmane/Bureau/kataSaveBackend/vendor/laravel/framework/src/Illuminate/Console/Command.php(211): Illuminate\\Container\\Container->call()\n#37 /home/louqmane/Bureau/kataSaveBackend/vendor/symfony/console/Command/Command.php(326): Illuminate\\Console\\Command->execute()\n#38 /home/louqmane/Bureau/kataSaveBackend/vendor/laravel/framework/src/Illuminate/Console/Command.php(180): Symfony\\Component\\Console\\Command\\Command->run()\n#39 /home/louqmane/Bureau/kataSaveBackend/vendor/symfony/console/Application.php(1096): Illuminate\\Console\\Command->run()\n#40 /home/louqmane/Bureau/kataSaveBackend/vendor/symfony/console/Application.php(324): Symfony\\Component\\Console\\Application->doRunCommand()\n#41 /home/louqmane/Bureau/kataSaveBackend/vendor/symfony/console/Application.php(175): Symfony\\Component\\Console\\Application->doRun()\n#42 /home/louqmane/Bureau/kataSaveBackend/vendor/laravel/framework/src/Illuminate/Foundation/Console/Kernel.php(201): Symfony\\Component\\Console\\Application->run()\n#43 /home/louqmane/Bureau/kataSaveBackend/artisan(35): Illuminate\\Foundation\\Console\\Kernel->handle()\n#44 {main}', '2024-10-22 07:33:35'),
(72, 'cd8a902f-6f86-4c88-b522-8a0bdeb6f01b', 'database', 'default', '{\"uuid\":\"cd8a902f-6f86-4c88-b522-8a0bdeb6f01b\",\"displayName\":\"App\\\\Mail\\\\ConvocationSent\",\"job\":\"Illuminate\\\\Queue\\\\CallQueuedHandler@call\",\"maxTries\":null,\"maxExceptions\":null,\"failOnTimeout\":false,\"backoff\":null,\"timeout\":null,\"retryUntil\":null,\"data\":{\"commandName\":\"Illuminate\\\\Mail\\\\SendQueuedMailable\",\"command\":\"O:34:\\\"Illuminate\\\\Mail\\\\SendQueuedMailable\\\":15:{s:8:\\\"mailable\\\";O:24:\\\"App\\\\Mail\\\\ConvocationSent\\\":5:{s:4:\\\"user\\\";O:45:\\\"Illuminate\\\\Contracts\\\\Database\\\\ModelIdentifier\\\":5:{s:5:\\\"class\\\";s:15:\\\"App\\\\Models\\\\User\\\";s:2:\\\"id\\\";i:26;s:9:\\\"relations\\\";a:0:{}s:10:\\\"connection\\\";s:5:\\\"mysql\\\";s:15:\\\"collectionClass\\\";N;}s:8:\\\"filename\\\";s:35:\\\"convocation_Sapristie1729586010.pdf\\\";s:7:\\\"gradeId\\\";s:2:\\\"11\\\";s:2:\\\"to\\\";a:1:{i:0;a:2:{s:4:\\\"name\\\";N;s:7:\\\"address\\\";s:15:\\\"sapcuba@gmi.com\\\";}}s:6:\\\"mailer\\\";s:4:\\\"smtp\\\";}s:5:\\\"tries\\\";N;s:7:\\\"timeout\\\";N;s:13:\\\"maxExceptions\\\";N;s:17:\\\"shouldBeEncrypted\\\";b:0;s:10:\\\"connection\\\";N;s:5:\\\"queue\\\";N;s:15:\\\"chainConnection\\\";N;s:10:\\\"chainQueue\\\";N;s:19:\\\"chainCatchCallbacks\\\";N;s:5:\\\"delay\\\";N;s:11:\\\"afterCommit\\\";N;s:10:\\\"middleware\\\";a:0:{}s:7:\\\"chained\\\";a:0:{}s:3:\\\"job\\\";N;}\"}}', 'Symfony\\Component\\Mailer\\Exception\\UnexpectedResponseException: Expected response code \"354\" but got code \"550\", with message \"550 5.7.0 Too many emails per second. Please upgrade your plan https://mailtrap.io/billing/plans/testing\". in /home/louqmane/Bureau/kataSaveBackend/vendor/symfony/mailer/Transport/Smtp/SmtpTransport.php:338\nStack trace:\n#0 /home/louqmane/Bureau/kataSaveBackend/vendor/symfony/mailer/Transport/Smtp/SmtpTransport.php(197): Symfony\\Component\\Mailer\\Transport\\Smtp\\SmtpTransport->assertResponseCode()\n#1 /home/louqmane/Bureau/kataSaveBackend/vendor/symfony/mailer/Transport/Smtp/EsmtpTransport.php(118): Symfony\\Component\\Mailer\\Transport\\Smtp\\SmtpTransport->executeCommand()\n#2 /home/louqmane/Bureau/kataSaveBackend/vendor/symfony/mailer/Transport/Smtp/SmtpTransport.php(219): Symfony\\Component\\Mailer\\Transport\\Smtp\\EsmtpTransport->executeCommand()\n#3 /home/louqmane/Bureau/kataSaveBackend/vendor/symfony/mailer/Transport/AbstractTransport.php(69): Symfony\\Component\\Mailer\\Transport\\Smtp\\SmtpTransport->doSend()\n#4 /home/louqmane/Bureau/kataSaveBackend/vendor/symfony/mailer/Transport/Smtp/SmtpTransport.php(137): Symfony\\Component\\Mailer\\Transport\\AbstractTransport->send()\n#5 /home/louqmane/Bureau/kataSaveBackend/vendor/laravel/framework/src/Illuminate/Mail/Mailer.php(573): Symfony\\Component\\Mailer\\Transport\\Smtp\\SmtpTransport->send()\n#6 /home/louqmane/Bureau/kataSaveBackend/vendor/laravel/framework/src/Illuminate/Mail/Mailer.php(335): Illuminate\\Mail\\Mailer->sendSymfonyMessage()\n#7 /home/louqmane/Bureau/kataSaveBackend/vendor/laravel/framework/src/Illuminate/Mail/Mailable.php(205): Illuminate\\Mail\\Mailer->send()\n#8 /home/louqmane/Bureau/kataSaveBackend/vendor/laravel/framework/src/Illuminate/Support/Traits/Localizable.php(19): Illuminate\\Mail\\Mailable->Illuminate\\Mail\\{closure}()\n#9 /home/louqmane/Bureau/kataSaveBackend/vendor/laravel/framework/src/Illuminate/Mail/Mailable.php(198): Illuminate\\Mail\\Mailable->withLocale()\n#10 /home/louqmane/Bureau/kataSaveBackend/vendor/laravel/framework/src/Illuminate/Mail/SendQueuedMailable.php(83): Illuminate\\Mail\\Mailable->send()\n#11 /home/louqmane/Bureau/kataSaveBackend/vendor/laravel/framework/src/Illuminate/Container/BoundMethod.php(36): Illuminate\\Mail\\SendQueuedMailable->handle()\n#12 /home/louqmane/Bureau/kataSaveBackend/vendor/laravel/framework/src/Illuminate/Container/Util.php(41): Illuminate\\Container\\BoundMethod::Illuminate\\Container\\{closure}()\n#13 /home/louqmane/Bureau/kataSaveBackend/vendor/laravel/framework/src/Illuminate/Container/BoundMethod.php(93): Illuminate\\Container\\Util::unwrapIfClosure()\n#14 /home/louqmane/Bureau/kataSaveBackend/vendor/laravel/framework/src/Illuminate/Container/BoundMethod.php(35): Illuminate\\Container\\BoundMethod::callBoundMethod()\n#15 /home/louqmane/Bureau/kataSaveBackend/vendor/laravel/framework/src/Illuminate/Container/Container.php(662): Illuminate\\Container\\BoundMethod::call()\n#16 /home/louqmane/Bureau/kataSaveBackend/vendor/laravel/framework/src/Illuminate/Bus/Dispatcher.php(128): Illuminate\\Container\\Container->call()\n#17 /home/louqmane/Bureau/kataSaveBackend/vendor/laravel/framework/src/Illuminate/Pipeline/Pipeline.php(144): Illuminate\\Bus\\Dispatcher->Illuminate\\Bus\\{closure}()\n#18 /home/louqmane/Bureau/kataSaveBackend/vendor/laravel/framework/src/Illuminate/Pipeline/Pipeline.php(119): Illuminate\\Pipeline\\Pipeline->Illuminate\\Pipeline\\{closure}()\n#19 /home/louqmane/Bureau/kataSaveBackend/vendor/laravel/framework/src/Illuminate/Bus/Dispatcher.php(132): Illuminate\\Pipeline\\Pipeline->then()\n#20 /home/louqmane/Bureau/kataSaveBackend/vendor/laravel/framework/src/Illuminate/Queue/CallQueuedHandler.php(123): Illuminate\\Bus\\Dispatcher->dispatchNow()\n#21 /home/louqmane/Bureau/kataSaveBackend/vendor/laravel/framework/src/Illuminate/Pipeline/Pipeline.php(144): Illuminate\\Queue\\CallQueuedHandler->Illuminate\\Queue\\{closure}()\n#22 /home/louqmane/Bureau/kataSaveBackend/vendor/laravel/framework/src/Illuminate/Pipeline/Pipeline.php(119): Illuminate\\Pipeline\\Pipeline->Illuminate\\Pipeline\\{closure}()\n#23 /home/louqmane/Bureau/kataSaveBackend/vendor/laravel/framework/src/Illuminate/Queue/CallQueuedHandler.php(122): Illuminate\\Pipeline\\Pipeline->then()\n#24 /home/louqmane/Bureau/kataSaveBackend/vendor/laravel/framework/src/Illuminate/Queue/CallQueuedHandler.php(70): Illuminate\\Queue\\CallQueuedHandler->dispatchThroughMiddleware()\n#25 /home/louqmane/Bureau/kataSaveBackend/vendor/laravel/framework/src/Illuminate/Queue/Jobs/Job.php(102): Illuminate\\Queue\\CallQueuedHandler->call()\n#26 /home/louqmane/Bureau/kataSaveBackend/vendor/laravel/framework/src/Illuminate/Queue/Worker.php(439): Illuminate\\Queue\\Jobs\\Job->fire()\n#27 /home/louqmane/Bureau/kataSaveBackend/vendor/laravel/framework/src/Illuminate/Queue/Worker.php(389): Illuminate\\Queue\\Worker->process()\n#28 /home/louqmane/Bureau/kataSaveBackend/vendor/laravel/framework/src/Illuminate/Queue/Worker.php(176): Illuminate\\Queue\\Worker->runJob()\n#29 /home/louqmane/Bureau/kataSaveBackend/vendor/laravel/framework/src/Illuminate/Queue/Console/WorkCommand.php(137): Illuminate\\Queue\\Worker->daemon()\n#30 /home/louqmane/Bureau/kataSaveBackend/vendor/laravel/framework/src/Illuminate/Queue/Console/WorkCommand.php(120): Illuminate\\Queue\\Console\\WorkCommand->runWorker()\n#31 /home/louqmane/Bureau/kataSaveBackend/vendor/laravel/framework/src/Illuminate/Container/BoundMethod.php(36): Illuminate\\Queue\\Console\\WorkCommand->handle()\n#32 /home/louqmane/Bureau/kataSaveBackend/vendor/laravel/framework/src/Illuminate/Container/Util.php(41): Illuminate\\Container\\BoundMethod::Illuminate\\Container\\{closure}()\n#33 /home/louqmane/Bureau/kataSaveBackend/vendor/laravel/framework/src/Illuminate/Container/BoundMethod.php(93): Illuminate\\Container\\Util::unwrapIfClosure()\n#34 /home/louqmane/Bureau/kataSaveBackend/vendor/laravel/framework/src/Illuminate/Container/BoundMethod.php(35): Illuminate\\Container\\BoundMethod::callBoundMethod()\n#35 /home/louqmane/Bureau/kataSaveBackend/vendor/laravel/framework/src/Illuminate/Container/Container.php(662): Illuminate\\Container\\BoundMethod::call()\n#36 /home/louqmane/Bureau/kataSaveBackend/vendor/laravel/framework/src/Illuminate/Console/Command.php(211): Illuminate\\Container\\Container->call()\n#37 /home/louqmane/Bureau/kataSaveBackend/vendor/symfony/console/Command/Command.php(326): Illuminate\\Console\\Command->execute()\n#38 /home/louqmane/Bureau/kataSaveBackend/vendor/laravel/framework/src/Illuminate/Console/Command.php(180): Symfony\\Component\\Console\\Command\\Command->run()\n#39 /home/louqmane/Bureau/kataSaveBackend/vendor/symfony/console/Application.php(1096): Illuminate\\Console\\Command->run()\n#40 /home/louqmane/Bureau/kataSaveBackend/vendor/symfony/console/Application.php(324): Symfony\\Component\\Console\\Application->doRunCommand()\n#41 /home/louqmane/Bureau/kataSaveBackend/vendor/symfony/console/Application.php(175): Symfony\\Component\\Console\\Application->doRun()\n#42 /home/louqmane/Bureau/kataSaveBackend/vendor/laravel/framework/src/Illuminate/Foundation/Console/Kernel.php(201): Symfony\\Component\\Console\\Application->run()\n#43 /home/louqmane/Bureau/kataSaveBackend/artisan(35): Illuminate\\Foundation\\Console\\Kernel->handle()\n#44 {main}', '2024-10-22 07:33:37'),
(73, '2640dcd5-137d-4879-969d-4e3adc89d910', 'database', 'default', '{\"uuid\":\"2640dcd5-137d-4879-969d-4e3adc89d910\",\"displayName\":\"App\\\\Mail\\\\ConvocationSent\",\"job\":\"Illuminate\\\\Queue\\\\CallQueuedHandler@call\",\"maxTries\":null,\"maxExceptions\":null,\"failOnTimeout\":false,\"backoff\":null,\"timeout\":null,\"retryUntil\":null,\"data\":{\"commandName\":\"Illuminate\\\\Mail\\\\SendQueuedMailable\",\"command\":\"O:34:\\\"Illuminate\\\\Mail\\\\SendQueuedMailable\\\":15:{s:8:\\\"mailable\\\";O:24:\\\"App\\\\Mail\\\\ConvocationSent\\\":5:{s:4:\\\"user\\\";O:45:\\\"Illuminate\\\\Contracts\\\\Database\\\\ModelIdentifier\\\":5:{s:5:\\\"class\\\";s:15:\\\"App\\\\Models\\\\User\\\";s:2:\\\"id\\\";i:26;s:9:\\\"relations\\\";a:0:{}s:10:\\\"connection\\\";s:5:\\\"mysql\\\";s:15:\\\"collectionClass\\\";N;}s:8:\\\"filename\\\";s:35:\\\"convocation_Sapristie1729586010.pdf\\\";s:7:\\\"gradeId\\\";s:2:\\\"11\\\";s:2:\\\"to\\\";a:1:{i:0;a:2:{s:4:\\\"name\\\";N;s:7:\\\"address\\\";s:15:\\\"sapcuba@gmi.com\\\";}}s:6:\\\"mailer\\\";s:4:\\\"smtp\\\";}s:5:\\\"tries\\\";N;s:7:\\\"timeout\\\";N;s:13:\\\"maxExceptions\\\";N;s:17:\\\"shouldBeEncrypted\\\";b:0;s:10:\\\"connection\\\";N;s:5:\\\"queue\\\";N;s:15:\\\"chainConnection\\\";N;s:10:\\\"chainQueue\\\";N;s:19:\\\"chainCatchCallbacks\\\";N;s:5:\\\"delay\\\";N;s:11:\\\"afterCommit\\\";N;s:10:\\\"middleware\\\";a:0:{}s:7:\\\"chained\\\";a:0:{}s:3:\\\"job\\\";N;}\"}}', 'Symfony\\Component\\Mailer\\Exception\\UnexpectedResponseException: Expected response code \"354\" but got code \"550\", with message \"550 5.7.0 Too many emails per second. Please upgrade your plan https://mailtrap.io/billing/plans/testing\". in /home/louqmane/Bureau/kataSaveBackend/vendor/symfony/mailer/Transport/Smtp/SmtpTransport.php:338\nStack trace:\n#0 /home/louqmane/Bureau/kataSaveBackend/vendor/symfony/mailer/Transport/Smtp/SmtpTransport.php(197): Symfony\\Component\\Mailer\\Transport\\Smtp\\SmtpTransport->assertResponseCode()\n#1 /home/louqmane/Bureau/kataSaveBackend/vendor/symfony/mailer/Transport/Smtp/EsmtpTransport.php(118): Symfony\\Component\\Mailer\\Transport\\Smtp\\SmtpTransport->executeCommand()\n#2 /home/louqmane/Bureau/kataSaveBackend/vendor/symfony/mailer/Transport/Smtp/SmtpTransport.php(219): Symfony\\Component\\Mailer\\Transport\\Smtp\\EsmtpTransport->executeCommand()\n#3 /home/louqmane/Bureau/kataSaveBackend/vendor/symfony/mailer/Transport/AbstractTransport.php(69): Symfony\\Component\\Mailer\\Transport\\Smtp\\SmtpTransport->doSend()\n#4 /home/louqmane/Bureau/kataSaveBackend/vendor/symfony/mailer/Transport/Smtp/SmtpTransport.php(137): Symfony\\Component\\Mailer\\Transport\\AbstractTransport->send()\n#5 /home/louqmane/Bureau/kataSaveBackend/vendor/laravel/framework/src/Illuminate/Mail/Mailer.php(573): Symfony\\Component\\Mailer\\Transport\\Smtp\\SmtpTransport->send()\n#6 /home/louqmane/Bureau/kataSaveBackend/vendor/laravel/framework/src/Illuminate/Mail/Mailer.php(335): Illuminate\\Mail\\Mailer->sendSymfonyMessage()\n#7 /home/louqmane/Bureau/kataSaveBackend/vendor/laravel/framework/src/Illuminate/Mail/Mailable.php(205): Illuminate\\Mail\\Mailer->send()\n#8 /home/louqmane/Bureau/kataSaveBackend/vendor/laravel/framework/src/Illuminate/Support/Traits/Localizable.php(19): Illuminate\\Mail\\Mailable->Illuminate\\Mail\\{closure}()\n#9 /home/louqmane/Bureau/kataSaveBackend/vendor/laravel/framework/src/Illuminate/Mail/Mailable.php(198): Illuminate\\Mail\\Mailable->withLocale()\n#10 /home/louqmane/Bureau/kataSaveBackend/vendor/laravel/framework/src/Illuminate/Mail/SendQueuedMailable.php(83): Illuminate\\Mail\\Mailable->send()\n#11 /home/louqmane/Bureau/kataSaveBackend/vendor/laravel/framework/src/Illuminate/Container/BoundMethod.php(36): Illuminate\\Mail\\SendQueuedMailable->handle()\n#12 /home/louqmane/Bureau/kataSaveBackend/vendor/laravel/framework/src/Illuminate/Container/Util.php(41): Illuminate\\Container\\BoundMethod::Illuminate\\Container\\{closure}()\n#13 /home/louqmane/Bureau/kataSaveBackend/vendor/laravel/framework/src/Illuminate/Container/BoundMethod.php(93): Illuminate\\Container\\Util::unwrapIfClosure()\n#14 /home/louqmane/Bureau/kataSaveBackend/vendor/laravel/framework/src/Illuminate/Container/BoundMethod.php(35): Illuminate\\Container\\BoundMethod::callBoundMethod()\n#15 /home/louqmane/Bureau/kataSaveBackend/vendor/laravel/framework/src/Illuminate/Container/Container.php(662): Illuminate\\Container\\BoundMethod::call()\n#16 /home/louqmane/Bureau/kataSaveBackend/vendor/laravel/framework/src/Illuminate/Bus/Dispatcher.php(128): Illuminate\\Container\\Container->call()\n#17 /home/louqmane/Bureau/kataSaveBackend/vendor/laravel/framework/src/Illuminate/Pipeline/Pipeline.php(144): Illuminate\\Bus\\Dispatcher->Illuminate\\Bus\\{closure}()\n#18 /home/louqmane/Bureau/kataSaveBackend/vendor/laravel/framework/src/Illuminate/Pipeline/Pipeline.php(119): Illuminate\\Pipeline\\Pipeline->Illuminate\\Pipeline\\{closure}()\n#19 /home/louqmane/Bureau/kataSaveBackend/vendor/laravel/framework/src/Illuminate/Bus/Dispatcher.php(132): Illuminate\\Pipeline\\Pipeline->then()\n#20 /home/louqmane/Bureau/kataSaveBackend/vendor/laravel/framework/src/Illuminate/Queue/CallQueuedHandler.php(123): Illuminate\\Bus\\Dispatcher->dispatchNow()\n#21 /home/louqmane/Bureau/kataSaveBackend/vendor/laravel/framework/src/Illuminate/Pipeline/Pipeline.php(144): Illuminate\\Queue\\CallQueuedHandler->Illuminate\\Queue\\{closure}()\n#22 /home/louqmane/Bureau/kataSaveBackend/vendor/laravel/framework/src/Illuminate/Pipeline/Pipeline.php(119): Illuminate\\Pipeline\\Pipeline->Illuminate\\Pipeline\\{closure}()\n#23 /home/louqmane/Bureau/kataSaveBackend/vendor/laravel/framework/src/Illuminate/Queue/CallQueuedHandler.php(122): Illuminate\\Pipeline\\Pipeline->then()\n#24 /home/louqmane/Bureau/kataSaveBackend/vendor/laravel/framework/src/Illuminate/Queue/CallQueuedHandler.php(70): Illuminate\\Queue\\CallQueuedHandler->dispatchThroughMiddleware()\n#25 /home/louqmane/Bureau/kataSaveBackend/vendor/laravel/framework/src/Illuminate/Queue/Jobs/Job.php(102): Illuminate\\Queue\\CallQueuedHandler->call()\n#26 /home/louqmane/Bureau/kataSaveBackend/vendor/laravel/framework/src/Illuminate/Queue/Worker.php(439): Illuminate\\Queue\\Jobs\\Job->fire()\n#27 /home/louqmane/Bureau/kataSaveBackend/vendor/laravel/framework/src/Illuminate/Queue/Worker.php(389): Illuminate\\Queue\\Worker->process()\n#28 /home/louqmane/Bureau/kataSaveBackend/vendor/laravel/framework/src/Illuminate/Queue/Worker.php(176): Illuminate\\Queue\\Worker->runJob()\n#29 /home/louqmane/Bureau/kataSaveBackend/vendor/laravel/framework/src/Illuminate/Queue/Console/WorkCommand.php(137): Illuminate\\Queue\\Worker->daemon()\n#30 /home/louqmane/Bureau/kataSaveBackend/vendor/laravel/framework/src/Illuminate/Queue/Console/WorkCommand.php(120): Illuminate\\Queue\\Console\\WorkCommand->runWorker()\n#31 /home/louqmane/Bureau/kataSaveBackend/vendor/laravel/framework/src/Illuminate/Container/BoundMethod.php(36): Illuminate\\Queue\\Console\\WorkCommand->handle()\n#32 /home/louqmane/Bureau/kataSaveBackend/vendor/laravel/framework/src/Illuminate/Container/Util.php(41): Illuminate\\Container\\BoundMethod::Illuminate\\Container\\{closure}()\n#33 /home/louqmane/Bureau/kataSaveBackend/vendor/laravel/framework/src/Illuminate/Container/BoundMethod.php(93): Illuminate\\Container\\Util::unwrapIfClosure()\n#34 /home/louqmane/Bureau/kataSaveBackend/vendor/laravel/framework/src/Illuminate/Container/BoundMethod.php(35): Illuminate\\Container\\BoundMethod::callBoundMethod()\n#35 /home/louqmane/Bureau/kataSaveBackend/vendor/laravel/framework/src/Illuminate/Container/Container.php(662): Illuminate\\Container\\BoundMethod::call()\n#36 /home/louqmane/Bureau/kataSaveBackend/vendor/laravel/framework/src/Illuminate/Console/Command.php(211): Illuminate\\Container\\Container->call()\n#37 /home/louqmane/Bureau/kataSaveBackend/vendor/symfony/console/Command/Command.php(326): Illuminate\\Console\\Command->execute()\n#38 /home/louqmane/Bureau/kataSaveBackend/vendor/laravel/framework/src/Illuminate/Console/Command.php(180): Symfony\\Component\\Console\\Command\\Command->run()\n#39 /home/louqmane/Bureau/kataSaveBackend/vendor/symfony/console/Application.php(1096): Illuminate\\Console\\Command->run()\n#40 /home/louqmane/Bureau/kataSaveBackend/vendor/symfony/console/Application.php(324): Symfony\\Component\\Console\\Application->doRunCommand()\n#41 /home/louqmane/Bureau/kataSaveBackend/vendor/symfony/console/Application.php(175): Symfony\\Component\\Console\\Application->doRun()\n#42 /home/louqmane/Bureau/kataSaveBackend/vendor/laravel/framework/src/Illuminate/Foundation/Console/Kernel.php(201): Symfony\\Component\\Console\\Application->run()\n#43 /home/louqmane/Bureau/kataSaveBackend/artisan(35): Illuminate\\Foundation\\Console\\Kernel->handle()\n#44 {main}', '2024-10-22 07:33:38'),
(74, '6ecdc2e0-8219-4c5d-b4a0-26e864fbcb66', 'database', 'default', '{\"uuid\":\"6ecdc2e0-8219-4c5d-b4a0-26e864fbcb66\",\"displayName\":\"App\\\\Mail\\\\ConvocationSent\",\"job\":\"Illuminate\\\\Queue\\\\CallQueuedHandler@call\",\"maxTries\":null,\"maxExceptions\":null,\"failOnTimeout\":false,\"backoff\":null,\"timeout\":null,\"retryUntil\":null,\"data\":{\"commandName\":\"Illuminate\\\\Mail\\\\SendQueuedMailable\",\"command\":\"O:34:\\\"Illuminate\\\\Mail\\\\SendQueuedMailable\\\":15:{s:8:\\\"mailable\\\";O:24:\\\"App\\\\Mail\\\\ConvocationSent\\\":5:{s:4:\\\"user\\\";O:45:\\\"Illuminate\\\\Contracts\\\\Database\\\\ModelIdentifier\\\":5:{s:5:\\\"class\\\";s:15:\\\"App\\\\Models\\\\User\\\";s:2:\\\"id\\\";i:26;s:9:\\\"relations\\\";a:0:{}s:10:\\\"connection\\\";s:5:\\\"mysql\\\";s:15:\\\"collectionClass\\\";N;}s:8:\\\"filename\\\";s:35:\\\"convocation_Sapristie1729586010.pdf\\\";s:7:\\\"gradeId\\\";s:2:\\\"11\\\";s:2:\\\"to\\\";a:1:{i:0;a:2:{s:4:\\\"name\\\";N;s:7:\\\"address\\\";s:15:\\\"sapcuba@gmi.com\\\";}}s:6:\\\"mailer\\\";s:4:\\\"smtp\\\";}s:5:\\\"tries\\\";N;s:7:\\\"timeout\\\";N;s:13:\\\"maxExceptions\\\";N;s:17:\\\"shouldBeEncrypted\\\";b:0;s:10:\\\"connection\\\";N;s:5:\\\"queue\\\";N;s:15:\\\"chainConnection\\\";N;s:10:\\\"chainQueue\\\";N;s:19:\\\"chainCatchCallbacks\\\";N;s:5:\\\"delay\\\";N;s:11:\\\"afterCommit\\\";N;s:10:\\\"middleware\\\";a:0:{}s:7:\\\"chained\\\";a:0:{}s:3:\\\"job\\\";N;}\"}}', 'Symfony\\Component\\Mailer\\Exception\\UnexpectedResponseException: Expected response code \"354\" but got code \"550\", with message \"550 5.7.0 Too many emails per second. Please upgrade your plan https://mailtrap.io/billing/plans/testing\". in /home/louqmane/Bureau/kataSaveBackend/vendor/symfony/mailer/Transport/Smtp/SmtpTransport.php:338\nStack trace:\n#0 /home/louqmane/Bureau/kataSaveBackend/vendor/symfony/mailer/Transport/Smtp/SmtpTransport.php(197): Symfony\\Component\\Mailer\\Transport\\Smtp\\SmtpTransport->assertResponseCode()\n#1 /home/louqmane/Bureau/kataSaveBackend/vendor/symfony/mailer/Transport/Smtp/EsmtpTransport.php(118): Symfony\\Component\\Mailer\\Transport\\Smtp\\SmtpTransport->executeCommand()\n#2 /home/louqmane/Bureau/kataSaveBackend/vendor/symfony/mailer/Transport/Smtp/SmtpTransport.php(219): Symfony\\Component\\Mailer\\Transport\\Smtp\\EsmtpTransport->executeCommand()\n#3 /home/louqmane/Bureau/kataSaveBackend/vendor/symfony/mailer/Transport/AbstractTransport.php(69): Symfony\\Component\\Mailer\\Transport\\Smtp\\SmtpTransport->doSend()\n#4 /home/louqmane/Bureau/kataSaveBackend/vendor/symfony/mailer/Transport/Smtp/SmtpTransport.php(137): Symfony\\Component\\Mailer\\Transport\\AbstractTransport->send()\n#5 /home/louqmane/Bureau/kataSaveBackend/vendor/laravel/framework/src/Illuminate/Mail/Mailer.php(573): Symfony\\Component\\Mailer\\Transport\\Smtp\\SmtpTransport->send()\n#6 /home/louqmane/Bureau/kataSaveBackend/vendor/laravel/framework/src/Illuminate/Mail/Mailer.php(335): Illuminate\\Mail\\Mailer->sendSymfonyMessage()\n#7 /home/louqmane/Bureau/kataSaveBackend/vendor/laravel/framework/src/Illuminate/Mail/Mailable.php(205): Illuminate\\Mail\\Mailer->send()\n#8 /home/louqmane/Bureau/kataSaveBackend/vendor/laravel/framework/src/Illuminate/Support/Traits/Localizable.php(19): Illuminate\\Mail\\Mailable->Illuminate\\Mail\\{closure}()\n#9 /home/louqmane/Bureau/kataSaveBackend/vendor/laravel/framework/src/Illuminate/Mail/Mailable.php(198): Illuminate\\Mail\\Mailable->withLocale()\n#10 /home/louqmane/Bureau/kataSaveBackend/vendor/laravel/framework/src/Illuminate/Mail/SendQueuedMailable.php(83): Illuminate\\Mail\\Mailable->send()\n#11 /home/louqmane/Bureau/kataSaveBackend/vendor/laravel/framework/src/Illuminate/Container/BoundMethod.php(36): Illuminate\\Mail\\SendQueuedMailable->handle()\n#12 /home/louqmane/Bureau/kataSaveBackend/vendor/laravel/framework/src/Illuminate/Container/Util.php(41): Illuminate\\Container\\BoundMethod::Illuminate\\Container\\{closure}()\n#13 /home/louqmane/Bureau/kataSaveBackend/vendor/laravel/framework/src/Illuminate/Container/BoundMethod.php(93): Illuminate\\Container\\Util::unwrapIfClosure()\n#14 /home/louqmane/Bureau/kataSaveBackend/vendor/laravel/framework/src/Illuminate/Container/BoundMethod.php(35): Illuminate\\Container\\BoundMethod::callBoundMethod()\n#15 /home/louqmane/Bureau/kataSaveBackend/vendor/laravel/framework/src/Illuminate/Container/Container.php(662): Illuminate\\Container\\BoundMethod::call()\n#16 /home/louqmane/Bureau/kataSaveBackend/vendor/laravel/framework/src/Illuminate/Bus/Dispatcher.php(128): Illuminate\\Container\\Container->call()\n#17 /home/louqmane/Bureau/kataSaveBackend/vendor/laravel/framework/src/Illuminate/Pipeline/Pipeline.php(144): Illuminate\\Bus\\Dispatcher->Illuminate\\Bus\\{closure}()\n#18 /home/louqmane/Bureau/kataSaveBackend/vendor/laravel/framework/src/Illuminate/Pipeline/Pipeline.php(119): Illuminate\\Pipeline\\Pipeline->Illuminate\\Pipeline\\{closure}()\n#19 /home/louqmane/Bureau/kataSaveBackend/vendor/laravel/framework/src/Illuminate/Bus/Dispatcher.php(132): Illuminate\\Pipeline\\Pipeline->then()\n#20 /home/louqmane/Bureau/kataSaveBackend/vendor/laravel/framework/src/Illuminate/Queue/CallQueuedHandler.php(123): Illuminate\\Bus\\Dispatcher->dispatchNow()\n#21 /home/louqmane/Bureau/kataSaveBackend/vendor/laravel/framework/src/Illuminate/Pipeline/Pipeline.php(144): Illuminate\\Queue\\CallQueuedHandler->Illuminate\\Queue\\{closure}()\n#22 /home/louqmane/Bureau/kataSaveBackend/vendor/laravel/framework/src/Illuminate/Pipeline/Pipeline.php(119): Illuminate\\Pipeline\\Pipeline->Illuminate\\Pipeline\\{closure}()\n#23 /home/louqmane/Bureau/kataSaveBackend/vendor/laravel/framework/src/Illuminate/Queue/CallQueuedHandler.php(122): Illuminate\\Pipeline\\Pipeline->then()\n#24 /home/louqmane/Bureau/kataSaveBackend/vendor/laravel/framework/src/Illuminate/Queue/CallQueuedHandler.php(70): Illuminate\\Queue\\CallQueuedHandler->dispatchThroughMiddleware()\n#25 /home/louqmane/Bureau/kataSaveBackend/vendor/laravel/framework/src/Illuminate/Queue/Jobs/Job.php(102): Illuminate\\Queue\\CallQueuedHandler->call()\n#26 /home/louqmane/Bureau/kataSaveBackend/vendor/laravel/framework/src/Illuminate/Queue/Worker.php(439): Illuminate\\Queue\\Jobs\\Job->fire()\n#27 /home/louqmane/Bureau/kataSaveBackend/vendor/laravel/framework/src/Illuminate/Queue/Worker.php(389): Illuminate\\Queue\\Worker->process()\n#28 /home/louqmane/Bureau/kataSaveBackend/vendor/laravel/framework/src/Illuminate/Queue/Worker.php(176): Illuminate\\Queue\\Worker->runJob()\n#29 /home/louqmane/Bureau/kataSaveBackend/vendor/laravel/framework/src/Illuminate/Queue/Console/WorkCommand.php(137): Illuminate\\Queue\\Worker->daemon()\n#30 /home/louqmane/Bureau/kataSaveBackend/vendor/laravel/framework/src/Illuminate/Queue/Console/WorkCommand.php(120): Illuminate\\Queue\\Console\\WorkCommand->runWorker()\n#31 /home/louqmane/Bureau/kataSaveBackend/vendor/laravel/framework/src/Illuminate/Container/BoundMethod.php(36): Illuminate\\Queue\\Console\\WorkCommand->handle()\n#32 /home/louqmane/Bureau/kataSaveBackend/vendor/laravel/framework/src/Illuminate/Container/Util.php(41): Illuminate\\Container\\BoundMethod::Illuminate\\Container\\{closure}()\n#33 /home/louqmane/Bureau/kataSaveBackend/vendor/laravel/framework/src/Illuminate/Container/BoundMethod.php(93): Illuminate\\Container\\Util::unwrapIfClosure()\n#34 /home/louqmane/Bureau/kataSaveBackend/vendor/laravel/framework/src/Illuminate/Container/BoundMethod.php(35): Illuminate\\Container\\BoundMethod::callBoundMethod()\n#35 /home/louqmane/Bureau/kataSaveBackend/vendor/laravel/framework/src/Illuminate/Container/Container.php(662): Illuminate\\Container\\BoundMethod::call()\n#36 /home/louqmane/Bureau/kataSaveBackend/vendor/laravel/framework/src/Illuminate/Console/Command.php(211): Illuminate\\Container\\Container->call()\n#37 /home/louqmane/Bureau/kataSaveBackend/vendor/symfony/console/Command/Command.php(326): Illuminate\\Console\\Command->execute()\n#38 /home/louqmane/Bureau/kataSaveBackend/vendor/laravel/framework/src/Illuminate/Console/Command.php(180): Symfony\\Component\\Console\\Command\\Command->run()\n#39 /home/louqmane/Bureau/kataSaveBackend/vendor/symfony/console/Application.php(1096): Illuminate\\Console\\Command->run()\n#40 /home/louqmane/Bureau/kataSaveBackend/vendor/symfony/console/Application.php(324): Symfony\\Component\\Console\\Application->doRunCommand()\n#41 /home/louqmane/Bureau/kataSaveBackend/vendor/symfony/console/Application.php(175): Symfony\\Component\\Console\\Application->doRun()\n#42 /home/louqmane/Bureau/kataSaveBackend/vendor/laravel/framework/src/Illuminate/Foundation/Console/Kernel.php(201): Symfony\\Component\\Console\\Application->run()\n#43 /home/louqmane/Bureau/kataSaveBackend/artisan(35): Illuminate\\Foundation\\Console\\Kernel->handle()\n#44 {main}', '2024-10-22 07:33:39'),
(75, '03182c37-c993-4a68-bdc2-c6c53242f78b', 'database', 'default', '{\"uuid\":\"03182c37-c993-4a68-bdc2-c6c53242f78b\",\"displayName\":\"App\\\\Jobs\\\\ExamAchievementProcess\",\"job\":\"Illuminate\\\\Queue\\\\CallQueuedHandler@call\",\"maxTries\":null,\"maxExceptions\":null,\"failOnTimeout\":false,\"backoff\":null,\"timeout\":null,\"retryUntil\":null,\"data\":{\"commandName\":\"App\\\\Jobs\\\\ExamAchievementProcess\",\"command\":\"O:31:\\\"App\\\\Jobs\\\\ExamAchievementProcess\\\":1:{s:11:\\\"\\u0000*\\u0000event_id\\\";s:2:\\\"71\\\";}\"}}', 'Error: Class \"App\\Mail\\Address\" not found in /home/louqmane/Bureau/kataSaveBackend/app/Mail/ExamAttestationSent.php:33\nStack trace:\n#0 /home/louqmane/Bureau/kataSaveBackend/vendor/laravel/framework/src/Illuminate/Mail/Mailable.php(1677): App\\Mail\\ExamAttestationSent->envelope()\n#1 /home/louqmane/Bureau/kataSaveBackend/vendor/laravel/framework/src/Illuminate/Mail/Mailable.php(1633): Illuminate\\Mail\\Mailable->ensureEnvelopeIsHydrated()\n#2 /home/louqmane/Bureau/kataSaveBackend/vendor/laravel/framework/src/Illuminate/Mail/Mailable.php(199): Illuminate\\Mail\\Mailable->prepareMailableForDelivery()\n#3 /home/louqmane/Bureau/kataSaveBackend/vendor/laravel/framework/src/Illuminate/Support/Traits/Localizable.php(19): Illuminate\\Mail\\Mailable->Illuminate\\Mail\\{closure}()\n#4 /home/louqmane/Bureau/kataSaveBackend/vendor/laravel/framework/src/Illuminate/Mail/Mailable.php(198): Illuminate\\Mail\\Mailable->withLocale()\n#5 /home/louqmane/Bureau/kataSaveBackend/vendor/laravel/framework/src/Illuminate/Mail/Mailer.php(357): Illuminate\\Mail\\Mailable->send()\n#6 /home/louqmane/Bureau/kataSaveBackend/vendor/laravel/framework/src/Illuminate/Mail/Mailer.php(301): Illuminate\\Mail\\Mailer->sendMailable()\n#7 /home/louqmane/Bureau/kataSaveBackend/vendor/laravel/framework/src/Illuminate/Mail/PendingMail.php(124): Illuminate\\Mail\\Mailer->send()\n#8 /home/louqmane/Bureau/kataSaveBackend/app/Jobs/ExamAchievementProcess.php(42): Illuminate\\Mail\\PendingMail->send()\n#9 /home/louqmane/Bureau/kataSaveBackend/vendor/laravel/framework/src/Illuminate/Container/BoundMethod.php(36): App\\Jobs\\ExamAchievementProcess->handle()\n#10 /home/louqmane/Bureau/kataSaveBackend/vendor/laravel/framework/src/Illuminate/Container/Util.php(41): Illuminate\\Container\\BoundMethod::Illuminate\\Container\\{closure}()\n#11 /home/louqmane/Bureau/kataSaveBackend/vendor/laravel/framework/src/Illuminate/Container/BoundMethod.php(93): Illuminate\\Container\\Util::unwrapIfClosure()\n#12 /home/louqmane/Bureau/kataSaveBackend/vendor/laravel/framework/src/Illuminate/Container/BoundMethod.php(35): Illuminate\\Container\\BoundMethod::callBoundMethod()\n#13 /home/louqmane/Bureau/kataSaveBackend/vendor/laravel/framework/src/Illuminate/Container/Container.php(662): Illuminate\\Container\\BoundMethod::call()\n#14 /home/louqmane/Bureau/kataSaveBackend/vendor/laravel/framework/src/Illuminate/Bus/Dispatcher.php(128): Illuminate\\Container\\Container->call()\n#15 /home/louqmane/Bureau/kataSaveBackend/vendor/laravel/framework/src/Illuminate/Pipeline/Pipeline.php(144): Illuminate\\Bus\\Dispatcher->Illuminate\\Bus\\{closure}()\n#16 /home/louqmane/Bureau/kataSaveBackend/vendor/laravel/framework/src/Illuminate/Pipeline/Pipeline.php(119): Illuminate\\Pipeline\\Pipeline->Illuminate\\Pipeline\\{closure}()\n#17 /home/louqmane/Bureau/kataSaveBackend/vendor/laravel/framework/src/Illuminate/Bus/Dispatcher.php(132): Illuminate\\Pipeline\\Pipeline->then()\n#18 /home/louqmane/Bureau/kataSaveBackend/vendor/laravel/framework/src/Illuminate/Queue/CallQueuedHandler.php(123): Illuminate\\Bus\\Dispatcher->dispatchNow()\n#19 /home/louqmane/Bureau/kataSaveBackend/vendor/laravel/framework/src/Illuminate/Pipeline/Pipeline.php(144): Illuminate\\Queue\\CallQueuedHandler->Illuminate\\Queue\\{closure}()\n#20 /home/louqmane/Bureau/kataSaveBackend/vendor/laravel/framework/src/Illuminate/Pipeline/Pipeline.php(119): Illuminate\\Pipeline\\Pipeline->Illuminate\\Pipeline\\{closure}()\n#21 /home/louqmane/Bureau/kataSaveBackend/vendor/laravel/framework/src/Illuminate/Queue/CallQueuedHandler.php(122): Illuminate\\Pipeline\\Pipeline->then()\n#22 /home/louqmane/Bureau/kataSaveBackend/vendor/laravel/framework/src/Illuminate/Queue/CallQueuedHandler.php(70): Illuminate\\Queue\\CallQueuedHandler->dispatchThroughMiddleware()\n#23 /home/louqmane/Bureau/kataSaveBackend/vendor/laravel/framework/src/Illuminate/Queue/Jobs/Job.php(102): Illuminate\\Queue\\CallQueuedHandler->call()\n#24 /home/louqmane/Bureau/kataSaveBackend/vendor/laravel/framework/src/Illuminate/Queue/Worker.php(439): Illuminate\\Queue\\Jobs\\Job->fire()\n#25 /home/louqmane/Bureau/kataSaveBackend/vendor/laravel/framework/src/Illuminate/Queue/Worker.php(389): Illuminate\\Queue\\Worker->process()\n#26 /home/louqmane/Bureau/kataSaveBackend/vendor/laravel/framework/src/Illuminate/Queue/Worker.php(176): Illuminate\\Queue\\Worker->runJob()\n#27 /home/louqmane/Bureau/kataSaveBackend/vendor/laravel/framework/src/Illuminate/Queue/Console/WorkCommand.php(137): Illuminate\\Queue\\Worker->daemon()\n#28 /home/louqmane/Bureau/kataSaveBackend/vendor/laravel/framework/src/Illuminate/Queue/Console/WorkCommand.php(120): Illuminate\\Queue\\Console\\WorkCommand->runWorker()\n#29 /home/louqmane/Bureau/kataSaveBackend/vendor/laravel/framework/src/Illuminate/Container/BoundMethod.php(36): Illuminate\\Queue\\Console\\WorkCommand->handle()\n#30 /home/louqmane/Bureau/kataSaveBackend/vendor/laravel/framework/src/Illuminate/Container/Util.php(41): Illuminate\\Container\\BoundMethod::Illuminate\\Container\\{closure}()\n#31 /home/louqmane/Bureau/kataSaveBackend/vendor/laravel/framework/src/Illuminate/Container/BoundMethod.php(93): Illuminate\\Container\\Util::unwrapIfClosure()\n#32 /home/louqmane/Bureau/kataSaveBackend/vendor/laravel/framework/src/Illuminate/Container/BoundMethod.php(35): Illuminate\\Container\\BoundMethod::callBoundMethod()\n#33 /home/louqmane/Bureau/kataSaveBackend/vendor/laravel/framework/src/Illuminate/Container/Container.php(662): Illuminate\\Container\\BoundMethod::call()\n#34 /home/louqmane/Bureau/kataSaveBackend/vendor/laravel/framework/src/Illuminate/Console/Command.php(211): Illuminate\\Container\\Container->call()\n#35 /home/louqmane/Bureau/kataSaveBackend/vendor/symfony/console/Command/Command.php(326): Illuminate\\Console\\Command->execute()\n#36 /home/louqmane/Bureau/kataSaveBackend/vendor/laravel/framework/src/Illuminate/Console/Command.php(180): Symfony\\Component\\Console\\Command\\Command->run()\n#37 /home/louqmane/Bureau/kataSaveBackend/vendor/symfony/console/Application.php(1096): Illuminate\\Console\\Command->run()\n#38 /home/louqmane/Bureau/kataSaveBackend/vendor/symfony/console/Application.php(324): Symfony\\Component\\Console\\Application->doRunCommand()\n#39 /home/louqmane/Bureau/kataSaveBackend/vendor/symfony/console/Application.php(175): Symfony\\Component\\Console\\Application->doRun()\n#40 /home/louqmane/Bureau/kataSaveBackend/vendor/laravel/framework/src/Illuminate/Foundation/Console/Kernel.php(201): Symfony\\Component\\Console\\Application->run()\n#41 /home/louqmane/Bureau/kataSaveBackend/artisan(35): Illuminate\\Foundation\\Console\\Kernel->handle()\n#42 {main}', '2024-10-22 07:34:33');
INSERT INTO `failed_jobs` (`id`, `uuid`, `connection`, `queue`, `payload`, `exception`, `failed_at`) VALUES
(76, 'c99bb0c2-eaf8-4e87-bbc3-548e1a2e28da', 'database', 'default', '{\"uuid\":\"c99bb0c2-eaf8-4e87-bbc3-548e1a2e28da\",\"displayName\":\"App\\\\Jobs\\\\ExamAchievementProcess\",\"job\":\"Illuminate\\\\Queue\\\\CallQueuedHandler@call\",\"maxTries\":null,\"maxExceptions\":null,\"failOnTimeout\":false,\"backoff\":null,\"timeout\":null,\"retryUntil\":null,\"data\":{\"commandName\":\"App\\\\Jobs\\\\ExamAchievementProcess\",\"command\":\"O:31:\\\"App\\\\Jobs\\\\ExamAchievementProcess\\\":1:{s:11:\\\"\\u0000*\\u0000event_id\\\";s:2:\\\"72\\\";}\"}}', 'Error: Class \"App\\Mail\\Address\" not found in /home/louqmane/Bureau/kataSaveBackend/app/Mail/ExamAttestationSent.php:33\nStack trace:\n#0 /home/louqmane/Bureau/kataSaveBackend/vendor/laravel/framework/src/Illuminate/Mail/Mailable.php(1677): App\\Mail\\ExamAttestationSent->envelope()\n#1 /home/louqmane/Bureau/kataSaveBackend/vendor/laravel/framework/src/Illuminate/Mail/Mailable.php(1633): Illuminate\\Mail\\Mailable->ensureEnvelopeIsHydrated()\n#2 /home/louqmane/Bureau/kataSaveBackend/vendor/laravel/framework/src/Illuminate/Mail/Mailable.php(199): Illuminate\\Mail\\Mailable->prepareMailableForDelivery()\n#3 /home/louqmane/Bureau/kataSaveBackend/vendor/laravel/framework/src/Illuminate/Support/Traits/Localizable.php(19): Illuminate\\Mail\\Mailable->Illuminate\\Mail\\{closure}()\n#4 /home/louqmane/Bureau/kataSaveBackend/vendor/laravel/framework/src/Illuminate/Mail/Mailable.php(198): Illuminate\\Mail\\Mailable->withLocale()\n#5 /home/louqmane/Bureau/kataSaveBackend/vendor/laravel/framework/src/Illuminate/Mail/Mailer.php(357): Illuminate\\Mail\\Mailable->send()\n#6 /home/louqmane/Bureau/kataSaveBackend/vendor/laravel/framework/src/Illuminate/Mail/Mailer.php(301): Illuminate\\Mail\\Mailer->sendMailable()\n#7 /home/louqmane/Bureau/kataSaveBackend/vendor/laravel/framework/src/Illuminate/Mail/PendingMail.php(124): Illuminate\\Mail\\Mailer->send()\n#8 /home/louqmane/Bureau/kataSaveBackend/app/Jobs/ExamAchievementProcess.php(42): Illuminate\\Mail\\PendingMail->send()\n#9 /home/louqmane/Bureau/kataSaveBackend/vendor/laravel/framework/src/Illuminate/Container/BoundMethod.php(36): App\\Jobs\\ExamAchievementProcess->handle()\n#10 /home/louqmane/Bureau/kataSaveBackend/vendor/laravel/framework/src/Illuminate/Container/Util.php(41): Illuminate\\Container\\BoundMethod::Illuminate\\Container\\{closure}()\n#11 /home/louqmane/Bureau/kataSaveBackend/vendor/laravel/framework/src/Illuminate/Container/BoundMethod.php(93): Illuminate\\Container\\Util::unwrapIfClosure()\n#12 /home/louqmane/Bureau/kataSaveBackend/vendor/laravel/framework/src/Illuminate/Container/BoundMethod.php(35): Illuminate\\Container\\BoundMethod::callBoundMethod()\n#13 /home/louqmane/Bureau/kataSaveBackend/vendor/laravel/framework/src/Illuminate/Container/Container.php(662): Illuminate\\Container\\BoundMethod::call()\n#14 /home/louqmane/Bureau/kataSaveBackend/vendor/laravel/framework/src/Illuminate/Bus/Dispatcher.php(128): Illuminate\\Container\\Container->call()\n#15 /home/louqmane/Bureau/kataSaveBackend/vendor/laravel/framework/src/Illuminate/Pipeline/Pipeline.php(144): Illuminate\\Bus\\Dispatcher->Illuminate\\Bus\\{closure}()\n#16 /home/louqmane/Bureau/kataSaveBackend/vendor/laravel/framework/src/Illuminate/Pipeline/Pipeline.php(119): Illuminate\\Pipeline\\Pipeline->Illuminate\\Pipeline\\{closure}()\n#17 /home/louqmane/Bureau/kataSaveBackend/vendor/laravel/framework/src/Illuminate/Bus/Dispatcher.php(132): Illuminate\\Pipeline\\Pipeline->then()\n#18 /home/louqmane/Bureau/kataSaveBackend/vendor/laravel/framework/src/Illuminate/Queue/CallQueuedHandler.php(123): Illuminate\\Bus\\Dispatcher->dispatchNow()\n#19 /home/louqmane/Bureau/kataSaveBackend/vendor/laravel/framework/src/Illuminate/Pipeline/Pipeline.php(144): Illuminate\\Queue\\CallQueuedHandler->Illuminate\\Queue\\{closure}()\n#20 /home/louqmane/Bureau/kataSaveBackend/vendor/laravel/framework/src/Illuminate/Pipeline/Pipeline.php(119): Illuminate\\Pipeline\\Pipeline->Illuminate\\Pipeline\\{closure}()\n#21 /home/louqmane/Bureau/kataSaveBackend/vendor/laravel/framework/src/Illuminate/Queue/CallQueuedHandler.php(122): Illuminate\\Pipeline\\Pipeline->then()\n#22 /home/louqmane/Bureau/kataSaveBackend/vendor/laravel/framework/src/Illuminate/Queue/CallQueuedHandler.php(70): Illuminate\\Queue\\CallQueuedHandler->dispatchThroughMiddleware()\n#23 /home/louqmane/Bureau/kataSaveBackend/vendor/laravel/framework/src/Illuminate/Queue/Jobs/Job.php(102): Illuminate\\Queue\\CallQueuedHandler->call()\n#24 /home/louqmane/Bureau/kataSaveBackend/vendor/laravel/framework/src/Illuminate/Queue/Worker.php(439): Illuminate\\Queue\\Jobs\\Job->fire()\n#25 /home/louqmane/Bureau/kataSaveBackend/vendor/laravel/framework/src/Illuminate/Queue/Worker.php(389): Illuminate\\Queue\\Worker->process()\n#26 /home/louqmane/Bureau/kataSaveBackend/vendor/laravel/framework/src/Illuminate/Queue/Worker.php(176): Illuminate\\Queue\\Worker->runJob()\n#27 /home/louqmane/Bureau/kataSaveBackend/vendor/laravel/framework/src/Illuminate/Queue/Console/WorkCommand.php(137): Illuminate\\Queue\\Worker->daemon()\n#28 /home/louqmane/Bureau/kataSaveBackend/vendor/laravel/framework/src/Illuminate/Queue/Console/WorkCommand.php(120): Illuminate\\Queue\\Console\\WorkCommand->runWorker()\n#29 /home/louqmane/Bureau/kataSaveBackend/vendor/laravel/framework/src/Illuminate/Container/BoundMethod.php(36): Illuminate\\Queue\\Console\\WorkCommand->handle()\n#30 /home/louqmane/Bureau/kataSaveBackend/vendor/laravel/framework/src/Illuminate/Container/Util.php(41): Illuminate\\Container\\BoundMethod::Illuminate\\Container\\{closure}()\n#31 /home/louqmane/Bureau/kataSaveBackend/vendor/laravel/framework/src/Illuminate/Container/BoundMethod.php(93): Illuminate\\Container\\Util::unwrapIfClosure()\n#32 /home/louqmane/Bureau/kataSaveBackend/vendor/laravel/framework/src/Illuminate/Container/BoundMethod.php(35): Illuminate\\Container\\BoundMethod::callBoundMethod()\n#33 /home/louqmane/Bureau/kataSaveBackend/vendor/laravel/framework/src/Illuminate/Container/Container.php(662): Illuminate\\Container\\BoundMethod::call()\n#34 /home/louqmane/Bureau/kataSaveBackend/vendor/laravel/framework/src/Illuminate/Console/Command.php(211): Illuminate\\Container\\Container->call()\n#35 /home/louqmane/Bureau/kataSaveBackend/vendor/symfony/console/Command/Command.php(326): Illuminate\\Console\\Command->execute()\n#36 /home/louqmane/Bureau/kataSaveBackend/vendor/laravel/framework/src/Illuminate/Console/Command.php(180): Symfony\\Component\\Console\\Command\\Command->run()\n#37 /home/louqmane/Bureau/kataSaveBackend/vendor/symfony/console/Application.php(1096): Illuminate\\Console\\Command->run()\n#38 /home/louqmane/Bureau/kataSaveBackend/vendor/symfony/console/Application.php(324): Symfony\\Component\\Console\\Application->doRunCommand()\n#39 /home/louqmane/Bureau/kataSaveBackend/vendor/symfony/console/Application.php(175): Symfony\\Component\\Console\\Application->doRun()\n#40 /home/louqmane/Bureau/kataSaveBackend/vendor/laravel/framework/src/Illuminate/Foundation/Console/Kernel.php(201): Symfony\\Component\\Console\\Application->run()\n#41 /home/louqmane/Bureau/kataSaveBackend/artisan(35): Illuminate\\Foundation\\Console\\Kernel->handle()\n#42 {main}', '2024-10-22 07:40:31'),
(77, 'bbc85851-3fa5-407e-a8ac-5d5c1b42e9cc', 'database', 'default', '{\"uuid\":\"bbc85851-3fa5-407e-a8ac-5d5c1b42e9cc\",\"displayName\":\"App\\\\Jobs\\\\ExamAchievementProcess\",\"job\":\"Illuminate\\\\Queue\\\\CallQueuedHandler@call\",\"maxTries\":null,\"maxExceptions\":null,\"failOnTimeout\":false,\"backoff\":null,\"timeout\":null,\"retryUntil\":null,\"data\":{\"commandName\":\"App\\\\Jobs\\\\ExamAchievementProcess\",\"command\":\"O:31:\\\"App\\\\Jobs\\\\ExamAchievementProcess\\\":1:{s:11:\\\"\\u0000*\\u0000event_id\\\";s:2:\\\"74\\\";}\"}}', 'Illuminate\\Queue\\TimeoutExceededException: App\\Jobs\\ExamAchievementProcess has timed out. in /home/louqmane/Bureau/kataSaveBackend/vendor/laravel/framework/src/Illuminate/Queue/TimeoutExceededException.php:15\nStack trace:\n#0 /home/louqmane/Bureau/kataSaveBackend/vendor/laravel/framework/src/Illuminate/Queue/Worker.php(796): Illuminate\\Queue\\TimeoutExceededException::forJob()\n#1 /home/louqmane/Bureau/kataSaveBackend/vendor/laravel/framework/src/Illuminate/Queue/Worker.php(217): Illuminate\\Queue\\Worker->timeoutExceededException()\n#2 /home/louqmane/Bureau/kataSaveBackend/vendor/symfony/mailer/Transport/Smtp/Stream/AbstractStream.php(81): Illuminate\\Queue\\Worker->Illuminate\\Queue\\{closure}()\n#3 /home/louqmane/Bureau/kataSaveBackend/vendor/symfony/mailer/Transport/Smtp/SmtpTransport.php(346): Symfony\\Component\\Mailer\\Transport\\Smtp\\Stream\\AbstractStream->readLine()\n#4 /home/louqmane/Bureau/kataSaveBackend/vendor/symfony/mailer/Transport/Smtp/SmtpTransport.php(196): Symfony\\Component\\Mailer\\Transport\\Smtp\\SmtpTransport->getFullResponse()\n#5 /home/louqmane/Bureau/kataSaveBackend/vendor/symfony/mailer/Transport/Smtp/EsmtpTransport.php(118): Symfony\\Component\\Mailer\\Transport\\Smtp\\SmtpTransport->executeCommand()\n#6 /home/louqmane/Bureau/kataSaveBackend/vendor/symfony/mailer/Transport/Smtp/SmtpTransport.php(316): Symfony\\Component\\Mailer\\Transport\\Smtp\\EsmtpTransport->executeCommand()\n#7 /home/louqmane/Bureau/kataSaveBackend/vendor/symfony/mailer/Transport/Smtp/SmtpTransport.php(205): Symfony\\Component\\Mailer\\Transport\\Smtp\\SmtpTransport->ping()\n#8 /home/louqmane/Bureau/kataSaveBackend/vendor/symfony/mailer/Transport/AbstractTransport.php(69): Symfony\\Component\\Mailer\\Transport\\Smtp\\SmtpTransport->doSend()\n#9 /home/louqmane/Bureau/kataSaveBackend/vendor/symfony/mailer/Transport/Smtp/SmtpTransport.php(137): Symfony\\Component\\Mailer\\Transport\\AbstractTransport->send()\n#10 /home/louqmane/Bureau/kataSaveBackend/vendor/laravel/framework/src/Illuminate/Mail/Mailer.php(573): Symfony\\Component\\Mailer\\Transport\\Smtp\\SmtpTransport->send()\n#11 /home/louqmane/Bureau/kataSaveBackend/vendor/laravel/framework/src/Illuminate/Mail/Mailer.php(335): Illuminate\\Mail\\Mailer->sendSymfonyMessage()\n#12 /home/louqmane/Bureau/kataSaveBackend/vendor/laravel/framework/src/Illuminate/Mail/Mailable.php(205): Illuminate\\Mail\\Mailer->send()\n#13 /home/louqmane/Bureau/kataSaveBackend/vendor/laravel/framework/src/Illuminate/Support/Traits/Localizable.php(19): Illuminate\\Mail\\Mailable->Illuminate\\Mail\\{closure}()\n#14 /home/louqmane/Bureau/kataSaveBackend/vendor/laravel/framework/src/Illuminate/Mail/Mailable.php(198): Illuminate\\Mail\\Mailable->withLocale()\n#15 /home/louqmane/Bureau/kataSaveBackend/vendor/laravel/framework/src/Illuminate/Mail/Mailer.php(357): Illuminate\\Mail\\Mailable->send()\n#16 /home/louqmane/Bureau/kataSaveBackend/vendor/laravel/framework/src/Illuminate/Mail/Mailer.php(301): Illuminate\\Mail\\Mailer->sendMailable()\n#17 /home/louqmane/Bureau/kataSaveBackend/vendor/laravel/framework/src/Illuminate/Mail/PendingMail.php(124): Illuminate\\Mail\\Mailer->send()\n#18 /home/louqmane/Bureau/kataSaveBackend/app/Jobs/ExamAchievementProcess.php(42): Illuminate\\Mail\\PendingMail->send()\n#19 /home/louqmane/Bureau/kataSaveBackend/vendor/laravel/framework/src/Illuminate/Container/BoundMethod.php(36): App\\Jobs\\ExamAchievementProcess->handle()\n#20 /home/louqmane/Bureau/kataSaveBackend/vendor/laravel/framework/src/Illuminate/Container/Util.php(41): Illuminate\\Container\\BoundMethod::Illuminate\\Container\\{closure}()\n#21 /home/louqmane/Bureau/kataSaveBackend/vendor/laravel/framework/src/Illuminate/Container/BoundMethod.php(93): Illuminate\\Container\\Util::unwrapIfClosure()\n#22 /home/louqmane/Bureau/kataSaveBackend/vendor/laravel/framework/src/Illuminate/Container/BoundMethod.php(35): Illuminate\\Container\\BoundMethod::callBoundMethod()\n#23 /home/louqmane/Bureau/kataSaveBackend/vendor/laravel/framework/src/Illuminate/Container/Container.php(662): Illuminate\\Container\\BoundMethod::call()\n#24 /home/louqmane/Bureau/kataSaveBackend/vendor/laravel/framework/src/Illuminate/Bus/Dispatcher.php(128): Illuminate\\Container\\Container->call()\n#25 /home/louqmane/Bureau/kataSaveBackend/vendor/laravel/framework/src/Illuminate/Pipeline/Pipeline.php(144): Illuminate\\Bus\\Dispatcher->Illuminate\\Bus\\{closure}()\n#26 /home/louqmane/Bureau/kataSaveBackend/vendor/laravel/framework/src/Illuminate/Pipeline/Pipeline.php(119): Illuminate\\Pipeline\\Pipeline->Illuminate\\Pipeline\\{closure}()\n#27 /home/louqmane/Bureau/kataSaveBackend/vendor/laravel/framework/src/Illuminate/Bus/Dispatcher.php(132): Illuminate\\Pipeline\\Pipeline->then()\n#28 /home/louqmane/Bureau/kataSaveBackend/vendor/laravel/framework/src/Illuminate/Queue/CallQueuedHandler.php(123): Illuminate\\Bus\\Dispatcher->dispatchNow()\n#29 /home/louqmane/Bureau/kataSaveBackend/vendor/laravel/framework/src/Illuminate/Pipeline/Pipeline.php(144): Illuminate\\Queue\\CallQueuedHandler->Illuminate\\Queue\\{closure}()\n#30 /home/louqmane/Bureau/kataSaveBackend/vendor/laravel/framework/src/Illuminate/Pipeline/Pipeline.php(119): Illuminate\\Pipeline\\Pipeline->Illuminate\\Pipeline\\{closure}()\n#31 /home/louqmane/Bureau/kataSaveBackend/vendor/laravel/framework/src/Illuminate/Queue/CallQueuedHandler.php(122): Illuminate\\Pipeline\\Pipeline->then()\n#32 /home/louqmane/Bureau/kataSaveBackend/vendor/laravel/framework/src/Illuminate/Queue/CallQueuedHandler.php(70): Illuminate\\Queue\\CallQueuedHandler->dispatchThroughMiddleware()\n#33 /home/louqmane/Bureau/kataSaveBackend/vendor/laravel/framework/src/Illuminate/Queue/Jobs/Job.php(102): Illuminate\\Queue\\CallQueuedHandler->call()\n#34 /home/louqmane/Bureau/kataSaveBackend/vendor/laravel/framework/src/Illuminate/Queue/Worker.php(439): Illuminate\\Queue\\Jobs\\Job->fire()\n#35 /home/louqmane/Bureau/kataSaveBackend/vendor/laravel/framework/src/Illuminate/Queue/Worker.php(389): Illuminate\\Queue\\Worker->process()\n#36 /home/louqmane/Bureau/kataSaveBackend/vendor/laravel/framework/src/Illuminate/Queue/Worker.php(176): Illuminate\\Queue\\Worker->runJob()\n#37 /home/louqmane/Bureau/kataSaveBackend/vendor/laravel/framework/src/Illuminate/Queue/Console/WorkCommand.php(137): Illuminate\\Queue\\Worker->daemon()\n#38 /home/louqmane/Bureau/kataSaveBackend/vendor/laravel/framework/src/Illuminate/Queue/Console/WorkCommand.php(120): Illuminate\\Queue\\Console\\WorkCommand->runWorker()\n#39 /home/louqmane/Bureau/kataSaveBackend/vendor/laravel/framework/src/Illuminate/Container/BoundMethod.php(36): Illuminate\\Queue\\Console\\WorkCommand->handle()\n#40 /home/louqmane/Bureau/kataSaveBackend/vendor/laravel/framework/src/Illuminate/Container/Util.php(41): Illuminate\\Container\\BoundMethod::Illuminate\\Container\\{closure}()\n#41 /home/louqmane/Bureau/kataSaveBackend/vendor/laravel/framework/src/Illuminate/Container/BoundMethod.php(93): Illuminate\\Container\\Util::unwrapIfClosure()\n#42 /home/louqmane/Bureau/kataSaveBackend/vendor/laravel/framework/src/Illuminate/Container/BoundMethod.php(35): Illuminate\\Container\\BoundMethod::callBoundMethod()\n#43 /home/louqmane/Bureau/kataSaveBackend/vendor/laravel/framework/src/Illuminate/Container/Container.php(662): Illuminate\\Container\\BoundMethod::call()\n#44 /home/louqmane/Bureau/kataSaveBackend/vendor/laravel/framework/src/Illuminate/Console/Command.php(211): Illuminate\\Container\\Container->call()\n#45 /home/louqmane/Bureau/kataSaveBackend/vendor/symfony/console/Command/Command.php(326): Illuminate\\Console\\Command->execute()\n#46 /home/louqmane/Bureau/kataSaveBackend/vendor/laravel/framework/src/Illuminate/Console/Command.php(180): Symfony\\Component\\Console\\Command\\Command->run()\n#47 /home/louqmane/Bureau/kataSaveBackend/vendor/symfony/console/Application.php(1096): Illuminate\\Console\\Command->run()\n#48 /home/louqmane/Bureau/kataSaveBackend/vendor/symfony/console/Application.php(324): Symfony\\Component\\Console\\Application->doRunCommand()\n#49 /home/louqmane/Bureau/kataSaveBackend/vendor/symfony/console/Application.php(175): Symfony\\Component\\Console\\Application->doRun()\n#50 /home/louqmane/Bureau/kataSaveBackend/vendor/laravel/framework/src/Illuminate/Foundation/Console/Kernel.php(201): Symfony\\Component\\Console\\Application->run()\n#51 /home/louqmane/Bureau/kataSaveBackend/artisan(35): Illuminate\\Foundation\\Console\\Kernel->handle()\n#52 {main}', '2024-10-22 07:49:18'),
(78, 'cb3aff8a-b280-42a7-a98e-8db7511ac58a', 'database', 'default', '{\"uuid\":\"cb3aff8a-b280-42a7-a98e-8db7511ac58a\",\"displayName\":\"App\\\\Mail\\\\AccountConfirmationSent\",\"job\":\"Illuminate\\\\Queue\\\\CallQueuedHandler@call\",\"maxTries\":null,\"maxExceptions\":null,\"failOnTimeout\":false,\"backoff\":null,\"timeout\":null,\"retryUntil\":null,\"data\":{\"commandName\":\"Illuminate\\\\Mail\\\\SendQueuedMailable\",\"command\":\"O:34:\\\"Illuminate\\\\Mail\\\\SendQueuedMailable\\\":15:{s:8:\\\"mailable\\\";O:32:\\\"App\\\\Mail\\\\AccountConfirmationSent\\\":5:{s:8:\\\"username\\\";s:15:\\\"Kaisen  jujistu\\\";s:8:\\\"usermail\\\";s:15:\\\"kaiju@gmail.com\\\";s:8:\\\"password\\\";s:8:\\\";$II$0P\\\\\\\";s:2:\\\"to\\\";a:1:{i:0;a:2:{s:4:\\\"name\\\";N;s:7:\\\"address\\\";s:15:\\\"kaiju@gmail.com\\\";}}s:6:\\\"mailer\\\";s:4:\\\"smtp\\\";}s:5:\\\"tries\\\";N;s:7:\\\"timeout\\\";N;s:13:\\\"maxExceptions\\\";N;s:17:\\\"shouldBeEncrypted\\\";b:0;s:10:\\\"connection\\\";N;s:5:\\\"queue\\\";N;s:15:\\\"chainConnection\\\";N;s:10:\\\"chainQueue\\\";N;s:19:\\\"chainCatchCallbacks\\\";N;s:5:\\\"delay\\\";N;s:11:\\\"afterCommit\\\";N;s:10:\\\"middleware\\\";a:0:{}s:7:\\\"chained\\\";a:0:{}s:3:\\\"job\\\";N;}\"}}', 'Illuminate\\Queue\\TimeoutExceededException: App\\Mail\\AccountConfirmationSent has timed out. in /home/louqmane/Bureau/kataSaveBackend/vendor/laravel/framework/src/Illuminate/Queue/TimeoutExceededException.php:15\nStack trace:\n#0 /home/louqmane/Bureau/kataSaveBackend/vendor/laravel/framework/src/Illuminate/Queue/Worker.php(796): Illuminate\\Queue\\TimeoutExceededException::forJob()\n#1 /home/louqmane/Bureau/kataSaveBackend/vendor/laravel/framework/src/Illuminate/Queue/Worker.php(217): Illuminate\\Queue\\Worker->timeoutExceededException()\n#2 /home/louqmane/Bureau/kataSaveBackend/vendor/symfony/mailer/Transport/Smtp/Stream/AbstractStream.php(81): Illuminate\\Queue\\Worker->Illuminate\\Queue\\{closure}()\n#3 /home/louqmane/Bureau/kataSaveBackend/vendor/symfony/mailer/Transport/Smtp/SmtpTransport.php(346): Symfony\\Component\\Mailer\\Transport\\Smtp\\Stream\\AbstractStream->readLine()\n#4 /home/louqmane/Bureau/kataSaveBackend/vendor/symfony/mailer/Transport/Smtp/SmtpTransport.php(196): Symfony\\Component\\Mailer\\Transport\\Smtp\\SmtpTransport->getFullResponse()\n#5 /home/louqmane/Bureau/kataSaveBackend/vendor/symfony/mailer/Transport/Smtp/EsmtpTransport.php(118): Symfony\\Component\\Mailer\\Transport\\Smtp\\SmtpTransport->executeCommand()\n#6 /home/louqmane/Bureau/kataSaveBackend/vendor/symfony/mailer/Transport/Smtp/SmtpTransport.php(316): Symfony\\Component\\Mailer\\Transport\\Smtp\\EsmtpTransport->executeCommand()\n#7 /home/louqmane/Bureau/kataSaveBackend/vendor/symfony/mailer/Transport/Smtp/SmtpTransport.php(205): Symfony\\Component\\Mailer\\Transport\\Smtp\\SmtpTransport->ping()\n#8 /home/louqmane/Bureau/kataSaveBackend/vendor/symfony/mailer/Transport/AbstractTransport.php(69): Symfony\\Component\\Mailer\\Transport\\Smtp\\SmtpTransport->doSend()\n#9 /home/louqmane/Bureau/kataSaveBackend/vendor/symfony/mailer/Transport/Smtp/SmtpTransport.php(137): Symfony\\Component\\Mailer\\Transport\\AbstractTransport->send()\n#10 /home/louqmane/Bureau/kataSaveBackend/vendor/laravel/framework/src/Illuminate/Mail/Mailer.php(573): Symfony\\Component\\Mailer\\Transport\\Smtp\\SmtpTransport->send()\n#11 /home/louqmane/Bureau/kataSaveBackend/vendor/laravel/framework/src/Illuminate/Mail/Mailer.php(335): Illuminate\\Mail\\Mailer->sendSymfonyMessage()\n#12 /home/louqmane/Bureau/kataSaveBackend/vendor/laravel/framework/src/Illuminate/Mail/Mailable.php(205): Illuminate\\Mail\\Mailer->send()\n#13 /home/louqmane/Bureau/kataSaveBackend/vendor/laravel/framework/src/Illuminate/Support/Traits/Localizable.php(19): Illuminate\\Mail\\Mailable->Illuminate\\Mail\\{closure}()\n#14 /home/louqmane/Bureau/kataSaveBackend/vendor/laravel/framework/src/Illuminate/Mail/Mailable.php(198): Illuminate\\Mail\\Mailable->withLocale()\n#15 /home/louqmane/Bureau/kataSaveBackend/vendor/laravel/framework/src/Illuminate/Mail/SendQueuedMailable.php(83): Illuminate\\Mail\\Mailable->send()\n#16 /home/louqmane/Bureau/kataSaveBackend/vendor/laravel/framework/src/Illuminate/Container/BoundMethod.php(36): Illuminate\\Mail\\SendQueuedMailable->handle()\n#17 /home/louqmane/Bureau/kataSaveBackend/vendor/laravel/framework/src/Illuminate/Container/Util.php(41): Illuminate\\Container\\BoundMethod::Illuminate\\Container\\{closure}()\n#18 /home/louqmane/Bureau/kataSaveBackend/vendor/laravel/framework/src/Illuminate/Container/BoundMethod.php(93): Illuminate\\Container\\Util::unwrapIfClosure()\n#19 /home/louqmane/Bureau/kataSaveBackend/vendor/laravel/framework/src/Illuminate/Container/BoundMethod.php(35): Illuminate\\Container\\BoundMethod::callBoundMethod()\n#20 /home/louqmane/Bureau/kataSaveBackend/vendor/laravel/framework/src/Illuminate/Container/Container.php(662): Illuminate\\Container\\BoundMethod::call()\n#21 /home/louqmane/Bureau/kataSaveBackend/vendor/laravel/framework/src/Illuminate/Bus/Dispatcher.php(128): Illuminate\\Container\\Container->call()\n#22 /home/louqmane/Bureau/kataSaveBackend/vendor/laravel/framework/src/Illuminate/Pipeline/Pipeline.php(144): Illuminate\\Bus\\Dispatcher->Illuminate\\Bus\\{closure}()\n#23 /home/louqmane/Bureau/kataSaveBackend/vendor/laravel/framework/src/Illuminate/Pipeline/Pipeline.php(119): Illuminate\\Pipeline\\Pipeline->Illuminate\\Pipeline\\{closure}()\n#24 /home/louqmane/Bureau/kataSaveBackend/vendor/laravel/framework/src/Illuminate/Bus/Dispatcher.php(132): Illuminate\\Pipeline\\Pipeline->then()\n#25 /home/louqmane/Bureau/kataSaveBackend/vendor/laravel/framework/src/Illuminate/Queue/CallQueuedHandler.php(123): Illuminate\\Bus\\Dispatcher->dispatchNow()\n#26 /home/louqmane/Bureau/kataSaveBackend/vendor/laravel/framework/src/Illuminate/Pipeline/Pipeline.php(144): Illuminate\\Queue\\CallQueuedHandler->Illuminate\\Queue\\{closure}()\n#27 /home/louqmane/Bureau/kataSaveBackend/vendor/laravel/framework/src/Illuminate/Pipeline/Pipeline.php(119): Illuminate\\Pipeline\\Pipeline->Illuminate\\Pipeline\\{closure}()\n#28 /home/louqmane/Bureau/kataSaveBackend/vendor/laravel/framework/src/Illuminate/Queue/CallQueuedHandler.php(122): Illuminate\\Pipeline\\Pipeline->then()\n#29 /home/louqmane/Bureau/kataSaveBackend/vendor/laravel/framework/src/Illuminate/Queue/CallQueuedHandler.php(70): Illuminate\\Queue\\CallQueuedHandler->dispatchThroughMiddleware()\n#30 /home/louqmane/Bureau/kataSaveBackend/vendor/laravel/framework/src/Illuminate/Queue/Jobs/Job.php(102): Illuminate\\Queue\\CallQueuedHandler->call()\n#31 /home/louqmane/Bureau/kataSaveBackend/vendor/laravel/framework/src/Illuminate/Queue/Worker.php(439): Illuminate\\Queue\\Jobs\\Job->fire()\n#32 /home/louqmane/Bureau/kataSaveBackend/vendor/laravel/framework/src/Illuminate/Queue/Worker.php(389): Illuminate\\Queue\\Worker->process()\n#33 /home/louqmane/Bureau/kataSaveBackend/vendor/laravel/framework/src/Illuminate/Queue/Worker.php(176): Illuminate\\Queue\\Worker->runJob()\n#34 /home/louqmane/Bureau/kataSaveBackend/vendor/laravel/framework/src/Illuminate/Queue/Console/WorkCommand.php(137): Illuminate\\Queue\\Worker->daemon()\n#35 /home/louqmane/Bureau/kataSaveBackend/vendor/laravel/framework/src/Illuminate/Queue/Console/WorkCommand.php(120): Illuminate\\Queue\\Console\\WorkCommand->runWorker()\n#36 /home/louqmane/Bureau/kataSaveBackend/vendor/laravel/framework/src/Illuminate/Container/BoundMethod.php(36): Illuminate\\Queue\\Console\\WorkCommand->handle()\n#37 /home/louqmane/Bureau/kataSaveBackend/vendor/laravel/framework/src/Illuminate/Container/Util.php(41): Illuminate\\Container\\BoundMethod::Illuminate\\Container\\{closure}()\n#38 /home/louqmane/Bureau/kataSaveBackend/vendor/laravel/framework/src/Illuminate/Container/BoundMethod.php(93): Illuminate\\Container\\Util::unwrapIfClosure()\n#39 /home/louqmane/Bureau/kataSaveBackend/vendor/laravel/framework/src/Illuminate/Container/BoundMethod.php(35): Illuminate\\Container\\BoundMethod::callBoundMethod()\n#40 /home/louqmane/Bureau/kataSaveBackend/vendor/laravel/framework/src/Illuminate/Container/Container.php(662): Illuminate\\Container\\BoundMethod::call()\n#41 /home/louqmane/Bureau/kataSaveBackend/vendor/laravel/framework/src/Illuminate/Console/Command.php(211): Illuminate\\Container\\Container->call()\n#42 /home/louqmane/Bureau/kataSaveBackend/vendor/symfony/console/Command/Command.php(326): Illuminate\\Console\\Command->execute()\n#43 /home/louqmane/Bureau/kataSaveBackend/vendor/laravel/framework/src/Illuminate/Console/Command.php(180): Symfony\\Component\\Console\\Command\\Command->run()\n#44 /home/louqmane/Bureau/kataSaveBackend/vendor/symfony/console/Application.php(1096): Illuminate\\Console\\Command->run()\n#45 /home/louqmane/Bureau/kataSaveBackend/vendor/symfony/console/Application.php(324): Symfony\\Component\\Console\\Application->doRunCommand()\n#46 /home/louqmane/Bureau/kataSaveBackend/vendor/symfony/console/Application.php(175): Symfony\\Component\\Console\\Application->doRun()\n#47 /home/louqmane/Bureau/kataSaveBackend/vendor/laravel/framework/src/Illuminate/Foundation/Console/Kernel.php(201): Symfony\\Component\\Console\\Application->run()\n#48 /home/louqmane/Bureau/kataSaveBackend/artisan(35): Illuminate\\Foundation\\Console\\Kernel->handle()\n#49 {main}', '2024-10-22 19:06:03'),
(79, '828a0425-2287-48a9-9b67-736fef090f75', 'database', 'default', '{\"uuid\":\"828a0425-2287-48a9-9b67-736fef090f75\",\"displayName\":\"App\\\\Jobs\\\\ReceiptFeesProcess\",\"job\":\"Illuminate\\\\Queue\\\\CallQueuedHandler@call\",\"maxTries\":null,\"maxExceptions\":null,\"failOnTimeout\":false,\"backoff\":null,\"timeout\":null,\"retryUntil\":null,\"data\":{\"commandName\":\"App\\\\Jobs\\\\ReceiptFeesProcess\",\"command\":\"O:27:\\\"App\\\\Jobs\\\\ReceiptFeesProcess\\\":1:{s:17:\\\"\\u0000*\\u0000transaction_id\\\";s:3:\\\"240\\\";}\"}}', 'ErrorException: Undefined variable $event_id in /home/louqmane/Bureau/kataSaveBackend/storage/framework/views/04ee7ee1806c23b015e34f26a0388f2a.php:115\nStack trace:\n#0 /home/louqmane/Bureau/kataSaveBackend/vendor/laravel/framework/src/Illuminate/Foundation/Bootstrap/HandleExceptions.php(255): Illuminate\\Foundation\\Bootstrap\\HandleExceptions->handleError()\n#1 /home/louqmane/Bureau/kataSaveBackend/storage/framework/views/04ee7ee1806c23b015e34f26a0388f2a.php(115): Illuminate\\Foundation\\Bootstrap\\HandleExceptions->Illuminate\\Foundation\\Bootstrap\\{closure}()\n#2 /home/louqmane/Bureau/kataSaveBackend/vendor/laravel/framework/src/Illuminate/Filesystem/Filesystem.php(123): require(\'...\')\n#3 /home/louqmane/Bureau/kataSaveBackend/vendor/laravel/framework/src/Illuminate/Filesystem/Filesystem.php(124): Illuminate\\Filesystem\\Filesystem::Illuminate\\Filesystem\\{closure}()\n#4 /home/louqmane/Bureau/kataSaveBackend/vendor/laravel/framework/src/Illuminate/View/Engines/PhpEngine.php(58): Illuminate\\Filesystem\\Filesystem->getRequire()\n#5 /home/louqmane/Bureau/kataSaveBackend/vendor/laravel/framework/src/Illuminate/View/Engines/CompilerEngine.php(72): Illuminate\\View\\Engines\\PhpEngine->evaluatePath()\n#6 /home/louqmane/Bureau/kataSaveBackend/vendor/laravel/framework/src/Illuminate/View/View.php(207): Illuminate\\View\\Engines\\CompilerEngine->get()\n#7 /home/louqmane/Bureau/kataSaveBackend/vendor/laravel/framework/src/Illuminate/View/View.php(190): Illuminate\\View\\View->getContents()\n#8 /home/louqmane/Bureau/kataSaveBackend/vendor/laravel/framework/src/Illuminate/View/View.php(159): Illuminate\\View\\View->renderContents()\n#9 /home/louqmane/Bureau/kataSaveBackend/vendor/barryvdh/laravel-dompdf/src/PDF.php(142): Illuminate\\View\\View->render()\n#10 /home/louqmane/Bureau/kataSaveBackend/vendor/barryvdh/laravel-dompdf/src/Facade/Pdf.php(66): Barryvdh\\DomPDF\\PDF->loadView()\n#11 /home/louqmane/Bureau/kataSaveBackend/app/Jobs/ReceiptFeesProcess.php(49): Barryvdh\\DomPDF\\Facade\\Pdf::__callStatic()\n#12 /home/louqmane/Bureau/kataSaveBackend/vendor/laravel/framework/src/Illuminate/Container/BoundMethod.php(36): App\\Jobs\\ReceiptFeesProcess->handle()\n#13 /home/louqmane/Bureau/kataSaveBackend/vendor/laravel/framework/src/Illuminate/Container/Util.php(41): Illuminate\\Container\\BoundMethod::Illuminate\\Container\\{closure}()\n#14 /home/louqmane/Bureau/kataSaveBackend/vendor/laravel/framework/src/Illuminate/Container/BoundMethod.php(93): Illuminate\\Container\\Util::unwrapIfClosure()\n#15 /home/louqmane/Bureau/kataSaveBackend/vendor/laravel/framework/src/Illuminate/Container/BoundMethod.php(35): Illuminate\\Container\\BoundMethod::callBoundMethod()\n#16 /home/louqmane/Bureau/kataSaveBackend/vendor/laravel/framework/src/Illuminate/Container/Container.php(662): Illuminate\\Container\\BoundMethod::call()\n#17 /home/louqmane/Bureau/kataSaveBackend/vendor/laravel/framework/src/Illuminate/Bus/Dispatcher.php(128): Illuminate\\Container\\Container->call()\n#18 /home/louqmane/Bureau/kataSaveBackend/vendor/laravel/framework/src/Illuminate/Pipeline/Pipeline.php(144): Illuminate\\Bus\\Dispatcher->Illuminate\\Bus\\{closure}()\n#19 /home/louqmane/Bureau/kataSaveBackend/vendor/laravel/framework/src/Illuminate/Pipeline/Pipeline.php(119): Illuminate\\Pipeline\\Pipeline->Illuminate\\Pipeline\\{closure}()\n#20 /home/louqmane/Bureau/kataSaveBackend/vendor/laravel/framework/src/Illuminate/Bus/Dispatcher.php(132): Illuminate\\Pipeline\\Pipeline->then()\n#21 /home/louqmane/Bureau/kataSaveBackend/vendor/laravel/framework/src/Illuminate/Queue/CallQueuedHandler.php(123): Illuminate\\Bus\\Dispatcher->dispatchNow()\n#22 /home/louqmane/Bureau/kataSaveBackend/vendor/laravel/framework/src/Illuminate/Pipeline/Pipeline.php(144): Illuminate\\Queue\\CallQueuedHandler->Illuminate\\Queue\\{closure}()\n#23 /home/louqmane/Bureau/kataSaveBackend/vendor/laravel/framework/src/Illuminate/Pipeline/Pipeline.php(119): Illuminate\\Pipeline\\Pipeline->Illuminate\\Pipeline\\{closure}()\n#24 /home/louqmane/Bureau/kataSaveBackend/vendor/laravel/framework/src/Illuminate/Queue/CallQueuedHandler.php(122): Illuminate\\Pipeline\\Pipeline->then()\n#25 /home/louqmane/Bureau/kataSaveBackend/vendor/laravel/framework/src/Illuminate/Queue/CallQueuedHandler.php(70): Illuminate\\Queue\\CallQueuedHandler->dispatchThroughMiddleware()\n#26 /home/louqmane/Bureau/kataSaveBackend/vendor/laravel/framework/src/Illuminate/Queue/Jobs/Job.php(102): Illuminate\\Queue\\CallQueuedHandler->call()\n#27 /home/louqmane/Bureau/kataSaveBackend/vendor/laravel/framework/src/Illuminate/Queue/Worker.php(439): Illuminate\\Queue\\Jobs\\Job->fire()\n#28 /home/louqmane/Bureau/kataSaveBackend/vendor/laravel/framework/src/Illuminate/Queue/Worker.php(389): Illuminate\\Queue\\Worker->process()\n#29 /home/louqmane/Bureau/kataSaveBackend/vendor/laravel/framework/src/Illuminate/Queue/Worker.php(176): Illuminate\\Queue\\Worker->runJob()\n#30 /home/louqmane/Bureau/kataSaveBackend/vendor/laravel/framework/src/Illuminate/Queue/Console/WorkCommand.php(137): Illuminate\\Queue\\Worker->daemon()\n#31 /home/louqmane/Bureau/kataSaveBackend/vendor/laravel/framework/src/Illuminate/Queue/Console/WorkCommand.php(120): Illuminate\\Queue\\Console\\WorkCommand->runWorker()\n#32 /home/louqmane/Bureau/kataSaveBackend/vendor/laravel/framework/src/Illuminate/Container/BoundMethod.php(36): Illuminate\\Queue\\Console\\WorkCommand->handle()\n#33 /home/louqmane/Bureau/kataSaveBackend/vendor/laravel/framework/src/Illuminate/Container/Util.php(41): Illuminate\\Container\\BoundMethod::Illuminate\\Container\\{closure}()\n#34 /home/louqmane/Bureau/kataSaveBackend/vendor/laravel/framework/src/Illuminate/Container/BoundMethod.php(93): Illuminate\\Container\\Util::unwrapIfClosure()\n#35 /home/louqmane/Bureau/kataSaveBackend/vendor/laravel/framework/src/Illuminate/Container/BoundMethod.php(35): Illuminate\\Container\\BoundMethod::callBoundMethod()\n#36 /home/louqmane/Bureau/kataSaveBackend/vendor/laravel/framework/src/Illuminate/Container/Container.php(662): Illuminate\\Container\\BoundMethod::call()\n#37 /home/louqmane/Bureau/kataSaveBackend/vendor/laravel/framework/src/Illuminate/Console/Command.php(211): Illuminate\\Container\\Container->call()\n#38 /home/louqmane/Bureau/kataSaveBackend/vendor/symfony/console/Command/Command.php(326): Illuminate\\Console\\Command->execute()\n#39 /home/louqmane/Bureau/kataSaveBackend/vendor/laravel/framework/src/Illuminate/Console/Command.php(180): Symfony\\Component\\Console\\Command\\Command->run()\n#40 /home/louqmane/Bureau/kataSaveBackend/vendor/symfony/console/Application.php(1096): Illuminate\\Console\\Command->run()\n#41 /home/louqmane/Bureau/kataSaveBackend/vendor/symfony/console/Application.php(324): Symfony\\Component\\Console\\Application->doRunCommand()\n#42 /home/louqmane/Bureau/kataSaveBackend/vendor/symfony/console/Application.php(175): Symfony\\Component\\Console\\Application->doRun()\n#43 /home/louqmane/Bureau/kataSaveBackend/vendor/laravel/framework/src/Illuminate/Foundation/Console/Kernel.php(201): Symfony\\Component\\Console\\Application->run()\n#44 /home/louqmane/Bureau/kataSaveBackend/artisan(35): Illuminate\\Foundation\\Console\\Kernel->handle()\n#45 {main}\n\nNext Illuminate\\View\\ViewException: Undefined variable $event_id (View: /home/louqmane/Bureau/kataSaveBackend/resources/views/generatedPdf/FeesRecept.blade.php) in /home/louqmane/Bureau/kataSaveBackend/storage/framework/views/04ee7ee1806c23b015e34f26a0388f2a.php:115\nStack trace:\n#0 /home/louqmane/Bureau/kataSaveBackend/vendor/laravel/framework/src/Illuminate/View/Engines/PhpEngine.php(60): Illuminate\\View\\Engines\\CompilerEngine->handleViewException()\n#1 /home/louqmane/Bureau/kataSaveBackend/vendor/laravel/framework/src/Illuminate/View/Engines/CompilerEngine.php(72): Illuminate\\View\\Engines\\PhpEngine->evaluatePath()\n#2 /home/louqmane/Bureau/kataSaveBackend/vendor/laravel/framework/src/Illuminate/View/View.php(207): Illuminate\\View\\Engines\\CompilerEngine->get()\n#3 /home/louqmane/Bureau/kataSaveBackend/vendor/laravel/framework/src/Illuminate/View/View.php(190): Illuminate\\View\\View->getContents()\n#4 /home/louqmane/Bureau/kataSaveBackend/vendor/laravel/framework/src/Illuminate/View/View.php(159): Illuminate\\View\\View->renderContents()\n#5 /home/louqmane/Bureau/kataSaveBackend/vendor/barryvdh/laravel-dompdf/src/PDF.php(142): Illuminate\\View\\View->render()\n#6 /home/louqmane/Bureau/kataSaveBackend/vendor/barryvdh/laravel-dompdf/src/Facade/Pdf.php(66): Barryvdh\\DomPDF\\PDF->loadView()\n#7 /home/louqmane/Bureau/kataSaveBackend/app/Jobs/ReceiptFeesProcess.php(49): Barryvdh\\DomPDF\\Facade\\Pdf::__callStatic()\n#8 /home/louqmane/Bureau/kataSaveBackend/vendor/laravel/framework/src/Illuminate/Container/BoundMethod.php(36): App\\Jobs\\ReceiptFeesProcess->handle()\n#9 /home/louqmane/Bureau/kataSaveBackend/vendor/laravel/framework/src/Illuminate/Container/Util.php(41): Illuminate\\Container\\BoundMethod::Illuminate\\Container\\{closure}()\n#10 /home/louqmane/Bureau/kataSaveBackend/vendor/laravel/framework/src/Illuminate/Container/BoundMethod.php(93): Illuminate\\Container\\Util::unwrapIfClosure()\n#11 /home/louqmane/Bureau/kataSaveBackend/vendor/laravel/framework/src/Illuminate/Container/BoundMethod.php(35): Illuminate\\Container\\BoundMethod::callBoundMethod()\n#12 /home/louqmane/Bureau/kataSaveBackend/vendor/laravel/framework/src/Illuminate/Container/Container.php(662): Illuminate\\Container\\BoundMethod::call()\n#13 /home/louqmane/Bureau/kataSaveBackend/vendor/laravel/framework/src/Illuminate/Bus/Dispatcher.php(128): Illuminate\\Container\\Container->call()\n#14 /home/louqmane/Bureau/kataSaveBackend/vendor/laravel/framework/src/Illuminate/Pipeline/Pipeline.php(144): Illuminate\\Bus\\Dispatcher->Illuminate\\Bus\\{closure}()\n#15 /home/louqmane/Bureau/kataSaveBackend/vendor/laravel/framework/src/Illuminate/Pipeline/Pipeline.php(119): Illuminate\\Pipeline\\Pipeline->Illuminate\\Pipeline\\{closure}()\n#16 /home/louqmane/Bureau/kataSaveBackend/vendor/laravel/framework/src/Illuminate/Bus/Dispatcher.php(132): Illuminate\\Pipeline\\Pipeline->then()\n#17 /home/louqmane/Bureau/kataSaveBackend/vendor/laravel/framework/src/Illuminate/Queue/CallQueuedHandler.php(123): Illuminate\\Bus\\Dispatcher->dispatchNow()\n#18 /home/louqmane/Bureau/kataSaveBackend/vendor/laravel/framework/src/Illuminate/Pipeline/Pipeline.php(144): Illuminate\\Queue\\CallQueuedHandler->Illuminate\\Queue\\{closure}()\n#19 /home/louqmane/Bureau/kataSaveBackend/vendor/laravel/framework/src/Illuminate/Pipeline/Pipeline.php(119): Illuminate\\Pipeline\\Pipeline->Illuminate\\Pipeline\\{closure}()\n#20 /home/louqmane/Bureau/kataSaveBackend/vendor/laravel/framework/src/Illuminate/Queue/CallQueuedHandler.php(122): Illuminate\\Pipeline\\Pipeline->then()\n#21 /home/louqmane/Bureau/kataSaveBackend/vendor/laravel/framework/src/Illuminate/Queue/CallQueuedHandler.php(70): Illuminate\\Queue\\CallQueuedHandler->dispatchThroughMiddleware()\n#22 /home/louqmane/Bureau/kataSaveBackend/vendor/laravel/framework/src/Illuminate/Queue/Jobs/Job.php(102): Illuminate\\Queue\\CallQueuedHandler->call()\n#23 /home/louqmane/Bureau/kataSaveBackend/vendor/laravel/framework/src/Illuminate/Queue/Worker.php(439): Illuminate\\Queue\\Jobs\\Job->fire()\n#24 /home/louqmane/Bureau/kataSaveBackend/vendor/laravel/framework/src/Illuminate/Queue/Worker.php(389): Illuminate\\Queue\\Worker->process()\n#25 /home/louqmane/Bureau/kataSaveBackend/vendor/laravel/framework/src/Illuminate/Queue/Worker.php(176): Illuminate\\Queue\\Worker->runJob()\n#26 /home/louqmane/Bureau/kataSaveBackend/vendor/laravel/framework/src/Illuminate/Queue/Console/WorkCommand.php(137): Illuminate\\Queue\\Worker->daemon()\n#27 /home/louqmane/Bureau/kataSaveBackend/vendor/laravel/framework/src/Illuminate/Queue/Console/WorkCommand.php(120): Illuminate\\Queue\\Console\\WorkCommand->runWorker()\n#28 /home/louqmane/Bureau/kataSaveBackend/vendor/laravel/framework/src/Illuminate/Container/BoundMethod.php(36): Illuminate\\Queue\\Console\\WorkCommand->handle()\n#29 /home/louqmane/Bureau/kataSaveBackend/vendor/laravel/framework/src/Illuminate/Container/Util.php(41): Illuminate\\Container\\BoundMethod::Illuminate\\Container\\{closure}()\n#30 /home/louqmane/Bureau/kataSaveBackend/vendor/laravel/framework/src/Illuminate/Container/BoundMethod.php(93): Illuminate\\Container\\Util::unwrapIfClosure()\n#31 /home/louqmane/Bureau/kataSaveBackend/vendor/laravel/framework/src/Illuminate/Container/BoundMethod.php(35): Illuminate\\Container\\BoundMethod::callBoundMethod()\n#32 /home/louqmane/Bureau/kataSaveBackend/vendor/laravel/framework/src/Illuminate/Container/Container.php(662): Illuminate\\Container\\BoundMethod::call()\n#33 /home/louqmane/Bureau/kataSaveBackend/vendor/laravel/framework/src/Illuminate/Console/Command.php(211): Illuminate\\Container\\Container->call()\n#34 /home/louqmane/Bureau/kataSaveBackend/vendor/symfony/console/Command/Command.php(326): Illuminate\\Console\\Command->execute()\n#35 /home/louqmane/Bureau/kataSaveBackend/vendor/laravel/framework/src/Illuminate/Console/Command.php(180): Symfony\\Component\\Console\\Command\\Command->run()\n#36 /home/louqmane/Bureau/kataSaveBackend/vendor/symfony/console/Application.php(1096): Illuminate\\Console\\Command->run()\n#37 /home/louqmane/Bureau/kataSaveBackend/vendor/symfony/console/Application.php(324): Symfony\\Component\\Console\\Application->doRunCommand()\n#38 /home/louqmane/Bureau/kataSaveBackend/vendor/symfony/console/Application.php(175): Symfony\\Component\\Console\\Application->doRun()\n#39 /home/louqmane/Bureau/kataSaveBackend/vendor/laravel/framework/src/Illuminate/Foundation/Console/Kernel.php(201): Symfony\\Component\\Console\\Application->run()\n#40 /home/louqmane/Bureau/kataSaveBackend/artisan(35): Illuminate\\Foundation\\Console\\Kernel->handle()\n#41 {main}', '2024-10-23 09:59:44'),
(80, '0920549b-92d8-4ca9-ac5d-bd18c4e3de34', 'database', 'default', '{\"uuid\":\"0920549b-92d8-4ca9-ac5d-bd18c4e3de34\",\"displayName\":\"App\\\\Jobs\\\\ReceiptFeesProcess\",\"job\":\"Illuminate\\\\Queue\\\\CallQueuedHandler@call\",\"maxTries\":null,\"maxExceptions\":null,\"failOnTimeout\":false,\"backoff\":null,\"timeout\":null,\"retryUntil\":null,\"data\":{\"commandName\":\"App\\\\Jobs\\\\ReceiptFeesProcess\",\"command\":\"O:27:\\\"App\\\\Jobs\\\\ReceiptFeesProcess\\\":1:{s:17:\\\"\\u0000*\\u0000transaction_id\\\";s:3:\\\"240\\\";}\"}}', 'Error: Call to a member function save() on null in /home/louqmane/Bureau/kataSaveBackend/app/Jobs/ReceiptFeesProcess.php:56\nStack trace:\n#0 /home/louqmane/Bureau/kataSaveBackend/vendor/laravel/framework/src/Illuminate/Container/BoundMethod.php(36): App\\Jobs\\ReceiptFeesProcess->handle()\n#1 /home/louqmane/Bureau/kataSaveBackend/vendor/laravel/framework/src/Illuminate/Container/Util.php(41): Illuminate\\Container\\BoundMethod::Illuminate\\Container\\{closure}()\n#2 /home/louqmane/Bureau/kataSaveBackend/vendor/laravel/framework/src/Illuminate/Container/BoundMethod.php(93): Illuminate\\Container\\Util::unwrapIfClosure()\n#3 /home/louqmane/Bureau/kataSaveBackend/vendor/laravel/framework/src/Illuminate/Container/BoundMethod.php(35): Illuminate\\Container\\BoundMethod::callBoundMethod()\n#4 /home/louqmane/Bureau/kataSaveBackend/vendor/laravel/framework/src/Illuminate/Container/Container.php(662): Illuminate\\Container\\BoundMethod::call()\n#5 /home/louqmane/Bureau/kataSaveBackend/vendor/laravel/framework/src/Illuminate/Bus/Dispatcher.php(128): Illuminate\\Container\\Container->call()\n#6 /home/louqmane/Bureau/kataSaveBackend/vendor/laravel/framework/src/Illuminate/Pipeline/Pipeline.php(144): Illuminate\\Bus\\Dispatcher->Illuminate\\Bus\\{closure}()\n#7 /home/louqmane/Bureau/kataSaveBackend/vendor/laravel/framework/src/Illuminate/Pipeline/Pipeline.php(119): Illuminate\\Pipeline\\Pipeline->Illuminate\\Pipeline\\{closure}()\n#8 /home/louqmane/Bureau/kataSaveBackend/vendor/laravel/framework/src/Illuminate/Bus/Dispatcher.php(132): Illuminate\\Pipeline\\Pipeline->then()\n#9 /home/louqmane/Bureau/kataSaveBackend/vendor/laravel/framework/src/Illuminate/Queue/CallQueuedHandler.php(123): Illuminate\\Bus\\Dispatcher->dispatchNow()\n#10 /home/louqmane/Bureau/kataSaveBackend/vendor/laravel/framework/src/Illuminate/Pipeline/Pipeline.php(144): Illuminate\\Queue\\CallQueuedHandler->Illuminate\\Queue\\{closure}()\n#11 /home/louqmane/Bureau/kataSaveBackend/vendor/laravel/framework/src/Illuminate/Pipeline/Pipeline.php(119): Illuminate\\Pipeline\\Pipeline->Illuminate\\Pipeline\\{closure}()\n#12 /home/louqmane/Bureau/kataSaveBackend/vendor/laravel/framework/src/Illuminate/Queue/CallQueuedHandler.php(122): Illuminate\\Pipeline\\Pipeline->then()\n#13 /home/louqmane/Bureau/kataSaveBackend/vendor/laravel/framework/src/Illuminate/Queue/CallQueuedHandler.php(70): Illuminate\\Queue\\CallQueuedHandler->dispatchThroughMiddleware()\n#14 /home/louqmane/Bureau/kataSaveBackend/vendor/laravel/framework/src/Illuminate/Queue/Jobs/Job.php(102): Illuminate\\Queue\\CallQueuedHandler->call()\n#15 /home/louqmane/Bureau/kataSaveBackend/vendor/laravel/framework/src/Illuminate/Queue/Worker.php(439): Illuminate\\Queue\\Jobs\\Job->fire()\n#16 /home/louqmane/Bureau/kataSaveBackend/vendor/laravel/framework/src/Illuminate/Queue/Worker.php(389): Illuminate\\Queue\\Worker->process()\n#17 /home/louqmane/Bureau/kataSaveBackend/vendor/laravel/framework/src/Illuminate/Queue/Worker.php(176): Illuminate\\Queue\\Worker->runJob()\n#18 /home/louqmane/Bureau/kataSaveBackend/vendor/laravel/framework/src/Illuminate/Queue/Console/WorkCommand.php(137): Illuminate\\Queue\\Worker->daemon()\n#19 /home/louqmane/Bureau/kataSaveBackend/vendor/laravel/framework/src/Illuminate/Queue/Console/WorkCommand.php(120): Illuminate\\Queue\\Console\\WorkCommand->runWorker()\n#20 /home/louqmane/Bureau/kataSaveBackend/vendor/laravel/framework/src/Illuminate/Container/BoundMethod.php(36): Illuminate\\Queue\\Console\\WorkCommand->handle()\n#21 /home/louqmane/Bureau/kataSaveBackend/vendor/laravel/framework/src/Illuminate/Container/Util.php(41): Illuminate\\Container\\BoundMethod::Illuminate\\Container\\{closure}()\n#22 /home/louqmane/Bureau/kataSaveBackend/vendor/laravel/framework/src/Illuminate/Container/BoundMethod.php(93): Illuminate\\Container\\Util::unwrapIfClosure()\n#23 /home/louqmane/Bureau/kataSaveBackend/vendor/laravel/framework/src/Illuminate/Container/BoundMethod.php(35): Illuminate\\Container\\BoundMethod::callBoundMethod()\n#24 /home/louqmane/Bureau/kataSaveBackend/vendor/laravel/framework/src/Illuminate/Container/Container.php(662): Illuminate\\Container\\BoundMethod::call()\n#25 /home/louqmane/Bureau/kataSaveBackend/vendor/laravel/framework/src/Illuminate/Console/Command.php(211): Illuminate\\Container\\Container->call()\n#26 /home/louqmane/Bureau/kataSaveBackend/vendor/symfony/console/Command/Command.php(326): Illuminate\\Console\\Command->execute()\n#27 /home/louqmane/Bureau/kataSaveBackend/vendor/laravel/framework/src/Illuminate/Console/Command.php(180): Symfony\\Component\\Console\\Command\\Command->run()\n#28 /home/louqmane/Bureau/kataSaveBackend/vendor/symfony/console/Application.php(1096): Illuminate\\Console\\Command->run()\n#29 /home/louqmane/Bureau/kataSaveBackend/vendor/symfony/console/Application.php(324): Symfony\\Component\\Console\\Application->doRunCommand()\n#30 /home/louqmane/Bureau/kataSaveBackend/vendor/symfony/console/Application.php(175): Symfony\\Component\\Console\\Application->doRun()\n#31 /home/louqmane/Bureau/kataSaveBackend/vendor/laravel/framework/src/Illuminate/Foundation/Console/Kernel.php(201): Symfony\\Component\\Console\\Application->run()\n#32 /home/louqmane/Bureau/kataSaveBackend/artisan(35): Illuminate\\Foundation\\Console\\Kernel->handle()\n#33 {main}', '2024-10-23 10:02:14');
INSERT INTO `failed_jobs` (`id`, `uuid`, `connection`, `queue`, `payload`, `exception`, `failed_at`) VALUES
(81, 'a4bae048-a486-4c97-8f50-0b1ded52f860', 'database', 'default', '{\"uuid\":\"a4bae048-a486-4c97-8f50-0b1ded52f860\",\"displayName\":\"App\\\\Jobs\\\\ReceiptFeesProcess\",\"job\":\"Illuminate\\\\Queue\\\\CallQueuedHandler@call\",\"maxTries\":null,\"maxExceptions\":null,\"failOnTimeout\":false,\"backoff\":null,\"timeout\":null,\"retryUntil\":null,\"data\":{\"commandName\":\"App\\\\Jobs\\\\ReceiptFeesProcess\",\"command\":\"O:27:\\\"App\\\\Jobs\\\\ReceiptFeesProcess\\\":1:{s:17:\\\"\\u0000*\\u0000transaction_id\\\";s:3:\\\"240\\\";}\"}}', 'Error: Call to a member function save() on null in /home/louqmane/Bureau/kataSaveBackend/app/Jobs/ReceiptFeesProcess.php:56\nStack trace:\n#0 /home/louqmane/Bureau/kataSaveBackend/vendor/laravel/framework/src/Illuminate/Container/BoundMethod.php(36): App\\Jobs\\ReceiptFeesProcess->handle()\n#1 /home/louqmane/Bureau/kataSaveBackend/vendor/laravel/framework/src/Illuminate/Container/Util.php(41): Illuminate\\Container\\BoundMethod::Illuminate\\Container\\{closure}()\n#2 /home/louqmane/Bureau/kataSaveBackend/vendor/laravel/framework/src/Illuminate/Container/BoundMethod.php(93): Illuminate\\Container\\Util::unwrapIfClosure()\n#3 /home/louqmane/Bureau/kataSaveBackend/vendor/laravel/framework/src/Illuminate/Container/BoundMethod.php(35): Illuminate\\Container\\BoundMethod::callBoundMethod()\n#4 /home/louqmane/Bureau/kataSaveBackend/vendor/laravel/framework/src/Illuminate/Container/Container.php(662): Illuminate\\Container\\BoundMethod::call()\n#5 /home/louqmane/Bureau/kataSaveBackend/vendor/laravel/framework/src/Illuminate/Bus/Dispatcher.php(128): Illuminate\\Container\\Container->call()\n#6 /home/louqmane/Bureau/kataSaveBackend/vendor/laravel/framework/src/Illuminate/Pipeline/Pipeline.php(144): Illuminate\\Bus\\Dispatcher->Illuminate\\Bus\\{closure}()\n#7 /home/louqmane/Bureau/kataSaveBackend/vendor/laravel/framework/src/Illuminate/Pipeline/Pipeline.php(119): Illuminate\\Pipeline\\Pipeline->Illuminate\\Pipeline\\{closure}()\n#8 /home/louqmane/Bureau/kataSaveBackend/vendor/laravel/framework/src/Illuminate/Bus/Dispatcher.php(132): Illuminate\\Pipeline\\Pipeline->then()\n#9 /home/louqmane/Bureau/kataSaveBackend/vendor/laravel/framework/src/Illuminate/Queue/CallQueuedHandler.php(123): Illuminate\\Bus\\Dispatcher->dispatchNow()\n#10 /home/louqmane/Bureau/kataSaveBackend/vendor/laravel/framework/src/Illuminate/Pipeline/Pipeline.php(144): Illuminate\\Queue\\CallQueuedHandler->Illuminate\\Queue\\{closure}()\n#11 /home/louqmane/Bureau/kataSaveBackend/vendor/laravel/framework/src/Illuminate/Pipeline/Pipeline.php(119): Illuminate\\Pipeline\\Pipeline->Illuminate\\Pipeline\\{closure}()\n#12 /home/louqmane/Bureau/kataSaveBackend/vendor/laravel/framework/src/Illuminate/Queue/CallQueuedHandler.php(122): Illuminate\\Pipeline\\Pipeline->then()\n#13 /home/louqmane/Bureau/kataSaveBackend/vendor/laravel/framework/src/Illuminate/Queue/CallQueuedHandler.php(70): Illuminate\\Queue\\CallQueuedHandler->dispatchThroughMiddleware()\n#14 /home/louqmane/Bureau/kataSaveBackend/vendor/laravel/framework/src/Illuminate/Queue/Jobs/Job.php(102): Illuminate\\Queue\\CallQueuedHandler->call()\n#15 /home/louqmane/Bureau/kataSaveBackend/vendor/laravel/framework/src/Illuminate/Queue/Worker.php(439): Illuminate\\Queue\\Jobs\\Job->fire()\n#16 /home/louqmane/Bureau/kataSaveBackend/vendor/laravel/framework/src/Illuminate/Queue/Worker.php(389): Illuminate\\Queue\\Worker->process()\n#17 /home/louqmane/Bureau/kataSaveBackend/vendor/laravel/framework/src/Illuminate/Queue/Worker.php(176): Illuminate\\Queue\\Worker->runJob()\n#18 /home/louqmane/Bureau/kataSaveBackend/vendor/laravel/framework/src/Illuminate/Queue/Console/WorkCommand.php(137): Illuminate\\Queue\\Worker->daemon()\n#19 /home/louqmane/Bureau/kataSaveBackend/vendor/laravel/framework/src/Illuminate/Queue/Console/WorkCommand.php(120): Illuminate\\Queue\\Console\\WorkCommand->runWorker()\n#20 /home/louqmane/Bureau/kataSaveBackend/vendor/laravel/framework/src/Illuminate/Container/BoundMethod.php(36): Illuminate\\Queue\\Console\\WorkCommand->handle()\n#21 /home/louqmane/Bureau/kataSaveBackend/vendor/laravel/framework/src/Illuminate/Container/Util.php(41): Illuminate\\Container\\BoundMethod::Illuminate\\Container\\{closure}()\n#22 /home/louqmane/Bureau/kataSaveBackend/vendor/laravel/framework/src/Illuminate/Container/BoundMethod.php(93): Illuminate\\Container\\Util::unwrapIfClosure()\n#23 /home/louqmane/Bureau/kataSaveBackend/vendor/laravel/framework/src/Illuminate/Container/BoundMethod.php(35): Illuminate\\Container\\BoundMethod::callBoundMethod()\n#24 /home/louqmane/Bureau/kataSaveBackend/vendor/laravel/framework/src/Illuminate/Container/Container.php(662): Illuminate\\Container\\BoundMethod::call()\n#25 /home/louqmane/Bureau/kataSaveBackend/vendor/laravel/framework/src/Illuminate/Console/Command.php(211): Illuminate\\Container\\Container->call()\n#26 /home/louqmane/Bureau/kataSaveBackend/vendor/symfony/console/Command/Command.php(326): Illuminate\\Console\\Command->execute()\n#27 /home/louqmane/Bureau/kataSaveBackend/vendor/laravel/framework/src/Illuminate/Console/Command.php(180): Symfony\\Component\\Console\\Command\\Command->run()\n#28 /home/louqmane/Bureau/kataSaveBackend/vendor/symfony/console/Application.php(1096): Illuminate\\Console\\Command->run()\n#29 /home/louqmane/Bureau/kataSaveBackend/vendor/symfony/console/Application.php(324): Symfony\\Component\\Console\\Application->doRunCommand()\n#30 /home/louqmane/Bureau/kataSaveBackend/vendor/symfony/console/Application.php(175): Symfony\\Component\\Console\\Application->doRun()\n#31 /home/louqmane/Bureau/kataSaveBackend/vendor/laravel/framework/src/Illuminate/Foundation/Console/Kernel.php(201): Symfony\\Component\\Console\\Application->run()\n#32 /home/louqmane/Bureau/kataSaveBackend/artisan(35): Illuminate\\Foundation\\Console\\Kernel->handle()\n#33 {main}', '2024-10-23 10:47:20'),
(82, '61b85884-5843-4ffe-a226-59882b597748', 'database', 'default', '{\"uuid\":\"61b85884-5843-4ffe-a226-59882b597748\",\"displayName\":\"App\\\\Jobs\\\\ReceiptFeesProcess\",\"job\":\"Illuminate\\\\Queue\\\\CallQueuedHandler@call\",\"maxTries\":null,\"maxExceptions\":null,\"failOnTimeout\":false,\"backoff\":null,\"timeout\":null,\"retryUntil\":null,\"data\":{\"commandName\":\"App\\\\Jobs\\\\ReceiptFeesProcess\",\"command\":\"O:27:\\\"App\\\\Jobs\\\\ReceiptFeesProcess\\\":1:{s:17:\\\"\\u0000*\\u0000transaction_id\\\";s:3:\\\"247\\\";}\"}}', 'Illuminate\\Queue\\TimeoutExceededException: App\\Jobs\\ReceiptFeesProcess has timed out. in /home/louqmane/Bureau/kataSaveBackend/vendor/laravel/framework/src/Illuminate/Queue/TimeoutExceededException.php:15\nStack trace:\n#0 /home/louqmane/Bureau/kataSaveBackend/vendor/laravel/framework/src/Illuminate/Queue/Worker.php(796): Illuminate\\Queue\\TimeoutExceededException::forJob()\n#1 /home/louqmane/Bureau/kataSaveBackend/vendor/laravel/framework/src/Illuminate/Queue/Worker.php(217): Illuminate\\Queue\\Worker->timeoutExceededException()\n#2 /home/louqmane/Bureau/kataSaveBackend/vendor/symfony/mailer/Transport/Smtp/Stream/AbstractStream.php(81): Illuminate\\Queue\\Worker->Illuminate\\Queue\\{closure}()\n#3 /home/louqmane/Bureau/kataSaveBackend/vendor/symfony/mailer/Transport/Smtp/SmtpTransport.php(346): Symfony\\Component\\Mailer\\Transport\\Smtp\\Stream\\AbstractStream->readLine()\n#4 /home/louqmane/Bureau/kataSaveBackend/vendor/symfony/mailer/Transport/Smtp/SmtpTransport.php(196): Symfony\\Component\\Mailer\\Transport\\Smtp\\SmtpTransport->getFullResponse()\n#5 /home/louqmane/Bureau/kataSaveBackend/vendor/symfony/mailer/Transport/Smtp/EsmtpTransport.php(118): Symfony\\Component\\Mailer\\Transport\\Smtp\\SmtpTransport->executeCommand()\n#6 /home/louqmane/Bureau/kataSaveBackend/vendor/symfony/mailer/Transport/Smtp/SmtpTransport.php(316): Symfony\\Component\\Mailer\\Transport\\Smtp\\EsmtpTransport->executeCommand()\n#7 /home/louqmane/Bureau/kataSaveBackend/vendor/symfony/mailer/Transport/Smtp/SmtpTransport.php(205): Symfony\\Component\\Mailer\\Transport\\Smtp\\SmtpTransport->ping()\n#8 /home/louqmane/Bureau/kataSaveBackend/vendor/symfony/mailer/Transport/AbstractTransport.php(69): Symfony\\Component\\Mailer\\Transport\\Smtp\\SmtpTransport->doSend()\n#9 /home/louqmane/Bureau/kataSaveBackend/vendor/symfony/mailer/Transport/Smtp/SmtpTransport.php(137): Symfony\\Component\\Mailer\\Transport\\AbstractTransport->send()\n#10 /home/louqmane/Bureau/kataSaveBackend/vendor/laravel/framework/src/Illuminate/Mail/Mailer.php(573): Symfony\\Component\\Mailer\\Transport\\Smtp\\SmtpTransport->send()\n#11 /home/louqmane/Bureau/kataSaveBackend/vendor/laravel/framework/src/Illuminate/Mail/Mailer.php(335): Illuminate\\Mail\\Mailer->sendSymfonyMessage()\n#12 /home/louqmane/Bureau/kataSaveBackend/vendor/laravel/framework/src/Illuminate/Mail/Mailable.php(205): Illuminate\\Mail\\Mailer->send()\n#13 /home/louqmane/Bureau/kataSaveBackend/vendor/laravel/framework/src/Illuminate/Support/Traits/Localizable.php(19): Illuminate\\Mail\\Mailable->Illuminate\\Mail\\{closure}()\n#14 /home/louqmane/Bureau/kataSaveBackend/vendor/laravel/framework/src/Illuminate/Mail/Mailable.php(198): Illuminate\\Mail\\Mailable->withLocale()\n#15 /home/louqmane/Bureau/kataSaveBackend/vendor/laravel/framework/src/Illuminate/Mail/Mailer.php(357): Illuminate\\Mail\\Mailable->send()\n#16 /home/louqmane/Bureau/kataSaveBackend/vendor/laravel/framework/src/Illuminate/Mail/Mailer.php(301): Illuminate\\Mail\\Mailer->sendMailable()\n#17 /home/louqmane/Bureau/kataSaveBackend/vendor/laravel/framework/src/Illuminate/Mail/PendingMail.php(124): Illuminate\\Mail\\Mailer->send()\n#18 /home/louqmane/Bureau/kataSaveBackend/app/Jobs/ReceiptFeesProcess.php(60): Illuminate\\Mail\\PendingMail->send()\n#19 /home/louqmane/Bureau/kataSaveBackend/vendor/laravel/framework/src/Illuminate/Container/BoundMethod.php(36): App\\Jobs\\ReceiptFeesProcess->handle()\n#20 /home/louqmane/Bureau/kataSaveBackend/vendor/laravel/framework/src/Illuminate/Container/Util.php(41): Illuminate\\Container\\BoundMethod::Illuminate\\Container\\{closure}()\n#21 /home/louqmane/Bureau/kataSaveBackend/vendor/laravel/framework/src/Illuminate/Container/BoundMethod.php(93): Illuminate\\Container\\Util::unwrapIfClosure()\n#22 /home/louqmane/Bureau/kataSaveBackend/vendor/laravel/framework/src/Illuminate/Container/BoundMethod.php(35): Illuminate\\Container\\BoundMethod::callBoundMethod()\n#23 /home/louqmane/Bureau/kataSaveBackend/vendor/laravel/framework/src/Illuminate/Container/Container.php(662): Illuminate\\Container\\BoundMethod::call()\n#24 /home/louqmane/Bureau/kataSaveBackend/vendor/laravel/framework/src/Illuminate/Bus/Dispatcher.php(128): Illuminate\\Container\\Container->call()\n#25 /home/louqmane/Bureau/kataSaveBackend/vendor/laravel/framework/src/Illuminate/Pipeline/Pipeline.php(144): Illuminate\\Bus\\Dispatcher->Illuminate\\Bus\\{closure}()\n#26 /home/louqmane/Bureau/kataSaveBackend/vendor/laravel/framework/src/Illuminate/Pipeline/Pipeline.php(119): Illuminate\\Pipeline\\Pipeline->Illuminate\\Pipeline\\{closure}()\n#27 /home/louqmane/Bureau/kataSaveBackend/vendor/laravel/framework/src/Illuminate/Bus/Dispatcher.php(132): Illuminate\\Pipeline\\Pipeline->then()\n#28 /home/louqmane/Bureau/kataSaveBackend/vendor/laravel/framework/src/Illuminate/Queue/CallQueuedHandler.php(123): Illuminate\\Bus\\Dispatcher->dispatchNow()\n#29 /home/louqmane/Bureau/kataSaveBackend/vendor/laravel/framework/src/Illuminate/Pipeline/Pipeline.php(144): Illuminate\\Queue\\CallQueuedHandler->Illuminate\\Queue\\{closure}()\n#30 /home/louqmane/Bureau/kataSaveBackend/vendor/laravel/framework/src/Illuminate/Pipeline/Pipeline.php(119): Illuminate\\Pipeline\\Pipeline->Illuminate\\Pipeline\\{closure}()\n#31 /home/louqmane/Bureau/kataSaveBackend/vendor/laravel/framework/src/Illuminate/Queue/CallQueuedHandler.php(122): Illuminate\\Pipeline\\Pipeline->then()\n#32 /home/louqmane/Bureau/kataSaveBackend/vendor/laravel/framework/src/Illuminate/Queue/CallQueuedHandler.php(70): Illuminate\\Queue\\CallQueuedHandler->dispatchThroughMiddleware()\n#33 /home/louqmane/Bureau/kataSaveBackend/vendor/laravel/framework/src/Illuminate/Queue/Jobs/Job.php(102): Illuminate\\Queue\\CallQueuedHandler->call()\n#34 /home/louqmane/Bureau/kataSaveBackend/vendor/laravel/framework/src/Illuminate/Queue/Worker.php(439): Illuminate\\Queue\\Jobs\\Job->fire()\n#35 /home/louqmane/Bureau/kataSaveBackend/vendor/laravel/framework/src/Illuminate/Queue/Worker.php(389): Illuminate\\Queue\\Worker->process()\n#36 /home/louqmane/Bureau/kataSaveBackend/vendor/laravel/framework/src/Illuminate/Queue/Worker.php(176): Illuminate\\Queue\\Worker->runJob()\n#37 /home/louqmane/Bureau/kataSaveBackend/vendor/laravel/framework/src/Illuminate/Queue/Console/WorkCommand.php(137): Illuminate\\Queue\\Worker->daemon()\n#38 /home/louqmane/Bureau/kataSaveBackend/vendor/laravel/framework/src/Illuminate/Queue/Console/WorkCommand.php(120): Illuminate\\Queue\\Console\\WorkCommand->runWorker()\n#39 /home/louqmane/Bureau/kataSaveBackend/vendor/laravel/framework/src/Illuminate/Container/BoundMethod.php(36): Illuminate\\Queue\\Console\\WorkCommand->handle()\n#40 /home/louqmane/Bureau/kataSaveBackend/vendor/laravel/framework/src/Illuminate/Container/Util.php(41): Illuminate\\Container\\BoundMethod::Illuminate\\Container\\{closure}()\n#41 /home/louqmane/Bureau/kataSaveBackend/vendor/laravel/framework/src/Illuminate/Container/BoundMethod.php(93): Illuminate\\Container\\Util::unwrapIfClosure()\n#42 /home/louqmane/Bureau/kataSaveBackend/vendor/laravel/framework/src/Illuminate/Container/BoundMethod.php(35): Illuminate\\Container\\BoundMethod::callBoundMethod()\n#43 /home/louqmane/Bureau/kataSaveBackend/vendor/laravel/framework/src/Illuminate/Container/Container.php(662): Illuminate\\Container\\BoundMethod::call()\n#44 /home/louqmane/Bureau/kataSaveBackend/vendor/laravel/framework/src/Illuminate/Console/Command.php(211): Illuminate\\Container\\Container->call()\n#45 /home/louqmane/Bureau/kataSaveBackend/vendor/symfony/console/Command/Command.php(326): Illuminate\\Console\\Command->execute()\n#46 /home/louqmane/Bureau/kataSaveBackend/vendor/laravel/framework/src/Illuminate/Console/Command.php(180): Symfony\\Component\\Console\\Command\\Command->run()\n#47 /home/louqmane/Bureau/kataSaveBackend/vendor/symfony/console/Application.php(1096): Illuminate\\Console\\Command->run()\n#48 /home/louqmane/Bureau/kataSaveBackend/vendor/symfony/console/Application.php(324): Symfony\\Component\\Console\\Application->doRunCommand()\n#49 /home/louqmane/Bureau/kataSaveBackend/vendor/symfony/console/Application.php(175): Symfony\\Component\\Console\\Application->doRun()\n#50 /home/louqmane/Bureau/kataSaveBackend/vendor/laravel/framework/src/Illuminate/Foundation/Console/Kernel.php(201): Symfony\\Component\\Console\\Application->run()\n#51 /home/louqmane/Bureau/kataSaveBackend/artisan(35): Illuminate\\Foundation\\Console\\Kernel->handle()\n#52 {main}', '2024-10-23 10:56:15'),
(83, 'eee47c0e-e4d2-4521-987d-a4b0c1f67f83', 'database', 'default', '{\"uuid\":\"eee47c0e-e4d2-4521-987d-a4b0c1f67f83\",\"displayName\":\"App\\\\Jobs\\\\ReceiptFeesProcess\",\"job\":\"Illuminate\\\\Queue\\\\CallQueuedHandler@call\",\"maxTries\":null,\"maxExceptions\":null,\"failOnTimeout\":false,\"backoff\":null,\"timeout\":null,\"retryUntil\":null,\"data\":{\"commandName\":\"App\\\\Jobs\\\\ReceiptFeesProcess\",\"command\":\"O:27:\\\"App\\\\Jobs\\\\ReceiptFeesProcess\\\":1:{s:17:\\\"\\u0000*\\u0000transaction_id\\\";s:3:\\\"249\\\";}\"}}', 'TypeError: App\\Jobs\\ReceiptFeesProcess::handle(): Return value must be of type string, none returned in /home/louqmane/Bureau/kataSaveBackend/app/Jobs/ReceiptFeesProcess.php:74\nStack trace:\n#0 /home/louqmane/Bureau/kataSaveBackend/vendor/laravel/framework/src/Illuminate/Container/BoundMethod.php(36): App\\Jobs\\ReceiptFeesProcess->handle()\n#1 /home/louqmane/Bureau/kataSaveBackend/vendor/laravel/framework/src/Illuminate/Container/Util.php(41): Illuminate\\Container\\BoundMethod::Illuminate\\Container\\{closure}()\n#2 /home/louqmane/Bureau/kataSaveBackend/vendor/laravel/framework/src/Illuminate/Container/BoundMethod.php(93): Illuminate\\Container\\Util::unwrapIfClosure()\n#3 /home/louqmane/Bureau/kataSaveBackend/vendor/laravel/framework/src/Illuminate/Container/BoundMethod.php(35): Illuminate\\Container\\BoundMethod::callBoundMethod()\n#4 /home/louqmane/Bureau/kataSaveBackend/vendor/laravel/framework/src/Illuminate/Container/Container.php(662): Illuminate\\Container\\BoundMethod::call()\n#5 /home/louqmane/Bureau/kataSaveBackend/vendor/laravel/framework/src/Illuminate/Bus/Dispatcher.php(128): Illuminate\\Container\\Container->call()\n#6 /home/louqmane/Bureau/kataSaveBackend/vendor/laravel/framework/src/Illuminate/Pipeline/Pipeline.php(144): Illuminate\\Bus\\Dispatcher->Illuminate\\Bus\\{closure}()\n#7 /home/louqmane/Bureau/kataSaveBackend/vendor/laravel/framework/src/Illuminate/Pipeline/Pipeline.php(119): Illuminate\\Pipeline\\Pipeline->Illuminate\\Pipeline\\{closure}()\n#8 /home/louqmane/Bureau/kataSaveBackend/vendor/laravel/framework/src/Illuminate/Bus/Dispatcher.php(132): Illuminate\\Pipeline\\Pipeline->then()\n#9 /home/louqmane/Bureau/kataSaveBackend/vendor/laravel/framework/src/Illuminate/Queue/CallQueuedHandler.php(123): Illuminate\\Bus\\Dispatcher->dispatchNow()\n#10 /home/louqmane/Bureau/kataSaveBackend/vendor/laravel/framework/src/Illuminate/Pipeline/Pipeline.php(144): Illuminate\\Queue\\CallQueuedHandler->Illuminate\\Queue\\{closure}()\n#11 /home/louqmane/Bureau/kataSaveBackend/vendor/laravel/framework/src/Illuminate/Pipeline/Pipeline.php(119): Illuminate\\Pipeline\\Pipeline->Illuminate\\Pipeline\\{closure}()\n#12 /home/louqmane/Bureau/kataSaveBackend/vendor/laravel/framework/src/Illuminate/Queue/CallQueuedHandler.php(122): Illuminate\\Pipeline\\Pipeline->then()\n#13 /home/louqmane/Bureau/kataSaveBackend/vendor/laravel/framework/src/Illuminate/Queue/CallQueuedHandler.php(70): Illuminate\\Queue\\CallQueuedHandler->dispatchThroughMiddleware()\n#14 /home/louqmane/Bureau/kataSaveBackend/vendor/laravel/framework/src/Illuminate/Queue/Jobs/Job.php(102): Illuminate\\Queue\\CallQueuedHandler->call()\n#15 /home/louqmane/Bureau/kataSaveBackend/vendor/laravel/framework/src/Illuminate/Queue/Worker.php(439): Illuminate\\Queue\\Jobs\\Job->fire()\n#16 /home/louqmane/Bureau/kataSaveBackend/vendor/laravel/framework/src/Illuminate/Queue/Worker.php(389): Illuminate\\Queue\\Worker->process()\n#17 /home/louqmane/Bureau/kataSaveBackend/vendor/laravel/framework/src/Illuminate/Queue/Worker.php(176): Illuminate\\Queue\\Worker->runJob()\n#18 /home/louqmane/Bureau/kataSaveBackend/vendor/laravel/framework/src/Illuminate/Queue/Console/WorkCommand.php(137): Illuminate\\Queue\\Worker->daemon()\n#19 /home/louqmane/Bureau/kataSaveBackend/vendor/laravel/framework/src/Illuminate/Queue/Console/WorkCommand.php(120): Illuminate\\Queue\\Console\\WorkCommand->runWorker()\n#20 /home/louqmane/Bureau/kataSaveBackend/vendor/laravel/framework/src/Illuminate/Container/BoundMethod.php(36): Illuminate\\Queue\\Console\\WorkCommand->handle()\n#21 /home/louqmane/Bureau/kataSaveBackend/vendor/laravel/framework/src/Illuminate/Container/Util.php(41): Illuminate\\Container\\BoundMethod::Illuminate\\Container\\{closure}()\n#22 /home/louqmane/Bureau/kataSaveBackend/vendor/laravel/framework/src/Illuminate/Container/BoundMethod.php(93): Illuminate\\Container\\Util::unwrapIfClosure()\n#23 /home/louqmane/Bureau/kataSaveBackend/vendor/laravel/framework/src/Illuminate/Container/BoundMethod.php(35): Illuminate\\Container\\BoundMethod::callBoundMethod()\n#24 /home/louqmane/Bureau/kataSaveBackend/vendor/laravel/framework/src/Illuminate/Container/Container.php(662): Illuminate\\Container\\BoundMethod::call()\n#25 /home/louqmane/Bureau/kataSaveBackend/vendor/laravel/framework/src/Illuminate/Console/Command.php(211): Illuminate\\Container\\Container->call()\n#26 /home/louqmane/Bureau/kataSaveBackend/vendor/symfony/console/Command/Command.php(326): Illuminate\\Console\\Command->execute()\n#27 /home/louqmane/Bureau/kataSaveBackend/vendor/laravel/framework/src/Illuminate/Console/Command.php(180): Symfony\\Component\\Console\\Command\\Command->run()\n#28 /home/louqmane/Bureau/kataSaveBackend/vendor/symfony/console/Application.php(1096): Illuminate\\Console\\Command->run()\n#29 /home/louqmane/Bureau/kataSaveBackend/vendor/symfony/console/Application.php(324): Symfony\\Component\\Console\\Application->doRunCommand()\n#30 /home/louqmane/Bureau/kataSaveBackend/vendor/symfony/console/Application.php(175): Symfony\\Component\\Console\\Application->doRun()\n#31 /home/louqmane/Bureau/kataSaveBackend/vendor/laravel/framework/src/Illuminate/Foundation/Console/Kernel.php(201): Symfony\\Component\\Console\\Application->run()\n#32 /home/louqmane/Bureau/kataSaveBackend/artisan(35): Illuminate\\Foundation\\Console\\Kernel->handle()\n#33 {main}', '2024-10-23 10:57:14'),
(84, '3b3ad0af-1db0-4afd-bc6d-528d3411d489', 'database', 'default', '{\"uuid\":\"3b3ad0af-1db0-4afd-bc6d-528d3411d489\",\"displayName\":\"App\\\\Jobs\\\\ReceiptFeesProcess\",\"job\":\"Illuminate\\\\Queue\\\\CallQueuedHandler@call\",\"maxTries\":null,\"maxExceptions\":null,\"failOnTimeout\":false,\"backoff\":null,\"timeout\":null,\"retryUntil\":null,\"data\":{\"commandName\":\"App\\\\Jobs\\\\ReceiptFeesProcess\",\"command\":\"O:27:\\\"App\\\\Jobs\\\\ReceiptFeesProcess\\\":1:{s:17:\\\"\\u0000*\\u0000transaction_id\\\";s:3:\\\"252\\\";}\"}}', 'TypeError: App\\Jobs\\ReceiptFeesProcess::handle(): Return value must be of type string, none returned in /home/louqmane/Bureau/kataSaveBackend/app/Jobs/ReceiptFeesProcess.php:74\nStack trace:\n#0 /home/louqmane/Bureau/kataSaveBackend/vendor/laravel/framework/src/Illuminate/Container/BoundMethod.php(36): App\\Jobs\\ReceiptFeesProcess->handle()\n#1 /home/louqmane/Bureau/kataSaveBackend/vendor/laravel/framework/src/Illuminate/Container/Util.php(41): Illuminate\\Container\\BoundMethod::Illuminate\\Container\\{closure}()\n#2 /home/louqmane/Bureau/kataSaveBackend/vendor/laravel/framework/src/Illuminate/Container/BoundMethod.php(93): Illuminate\\Container\\Util::unwrapIfClosure()\n#3 /home/louqmane/Bureau/kataSaveBackend/vendor/laravel/framework/src/Illuminate/Container/BoundMethod.php(35): Illuminate\\Container\\BoundMethod::callBoundMethod()\n#4 /home/louqmane/Bureau/kataSaveBackend/vendor/laravel/framework/src/Illuminate/Container/Container.php(662): Illuminate\\Container\\BoundMethod::call()\n#5 /home/louqmane/Bureau/kataSaveBackend/vendor/laravel/framework/src/Illuminate/Bus/Dispatcher.php(128): Illuminate\\Container\\Container->call()\n#6 /home/louqmane/Bureau/kataSaveBackend/vendor/laravel/framework/src/Illuminate/Pipeline/Pipeline.php(144): Illuminate\\Bus\\Dispatcher->Illuminate\\Bus\\{closure}()\n#7 /home/louqmane/Bureau/kataSaveBackend/vendor/laravel/framework/src/Illuminate/Pipeline/Pipeline.php(119): Illuminate\\Pipeline\\Pipeline->Illuminate\\Pipeline\\{closure}()\n#8 /home/louqmane/Bureau/kataSaveBackend/vendor/laravel/framework/src/Illuminate/Bus/Dispatcher.php(132): Illuminate\\Pipeline\\Pipeline->then()\n#9 /home/louqmane/Bureau/kataSaveBackend/vendor/laravel/framework/src/Illuminate/Queue/CallQueuedHandler.php(123): Illuminate\\Bus\\Dispatcher->dispatchNow()\n#10 /home/louqmane/Bureau/kataSaveBackend/vendor/laravel/framework/src/Illuminate/Pipeline/Pipeline.php(144): Illuminate\\Queue\\CallQueuedHandler->Illuminate\\Queue\\{closure}()\n#11 /home/louqmane/Bureau/kataSaveBackend/vendor/laravel/framework/src/Illuminate/Pipeline/Pipeline.php(119): Illuminate\\Pipeline\\Pipeline->Illuminate\\Pipeline\\{closure}()\n#12 /home/louqmane/Bureau/kataSaveBackend/vendor/laravel/framework/src/Illuminate/Queue/CallQueuedHandler.php(122): Illuminate\\Pipeline\\Pipeline->then()\n#13 /home/louqmane/Bureau/kataSaveBackend/vendor/laravel/framework/src/Illuminate/Queue/CallQueuedHandler.php(70): Illuminate\\Queue\\CallQueuedHandler->dispatchThroughMiddleware()\n#14 /home/louqmane/Bureau/kataSaveBackend/vendor/laravel/framework/src/Illuminate/Queue/Jobs/Job.php(102): Illuminate\\Queue\\CallQueuedHandler->call()\n#15 /home/louqmane/Bureau/kataSaveBackend/vendor/laravel/framework/src/Illuminate/Queue/Worker.php(439): Illuminate\\Queue\\Jobs\\Job->fire()\n#16 /home/louqmane/Bureau/kataSaveBackend/vendor/laravel/framework/src/Illuminate/Queue/Worker.php(389): Illuminate\\Queue\\Worker->process()\n#17 /home/louqmane/Bureau/kataSaveBackend/vendor/laravel/framework/src/Illuminate/Queue/Worker.php(176): Illuminate\\Queue\\Worker->runJob()\n#18 /home/louqmane/Bureau/kataSaveBackend/vendor/laravel/framework/src/Illuminate/Queue/Console/WorkCommand.php(137): Illuminate\\Queue\\Worker->daemon()\n#19 /home/louqmane/Bureau/kataSaveBackend/vendor/laravel/framework/src/Illuminate/Queue/Console/WorkCommand.php(120): Illuminate\\Queue\\Console\\WorkCommand->runWorker()\n#20 /home/louqmane/Bureau/kataSaveBackend/vendor/laravel/framework/src/Illuminate/Container/BoundMethod.php(36): Illuminate\\Queue\\Console\\WorkCommand->handle()\n#21 /home/louqmane/Bureau/kataSaveBackend/vendor/laravel/framework/src/Illuminate/Container/Util.php(41): Illuminate\\Container\\BoundMethod::Illuminate\\Container\\{closure}()\n#22 /home/louqmane/Bureau/kataSaveBackend/vendor/laravel/framework/src/Illuminate/Container/BoundMethod.php(93): Illuminate\\Container\\Util::unwrapIfClosure()\n#23 /home/louqmane/Bureau/kataSaveBackend/vendor/laravel/framework/src/Illuminate/Container/BoundMethod.php(35): Illuminate\\Container\\BoundMethod::callBoundMethod()\n#24 /home/louqmane/Bureau/kataSaveBackend/vendor/laravel/framework/src/Illuminate/Container/Container.php(662): Illuminate\\Container\\BoundMethod::call()\n#25 /home/louqmane/Bureau/kataSaveBackend/vendor/laravel/framework/src/Illuminate/Console/Command.php(211): Illuminate\\Container\\Container->call()\n#26 /home/louqmane/Bureau/kataSaveBackend/vendor/symfony/console/Command/Command.php(326): Illuminate\\Console\\Command->execute()\n#27 /home/louqmane/Bureau/kataSaveBackend/vendor/laravel/framework/src/Illuminate/Console/Command.php(180): Symfony\\Component\\Console\\Command\\Command->run()\n#28 /home/louqmane/Bureau/kataSaveBackend/vendor/symfony/console/Application.php(1096): Illuminate\\Console\\Command->run()\n#29 /home/louqmane/Bureau/kataSaveBackend/vendor/symfony/console/Application.php(324): Symfony\\Component\\Console\\Application->doRunCommand()\n#30 /home/louqmane/Bureau/kataSaveBackend/vendor/symfony/console/Application.php(175): Symfony\\Component\\Console\\Application->doRun()\n#31 /home/louqmane/Bureau/kataSaveBackend/vendor/laravel/framework/src/Illuminate/Foundation/Console/Kernel.php(201): Symfony\\Component\\Console\\Application->run()\n#32 /home/louqmane/Bureau/kataSaveBackend/artisan(35): Illuminate\\Foundation\\Console\\Kernel->handle()\n#33 {main}', '2024-10-23 10:58:26'),
(85, '0883c846-f163-44a0-b5ef-1c955b00c976', 'database', 'default', '{\"uuid\":\"0883c846-f163-44a0-b5ef-1c955b00c976\",\"displayName\":\"App\\\\Mail\\\\ConvocationSent\",\"job\":\"Illuminate\\\\Queue\\\\CallQueuedHandler@call\",\"maxTries\":null,\"maxExceptions\":null,\"failOnTimeout\":false,\"backoff\":null,\"timeout\":null,\"retryUntil\":null,\"data\":{\"commandName\":\"Illuminate\\\\Mail\\\\SendQueuedMailable\",\"command\":\"O:34:\\\"Illuminate\\\\Mail\\\\SendQueuedMailable\\\":15:{s:8:\\\"mailable\\\";O:24:\\\"App\\\\Mail\\\\ConvocationSent\\\":5:{s:4:\\\"user\\\";O:45:\\\"Illuminate\\\\Contracts\\\\Database\\\\ModelIdentifier\\\":5:{s:5:\\\"class\\\";s:15:\\\"App\\\\Models\\\\User\\\";s:2:\\\"id\\\";i:28;s:9:\\\"relations\\\";a:0:{}s:10:\\\"connection\\\";s:5:\\\"mysql\\\";s:15:\\\"collectionClass\\\";N;}s:8:\\\"filename\\\";s:31:\\\"convocation_kraka1730991911.pdf\\\";s:7:\\\"gradeId\\\";s:2:\\\"11\\\";s:2:\\\"to\\\";a:1:{i:0;a:2:{s:4:\\\"name\\\";N;s:7:\\\"address\\\";s:16:\\\"bonobo@gmail.com\\\";}}s:6:\\\"mailer\\\";s:4:\\\"smtp\\\";}s:5:\\\"tries\\\";N;s:7:\\\"timeout\\\";N;s:13:\\\"maxExceptions\\\";N;s:17:\\\"shouldBeEncrypted\\\";b:0;s:10:\\\"connection\\\";N;s:5:\\\"queue\\\";N;s:15:\\\"chainConnection\\\";N;s:10:\\\"chainQueue\\\";N;s:19:\\\"chainCatchCallbacks\\\";N;s:5:\\\"delay\\\";N;s:11:\\\"afterCommit\\\";N;s:10:\\\"middleware\\\";a:0:{}s:7:\\\"chained\\\";a:0:{}s:3:\\\"job\\\";N;}\"}}', 'Illuminate\\Queue\\TimeoutExceededException: App\\Mail\\ConvocationSent has timed out. in /home/louqmane/Bureau/kataSaveBackend/vendor/laravel/framework/src/Illuminate/Queue/TimeoutExceededException.php:15\nStack trace:\n#0 /home/louqmane/Bureau/kataSaveBackend/vendor/laravel/framework/src/Illuminate/Queue/Worker.php(796): Illuminate\\Queue\\TimeoutExceededException::forJob()\n#1 /home/louqmane/Bureau/kataSaveBackend/vendor/laravel/framework/src/Illuminate/Queue/Worker.php(217): Illuminate\\Queue\\Worker->timeoutExceededException()\n#2 /home/louqmane/Bureau/kataSaveBackend/vendor/symfony/mailer/Transport/Smtp/Stream/AbstractStream.php(81): Illuminate\\Queue\\Worker->Illuminate\\Queue\\{closure}()\n#3 /home/louqmane/Bureau/kataSaveBackend/vendor/symfony/mailer/Transport/Smtp/SmtpTransport.php(346): Symfony\\Component\\Mailer\\Transport\\Smtp\\Stream\\AbstractStream->readLine()\n#4 /home/louqmane/Bureau/kataSaveBackend/vendor/symfony/mailer/Transport/Smtp/SmtpTransport.php(196): Symfony\\Component\\Mailer\\Transport\\Smtp\\SmtpTransport->getFullResponse()\n#5 /home/louqmane/Bureau/kataSaveBackend/vendor/symfony/mailer/Transport/Smtp/EsmtpTransport.php(118): Symfony\\Component\\Mailer\\Transport\\Smtp\\SmtpTransport->executeCommand()\n#6 /home/louqmane/Bureau/kataSaveBackend/vendor/symfony/mailer/Transport/Smtp/SmtpTransport.php(316): Symfony\\Component\\Mailer\\Transport\\Smtp\\EsmtpTransport->executeCommand()\n#7 /home/louqmane/Bureau/kataSaveBackend/vendor/symfony/mailer/Transport/Smtp/SmtpTransport.php(205): Symfony\\Component\\Mailer\\Transport\\Smtp\\SmtpTransport->ping()\n#8 /home/louqmane/Bureau/kataSaveBackend/vendor/symfony/mailer/Transport/AbstractTransport.php(69): Symfony\\Component\\Mailer\\Transport\\Smtp\\SmtpTransport->doSend()\n#9 /home/louqmane/Bureau/kataSaveBackend/vendor/symfony/mailer/Transport/Smtp/SmtpTransport.php(137): Symfony\\Component\\Mailer\\Transport\\AbstractTransport->send()\n#10 /home/louqmane/Bureau/kataSaveBackend/vendor/laravel/framework/src/Illuminate/Mail/Mailer.php(573): Symfony\\Component\\Mailer\\Transport\\Smtp\\SmtpTransport->send()\n#11 /home/louqmane/Bureau/kataSaveBackend/vendor/laravel/framework/src/Illuminate/Mail/Mailer.php(335): Illuminate\\Mail\\Mailer->sendSymfonyMessage()\n#12 /home/louqmane/Bureau/kataSaveBackend/vendor/laravel/framework/src/Illuminate/Mail/Mailable.php(205): Illuminate\\Mail\\Mailer->send()\n#13 /home/louqmane/Bureau/kataSaveBackend/vendor/laravel/framework/src/Illuminate/Support/Traits/Localizable.php(19): Illuminate\\Mail\\Mailable->Illuminate\\Mail\\{closure}()\n#14 /home/louqmane/Bureau/kataSaveBackend/vendor/laravel/framework/src/Illuminate/Mail/Mailable.php(198): Illuminate\\Mail\\Mailable->withLocale()\n#15 /home/louqmane/Bureau/kataSaveBackend/vendor/laravel/framework/src/Illuminate/Mail/SendQueuedMailable.php(83): Illuminate\\Mail\\Mailable->send()\n#16 /home/louqmane/Bureau/kataSaveBackend/vendor/laravel/framework/src/Illuminate/Container/BoundMethod.php(36): Illuminate\\Mail\\SendQueuedMailable->handle()\n#17 /home/louqmane/Bureau/kataSaveBackend/vendor/laravel/framework/src/Illuminate/Container/Util.php(41): Illuminate\\Container\\BoundMethod::Illuminate\\Container\\{closure}()\n#18 /home/louqmane/Bureau/kataSaveBackend/vendor/laravel/framework/src/Illuminate/Container/BoundMethod.php(93): Illuminate\\Container\\Util::unwrapIfClosure()\n#19 /home/louqmane/Bureau/kataSaveBackend/vendor/laravel/framework/src/Illuminate/Container/BoundMethod.php(35): Illuminate\\Container\\BoundMethod::callBoundMethod()\n#20 /home/louqmane/Bureau/kataSaveBackend/vendor/laravel/framework/src/Illuminate/Container/Container.php(662): Illuminate\\Container\\BoundMethod::call()\n#21 /home/louqmane/Bureau/kataSaveBackend/vendor/laravel/framework/src/Illuminate/Bus/Dispatcher.php(128): Illuminate\\Container\\Container->call()\n#22 /home/louqmane/Bureau/kataSaveBackend/vendor/laravel/framework/src/Illuminate/Pipeline/Pipeline.php(144): Illuminate\\Bus\\Dispatcher->Illuminate\\Bus\\{closure}()\n#23 /home/louqmane/Bureau/kataSaveBackend/vendor/laravel/framework/src/Illuminate/Pipeline/Pipeline.php(119): Illuminate\\Pipeline\\Pipeline->Illuminate\\Pipeline\\{closure}()\n#24 /home/louqmane/Bureau/kataSaveBackend/vendor/laravel/framework/src/Illuminate/Bus/Dispatcher.php(132): Illuminate\\Pipeline\\Pipeline->then()\n#25 /home/louqmane/Bureau/kataSaveBackend/vendor/laravel/framework/src/Illuminate/Queue/CallQueuedHandler.php(123): Illuminate\\Bus\\Dispatcher->dispatchNow()\n#26 /home/louqmane/Bureau/kataSaveBackend/vendor/laravel/framework/src/Illuminate/Pipeline/Pipeline.php(144): Illuminate\\Queue\\CallQueuedHandler->Illuminate\\Queue\\{closure}()\n#27 /home/louqmane/Bureau/kataSaveBackend/vendor/laravel/framework/src/Illuminate/Pipeline/Pipeline.php(119): Illuminate\\Pipeline\\Pipeline->Illuminate\\Pipeline\\{closure}()\n#28 /home/louqmane/Bureau/kataSaveBackend/vendor/laravel/framework/src/Illuminate/Queue/CallQueuedHandler.php(122): Illuminate\\Pipeline\\Pipeline->then()\n#29 /home/louqmane/Bureau/kataSaveBackend/vendor/laravel/framework/src/Illuminate/Queue/CallQueuedHandler.php(70): Illuminate\\Queue\\CallQueuedHandler->dispatchThroughMiddleware()\n#30 /home/louqmane/Bureau/kataSaveBackend/vendor/laravel/framework/src/Illuminate/Queue/Jobs/Job.php(102): Illuminate\\Queue\\CallQueuedHandler->call()\n#31 /home/louqmane/Bureau/kataSaveBackend/vendor/laravel/framework/src/Illuminate/Queue/Worker.php(439): Illuminate\\Queue\\Jobs\\Job->fire()\n#32 /home/louqmane/Bureau/kataSaveBackend/vendor/laravel/framework/src/Illuminate/Queue/Worker.php(389): Illuminate\\Queue\\Worker->process()\n#33 /home/louqmane/Bureau/kataSaveBackend/vendor/laravel/framework/src/Illuminate/Queue/Worker.php(176): Illuminate\\Queue\\Worker->runJob()\n#34 /home/louqmane/Bureau/kataSaveBackend/vendor/laravel/framework/src/Illuminate/Queue/Console/WorkCommand.php(137): Illuminate\\Queue\\Worker->daemon()\n#35 /home/louqmane/Bureau/kataSaveBackend/vendor/laravel/framework/src/Illuminate/Queue/Console/WorkCommand.php(120): Illuminate\\Queue\\Console\\WorkCommand->runWorker()\n#36 /home/louqmane/Bureau/kataSaveBackend/vendor/laravel/framework/src/Illuminate/Container/BoundMethod.php(36): Illuminate\\Queue\\Console\\WorkCommand->handle()\n#37 /home/louqmane/Bureau/kataSaveBackend/vendor/laravel/framework/src/Illuminate/Container/Util.php(41): Illuminate\\Container\\BoundMethod::Illuminate\\Container\\{closure}()\n#38 /home/louqmane/Bureau/kataSaveBackend/vendor/laravel/framework/src/Illuminate/Container/BoundMethod.php(93): Illuminate\\Container\\Util::unwrapIfClosure()\n#39 /home/louqmane/Bureau/kataSaveBackend/vendor/laravel/framework/src/Illuminate/Container/BoundMethod.php(35): Illuminate\\Container\\BoundMethod::callBoundMethod()\n#40 /home/louqmane/Bureau/kataSaveBackend/vendor/laravel/framework/src/Illuminate/Container/Container.php(662): Illuminate\\Container\\BoundMethod::call()\n#41 /home/louqmane/Bureau/kataSaveBackend/vendor/laravel/framework/src/Illuminate/Console/Command.php(211): Illuminate\\Container\\Container->call()\n#42 /home/louqmane/Bureau/kataSaveBackend/vendor/symfony/console/Command/Command.php(326): Illuminate\\Console\\Command->execute()\n#43 /home/louqmane/Bureau/kataSaveBackend/vendor/laravel/framework/src/Illuminate/Console/Command.php(180): Symfony\\Component\\Console\\Command\\Command->run()\n#44 /home/louqmane/Bureau/kataSaveBackend/vendor/symfony/console/Application.php(1096): Illuminate\\Console\\Command->run()\n#45 /home/louqmane/Bureau/kataSaveBackend/vendor/symfony/console/Application.php(324): Symfony\\Component\\Console\\Application->doRunCommand()\n#46 /home/louqmane/Bureau/kataSaveBackend/vendor/symfony/console/Application.php(175): Symfony\\Component\\Console\\Application->doRun()\n#47 /home/louqmane/Bureau/kataSaveBackend/vendor/laravel/framework/src/Illuminate/Foundation/Console/Kernel.php(201): Symfony\\Component\\Console\\Application->run()\n#48 /home/louqmane/Bureau/kataSaveBackend/artisan(35): Illuminate\\Foundation\\Console\\Kernel->handle()\n#49 {main}', '2024-11-07 14:06:12'),
(86, 'afc01cc8-f4e4-431f-be1f-2cd23e62af07', 'database', 'default', '{\"uuid\":\"afc01cc8-f4e4-431f-be1f-2cd23e62af07\",\"displayName\":\"App\\\\Mail\\\\AccountConfirmationSent\",\"job\":\"Illuminate\\\\Queue\\\\CallQueuedHandler@call\",\"maxTries\":null,\"maxExceptions\":null,\"failOnTimeout\":false,\"backoff\":null,\"timeout\":null,\"retryUntil\":null,\"data\":{\"commandName\":\"Illuminate\\\\Mail\\\\SendQueuedMailable\",\"command\":\"O:34:\\\"Illuminate\\\\Mail\\\\SendQueuedMailable\\\":15:{s:8:\\\"mailable\\\";O:32:\\\"App\\\\Mail\\\\AccountConfirmationSent\\\":5:{s:8:\\\"username\\\";s:16:\\\"AZANHOUN  Fiacre\\\";s:8:\\\"usermail\\\";s:26:\\\"fiacreazanhoun74@gmail.com\\\";s:8:\\\"password\\\";s:8:\\\"<J^88|\\\\%\\\";s:2:\\\"to\\\";a:1:{i:0;a:2:{s:4:\\\"name\\\";N;s:7:\\\"address\\\";s:26:\\\"fiacreazanhoun74@gmail.com\\\";}}s:6:\\\"mailer\\\";s:4:\\\"smtp\\\";}s:5:\\\"tries\\\";N;s:7:\\\"timeout\\\";N;s:13:\\\"maxExceptions\\\";N;s:17:\\\"shouldBeEncrypted\\\";b:0;s:10:\\\"connection\\\";N;s:5:\\\"queue\\\";N;s:15:\\\"chainConnection\\\";N;s:10:\\\"chainQueue\\\";N;s:19:\\\"chainCatchCallbacks\\\";N;s:5:\\\"delay\\\";N;s:11:\\\"afterCommit\\\";N;s:10:\\\"middleware\\\";a:0:{}s:7:\\\"chained\\\";a:0:{}s:3:\\\"job\\\";N;}\"}}', 'Illuminate\\Queue\\TimeoutExceededException: App\\Mail\\AccountConfirmationSent has timed out. in /home/louqmane/Bureau/kataSaveBackend/vendor/laravel/framework/src/Illuminate/Queue/TimeoutExceededException.php:15\nStack trace:\n#0 /home/louqmane/Bureau/kataSaveBackend/vendor/laravel/framework/src/Illuminate/Queue/Worker.php(796): Illuminate\\Queue\\TimeoutExceededException::forJob()\n#1 /home/louqmane/Bureau/kataSaveBackend/vendor/laravel/framework/src/Illuminate/Queue/Worker.php(217): Illuminate\\Queue\\Worker->timeoutExceededException()\n#2 /home/louqmane/Bureau/kataSaveBackend/vendor/symfony/mailer/Transport/Smtp/Stream/AbstractStream.php(81): Illuminate\\Queue\\Worker->Illuminate\\Queue\\{closure}()\n#3 /home/louqmane/Bureau/kataSaveBackend/vendor/symfony/mailer/Transport/Smtp/SmtpTransport.php(346): Symfony\\Component\\Mailer\\Transport\\Smtp\\Stream\\AbstractStream->readLine()\n#4 /home/louqmane/Bureau/kataSaveBackend/vendor/symfony/mailer/Transport/Smtp/SmtpTransport.php(196): Symfony\\Component\\Mailer\\Transport\\Smtp\\SmtpTransport->getFullResponse()\n#5 /home/louqmane/Bureau/kataSaveBackend/vendor/symfony/mailer/Transport/Smtp/EsmtpTransport.php(118): Symfony\\Component\\Mailer\\Transport\\Smtp\\SmtpTransport->executeCommand()\n#6 /home/louqmane/Bureau/kataSaveBackend/vendor/symfony/mailer/Transport/Smtp/SmtpTransport.php(316): Symfony\\Component\\Mailer\\Transport\\Smtp\\EsmtpTransport->executeCommand()\n#7 /home/louqmane/Bureau/kataSaveBackend/vendor/symfony/mailer/Transport/Smtp/SmtpTransport.php(205): Symfony\\Component\\Mailer\\Transport\\Smtp\\SmtpTransport->ping()\n#8 /home/louqmane/Bureau/kataSaveBackend/vendor/symfony/mailer/Transport/AbstractTransport.php(69): Symfony\\Component\\Mailer\\Transport\\Smtp\\SmtpTransport->doSend()\n#9 /home/louqmane/Bureau/kataSaveBackend/vendor/symfony/mailer/Transport/Smtp/SmtpTransport.php(137): Symfony\\Component\\Mailer\\Transport\\AbstractTransport->send()\n#10 /home/louqmane/Bureau/kataSaveBackend/vendor/laravel/framework/src/Illuminate/Mail/Mailer.php(573): Symfony\\Component\\Mailer\\Transport\\Smtp\\SmtpTransport->send()\n#11 /home/louqmane/Bureau/kataSaveBackend/vendor/laravel/framework/src/Illuminate/Mail/Mailer.php(335): Illuminate\\Mail\\Mailer->sendSymfonyMessage()\n#12 /home/louqmane/Bureau/kataSaveBackend/vendor/laravel/framework/src/Illuminate/Mail/Mailable.php(205): Illuminate\\Mail\\Mailer->send()\n#13 /home/louqmane/Bureau/kataSaveBackend/vendor/laravel/framework/src/Illuminate/Support/Traits/Localizable.php(19): Illuminate\\Mail\\Mailable->Illuminate\\Mail\\{closure}()\n#14 /home/louqmane/Bureau/kataSaveBackend/vendor/laravel/framework/src/Illuminate/Mail/Mailable.php(198): Illuminate\\Mail\\Mailable->withLocale()\n#15 /home/louqmane/Bureau/kataSaveBackend/vendor/laravel/framework/src/Illuminate/Mail/SendQueuedMailable.php(83): Illuminate\\Mail\\Mailable->send()\n#16 /home/louqmane/Bureau/kataSaveBackend/vendor/laravel/framework/src/Illuminate/Container/BoundMethod.php(36): Illuminate\\Mail\\SendQueuedMailable->handle()\n#17 /home/louqmane/Bureau/kataSaveBackend/vendor/laravel/framework/src/Illuminate/Container/Util.php(41): Illuminate\\Container\\BoundMethod::Illuminate\\Container\\{closure}()\n#18 /home/louqmane/Bureau/kataSaveBackend/vendor/laravel/framework/src/Illuminate/Container/BoundMethod.php(93): Illuminate\\Container\\Util::unwrapIfClosure()\n#19 /home/louqmane/Bureau/kataSaveBackend/vendor/laravel/framework/src/Illuminate/Container/BoundMethod.php(35): Illuminate\\Container\\BoundMethod::callBoundMethod()\n#20 /home/louqmane/Bureau/kataSaveBackend/vendor/laravel/framework/src/Illuminate/Container/Container.php(662): Illuminate\\Container\\BoundMethod::call()\n#21 /home/louqmane/Bureau/kataSaveBackend/vendor/laravel/framework/src/Illuminate/Bus/Dispatcher.php(128): Illuminate\\Container\\Container->call()\n#22 /home/louqmane/Bureau/kataSaveBackend/vendor/laravel/framework/src/Illuminate/Pipeline/Pipeline.php(144): Illuminate\\Bus\\Dispatcher->Illuminate\\Bus\\{closure}()\n#23 /home/louqmane/Bureau/kataSaveBackend/vendor/laravel/framework/src/Illuminate/Pipeline/Pipeline.php(119): Illuminate\\Pipeline\\Pipeline->Illuminate\\Pipeline\\{closure}()\n#24 /home/louqmane/Bureau/kataSaveBackend/vendor/laravel/framework/src/Illuminate/Bus/Dispatcher.php(132): Illuminate\\Pipeline\\Pipeline->then()\n#25 /home/louqmane/Bureau/kataSaveBackend/vendor/laravel/framework/src/Illuminate/Queue/CallQueuedHandler.php(123): Illuminate\\Bus\\Dispatcher->dispatchNow()\n#26 /home/louqmane/Bureau/kataSaveBackend/vendor/laravel/framework/src/Illuminate/Pipeline/Pipeline.php(144): Illuminate\\Queue\\CallQueuedHandler->Illuminate\\Queue\\{closure}()\n#27 /home/louqmane/Bureau/kataSaveBackend/vendor/laravel/framework/src/Illuminate/Pipeline/Pipeline.php(119): Illuminate\\Pipeline\\Pipeline->Illuminate\\Pipeline\\{closure}()\n#28 /home/louqmane/Bureau/kataSaveBackend/vendor/laravel/framework/src/Illuminate/Queue/CallQueuedHandler.php(122): Illuminate\\Pipeline\\Pipeline->then()\n#29 /home/louqmane/Bureau/kataSaveBackend/vendor/laravel/framework/src/Illuminate/Queue/CallQueuedHandler.php(70): Illuminate\\Queue\\CallQueuedHandler->dispatchThroughMiddleware()\n#30 /home/louqmane/Bureau/kataSaveBackend/vendor/laravel/framework/src/Illuminate/Queue/Jobs/Job.php(102): Illuminate\\Queue\\CallQueuedHandler->call()\n#31 /home/louqmane/Bureau/kataSaveBackend/vendor/laravel/framework/src/Illuminate/Queue/Worker.php(439): Illuminate\\Queue\\Jobs\\Job->fire()\n#32 /home/louqmane/Bureau/kataSaveBackend/vendor/laravel/framework/src/Illuminate/Queue/Worker.php(389): Illuminate\\Queue\\Worker->process()\n#33 /home/louqmane/Bureau/kataSaveBackend/vendor/laravel/framework/src/Illuminate/Queue/Worker.php(176): Illuminate\\Queue\\Worker->runJob()\n#34 /home/louqmane/Bureau/kataSaveBackend/vendor/laravel/framework/src/Illuminate/Queue/Console/WorkCommand.php(137): Illuminate\\Queue\\Worker->daemon()\n#35 /home/louqmane/Bureau/kataSaveBackend/vendor/laravel/framework/src/Illuminate/Queue/Console/WorkCommand.php(120): Illuminate\\Queue\\Console\\WorkCommand->runWorker()\n#36 /home/louqmane/Bureau/kataSaveBackend/vendor/laravel/framework/src/Illuminate/Container/BoundMethod.php(36): Illuminate\\Queue\\Console\\WorkCommand->handle()\n#37 /home/louqmane/Bureau/kataSaveBackend/vendor/laravel/framework/src/Illuminate/Container/Util.php(41): Illuminate\\Container\\BoundMethod::Illuminate\\Container\\{closure}()\n#38 /home/louqmane/Bureau/kataSaveBackend/vendor/laravel/framework/src/Illuminate/Container/BoundMethod.php(93): Illuminate\\Container\\Util::unwrapIfClosure()\n#39 /home/louqmane/Bureau/kataSaveBackend/vendor/laravel/framework/src/Illuminate/Container/BoundMethod.php(35): Illuminate\\Container\\BoundMethod::callBoundMethod()\n#40 /home/louqmane/Bureau/kataSaveBackend/vendor/laravel/framework/src/Illuminate/Container/Container.php(662): Illuminate\\Container\\BoundMethod::call()\n#41 /home/louqmane/Bureau/kataSaveBackend/vendor/laravel/framework/src/Illuminate/Console/Command.php(211): Illuminate\\Container\\Container->call()\n#42 /home/louqmane/Bureau/kataSaveBackend/vendor/symfony/console/Command/Command.php(326): Illuminate\\Console\\Command->execute()\n#43 /home/louqmane/Bureau/kataSaveBackend/vendor/laravel/framework/src/Illuminate/Console/Command.php(180): Symfony\\Component\\Console\\Command\\Command->run()\n#44 /home/louqmane/Bureau/kataSaveBackend/vendor/symfony/console/Application.php(1096): Illuminate\\Console\\Command->run()\n#45 /home/louqmane/Bureau/kataSaveBackend/vendor/symfony/console/Application.php(324): Symfony\\Component\\Console\\Application->doRunCommand()\n#46 /home/louqmane/Bureau/kataSaveBackend/vendor/symfony/console/Application.php(175): Symfony\\Component\\Console\\Application->doRun()\n#47 /home/louqmane/Bureau/kataSaveBackend/vendor/laravel/framework/src/Illuminate/Foundation/Console/Kernel.php(201): Symfony\\Component\\Console\\Application->run()\n#48 /home/louqmane/Bureau/kataSaveBackend/artisan(35): Illuminate\\Foundation\\Console\\Kernel->handle()\n#49 {main}', '2024-11-25 10:22:27');
INSERT INTO `failed_jobs` (`id`, `uuid`, `connection`, `queue`, `payload`, `exception`, `failed_at`) VALUES
(87, '7ddda11d-7724-4fe9-88ef-d0f2bedd65f6', 'database', 'default', '{\"uuid\":\"7ddda11d-7724-4fe9-88ef-d0f2bedd65f6\",\"displayName\":\"App\\\\Jobs\\\\ReceiptFeesProcess\",\"job\":\"Illuminate\\\\Queue\\\\CallQueuedHandler@call\",\"maxTries\":null,\"maxExceptions\":null,\"failOnTimeout\":false,\"backoff\":null,\"timeout\":null,\"retryUntil\":null,\"data\":{\"commandName\":\"App\\\\Jobs\\\\ReceiptFeesProcess\",\"command\":\"O:27:\\\"App\\\\Jobs\\\\ReceiptFeesProcess\\\":1:{s:17:\\\"\\u0000*\\u0000transaction_id\\\";s:3:\\\"280\\\";}\"}}', 'Illuminate\\Queue\\TimeoutExceededException: App\\Jobs\\ReceiptFeesProcess has timed out. in /home/louqmane/Bureau/kataSaveBackend/vendor/laravel/framework/src/Illuminate/Queue/TimeoutExceededException.php:15\nStack trace:\n#0 /home/louqmane/Bureau/kataSaveBackend/vendor/laravel/framework/src/Illuminate/Queue/Worker.php(796): Illuminate\\Queue\\TimeoutExceededException::forJob()\n#1 /home/louqmane/Bureau/kataSaveBackend/vendor/laravel/framework/src/Illuminate/Queue/Worker.php(217): Illuminate\\Queue\\Worker->timeoutExceededException()\n#2 /home/louqmane/Bureau/kataSaveBackend/vendor/symfony/mailer/Transport/Smtp/Stream/AbstractStream.php(81): Illuminate\\Queue\\Worker->Illuminate\\Queue\\{closure}()\n#3 /home/louqmane/Bureau/kataSaveBackend/vendor/symfony/mailer/Transport/Smtp/SmtpTransport.php(346): Symfony\\Component\\Mailer\\Transport\\Smtp\\Stream\\AbstractStream->readLine()\n#4 /home/louqmane/Bureau/kataSaveBackend/vendor/symfony/mailer/Transport/Smtp/SmtpTransport.php(196): Symfony\\Component\\Mailer\\Transport\\Smtp\\SmtpTransport->getFullResponse()\n#5 /home/louqmane/Bureau/kataSaveBackend/vendor/symfony/mailer/Transport/Smtp/EsmtpTransport.php(118): Symfony\\Component\\Mailer\\Transport\\Smtp\\SmtpTransport->executeCommand()\n#6 /home/louqmane/Bureau/kataSaveBackend/vendor/symfony/mailer/Transport/Smtp/SmtpTransport.php(316): Symfony\\Component\\Mailer\\Transport\\Smtp\\EsmtpTransport->executeCommand()\n#7 /home/louqmane/Bureau/kataSaveBackend/vendor/symfony/mailer/Transport/Smtp/SmtpTransport.php(205): Symfony\\Component\\Mailer\\Transport\\Smtp\\SmtpTransport->ping()\n#8 /home/louqmane/Bureau/kataSaveBackend/vendor/symfony/mailer/Transport/AbstractTransport.php(69): Symfony\\Component\\Mailer\\Transport\\Smtp\\SmtpTransport->doSend()\n#9 /home/louqmane/Bureau/kataSaveBackend/vendor/symfony/mailer/Transport/Smtp/SmtpTransport.php(137): Symfony\\Component\\Mailer\\Transport\\AbstractTransport->send()\n#10 /home/louqmane/Bureau/kataSaveBackend/vendor/laravel/framework/src/Illuminate/Mail/Mailer.php(573): Symfony\\Component\\Mailer\\Transport\\Smtp\\SmtpTransport->send()\n#11 /home/louqmane/Bureau/kataSaveBackend/vendor/laravel/framework/src/Illuminate/Mail/Mailer.php(335): Illuminate\\Mail\\Mailer->sendSymfonyMessage()\n#12 /home/louqmane/Bureau/kataSaveBackend/vendor/laravel/framework/src/Illuminate/Mail/Mailable.php(205): Illuminate\\Mail\\Mailer->send()\n#13 /home/louqmane/Bureau/kataSaveBackend/vendor/laravel/framework/src/Illuminate/Support/Traits/Localizable.php(19): Illuminate\\Mail\\Mailable->Illuminate\\Mail\\{closure}()\n#14 /home/louqmane/Bureau/kataSaveBackend/vendor/laravel/framework/src/Illuminate/Mail/Mailable.php(198): Illuminate\\Mail\\Mailable->withLocale()\n#15 /home/louqmane/Bureau/kataSaveBackend/vendor/laravel/framework/src/Illuminate/Mail/Mailer.php(357): Illuminate\\Mail\\Mailable->send()\n#16 /home/louqmane/Bureau/kataSaveBackend/vendor/laravel/framework/src/Illuminate/Mail/Mailer.php(301): Illuminate\\Mail\\Mailer->sendMailable()\n#17 /home/louqmane/Bureau/kataSaveBackend/vendor/laravel/framework/src/Illuminate/Mail/PendingMail.php(124): Illuminate\\Mail\\Mailer->send()\n#18 /home/louqmane/Bureau/kataSaveBackend/app/Jobs/ReceiptFeesProcess.php(63): Illuminate\\Mail\\PendingMail->send()\n#19 /home/louqmane/Bureau/kataSaveBackend/vendor/laravel/framework/src/Illuminate/Container/BoundMethod.php(36): App\\Jobs\\ReceiptFeesProcess->handle()\n#20 /home/louqmane/Bureau/kataSaveBackend/vendor/laravel/framework/src/Illuminate/Container/Util.php(41): Illuminate\\Container\\BoundMethod::Illuminate\\Container\\{closure}()\n#21 /home/louqmane/Bureau/kataSaveBackend/vendor/laravel/framework/src/Illuminate/Container/BoundMethod.php(93): Illuminate\\Container\\Util::unwrapIfClosure()\n#22 /home/louqmane/Bureau/kataSaveBackend/vendor/laravel/framework/src/Illuminate/Container/BoundMethod.php(35): Illuminate\\Container\\BoundMethod::callBoundMethod()\n#23 /home/louqmane/Bureau/kataSaveBackend/vendor/laravel/framework/src/Illuminate/Container/Container.php(662): Illuminate\\Container\\BoundMethod::call()\n#24 /home/louqmane/Bureau/kataSaveBackend/vendor/laravel/framework/src/Illuminate/Bus/Dispatcher.php(128): Illuminate\\Container\\Container->call()\n#25 /home/louqmane/Bureau/kataSaveBackend/vendor/laravel/framework/src/Illuminate/Pipeline/Pipeline.php(144): Illuminate\\Bus\\Dispatcher->Illuminate\\Bus\\{closure}()\n#26 /home/louqmane/Bureau/kataSaveBackend/vendor/laravel/framework/src/Illuminate/Pipeline/Pipeline.php(119): Illuminate\\Pipeline\\Pipeline->Illuminate\\Pipeline\\{closure}()\n#27 /home/louqmane/Bureau/kataSaveBackend/vendor/laravel/framework/src/Illuminate/Bus/Dispatcher.php(132): Illuminate\\Pipeline\\Pipeline->then()\n#28 /home/louqmane/Bureau/kataSaveBackend/vendor/laravel/framework/src/Illuminate/Queue/CallQueuedHandler.php(123): Illuminate\\Bus\\Dispatcher->dispatchNow()\n#29 /home/louqmane/Bureau/kataSaveBackend/vendor/laravel/framework/src/Illuminate/Pipeline/Pipeline.php(144): Illuminate\\Queue\\CallQueuedHandler->Illuminate\\Queue\\{closure}()\n#30 /home/louqmane/Bureau/kataSaveBackend/vendor/laravel/framework/src/Illuminate/Pipeline/Pipeline.php(119): Illuminate\\Pipeline\\Pipeline->Illuminate\\Pipeline\\{closure}()\n#31 /home/louqmane/Bureau/kataSaveBackend/vendor/laravel/framework/src/Illuminate/Queue/CallQueuedHandler.php(122): Illuminate\\Pipeline\\Pipeline->then()\n#32 /home/louqmane/Bureau/kataSaveBackend/vendor/laravel/framework/src/Illuminate/Queue/CallQueuedHandler.php(70): Illuminate\\Queue\\CallQueuedHandler->dispatchThroughMiddleware()\n#33 /home/louqmane/Bureau/kataSaveBackend/vendor/laravel/framework/src/Illuminate/Queue/Jobs/Job.php(102): Illuminate\\Queue\\CallQueuedHandler->call()\n#34 /home/louqmane/Bureau/kataSaveBackend/vendor/laravel/framework/src/Illuminate/Queue/Worker.php(439): Illuminate\\Queue\\Jobs\\Job->fire()\n#35 /home/louqmane/Bureau/kataSaveBackend/vendor/laravel/framework/src/Illuminate/Queue/Worker.php(389): Illuminate\\Queue\\Worker->process()\n#36 /home/louqmane/Bureau/kataSaveBackend/vendor/laravel/framework/src/Illuminate/Queue/Worker.php(176): Illuminate\\Queue\\Worker->runJob()\n#37 /home/louqmane/Bureau/kataSaveBackend/vendor/laravel/framework/src/Illuminate/Queue/Console/WorkCommand.php(137): Illuminate\\Queue\\Worker->daemon()\n#38 /home/louqmane/Bureau/kataSaveBackend/vendor/laravel/framework/src/Illuminate/Queue/Console/WorkCommand.php(120): Illuminate\\Queue\\Console\\WorkCommand->runWorker()\n#39 /home/louqmane/Bureau/kataSaveBackend/vendor/laravel/framework/src/Illuminate/Container/BoundMethod.php(36): Illuminate\\Queue\\Console\\WorkCommand->handle()\n#40 /home/louqmane/Bureau/kataSaveBackend/vendor/laravel/framework/src/Illuminate/Container/Util.php(41): Illuminate\\Container\\BoundMethod::Illuminate\\Container\\{closure}()\n#41 /home/louqmane/Bureau/kataSaveBackend/vendor/laravel/framework/src/Illuminate/Container/BoundMethod.php(93): Illuminate\\Container\\Util::unwrapIfClosure()\n#42 /home/louqmane/Bureau/kataSaveBackend/vendor/laravel/framework/src/Illuminate/Container/BoundMethod.php(35): Illuminate\\Container\\BoundMethod::callBoundMethod()\n#43 /home/louqmane/Bureau/kataSaveBackend/vendor/laravel/framework/src/Illuminate/Container/Container.php(662): Illuminate\\Container\\BoundMethod::call()\n#44 /home/louqmane/Bureau/kataSaveBackend/vendor/laravel/framework/src/Illuminate/Console/Command.php(211): Illuminate\\Container\\Container->call()\n#45 /home/louqmane/Bureau/kataSaveBackend/vendor/symfony/console/Command/Command.php(326): Illuminate\\Console\\Command->execute()\n#46 /home/louqmane/Bureau/kataSaveBackend/vendor/laravel/framework/src/Illuminate/Console/Command.php(180): Symfony\\Component\\Console\\Command\\Command->run()\n#47 /home/louqmane/Bureau/kataSaveBackend/vendor/symfony/console/Application.php(1096): Illuminate\\Console\\Command->run()\n#48 /home/louqmane/Bureau/kataSaveBackend/vendor/symfony/console/Application.php(324): Symfony\\Component\\Console\\Application->doRunCommand()\n#49 /home/louqmane/Bureau/kataSaveBackend/vendor/symfony/console/Application.php(175): Symfony\\Component\\Console\\Application->doRun()\n#50 /home/louqmane/Bureau/kataSaveBackend/vendor/laravel/framework/src/Illuminate/Foundation/Console/Kernel.php(201): Symfony\\Component\\Console\\Application->run()\n#51 /home/louqmane/Bureau/kataSaveBackend/artisan(35): Illuminate\\Foundation\\Console\\Kernel->handle()\n#52 {main}', '2024-11-25 10:52:56'),
(88, 'eb72800d-38c4-456a-966d-659aa399ce52', 'database', 'default', '{\"uuid\":\"eb72800d-38c4-456a-966d-659aa399ce52\",\"displayName\":\"App\\\\Mail\\\\AccountConfirmationSent\",\"job\":\"Illuminate\\\\Queue\\\\CallQueuedHandler@call\",\"maxTries\":null,\"maxExceptions\":null,\"failOnTimeout\":false,\"backoff\":null,\"timeout\":null,\"retryUntil\":null,\"data\":{\"commandName\":\"Illuminate\\\\Mail\\\\SendQueuedMailable\",\"command\":\"O:34:\\\"Illuminate\\\\Mail\\\\SendQueuedMailable\\\":15:{s:8:\\\"mailable\\\";O:32:\\\"App\\\\Mail\\\\AccountConfirmationSent\\\":5:{s:8:\\\"username\\\";s:11:\\\"fifi  lochi\\\";s:8:\\\"usermail\\\";s:14:\\\"fifi@gmail.com\\\";s:8:\\\"password\\\";s:8:\\\"mv6.r*i6\\\";s:2:\\\"to\\\";a:1:{i:0;a:2:{s:4:\\\"name\\\";N;s:7:\\\"address\\\";s:14:\\\"fifi@gmail.com\\\";}}s:6:\\\"mailer\\\";s:4:\\\"smtp\\\";}s:5:\\\"tries\\\";N;s:7:\\\"timeout\\\";N;s:13:\\\"maxExceptions\\\";N;s:17:\\\"shouldBeEncrypted\\\";b:0;s:10:\\\"connection\\\";N;s:5:\\\"queue\\\";N;s:15:\\\"chainConnection\\\";N;s:10:\\\"chainQueue\\\";N;s:19:\\\"chainCatchCallbacks\\\";N;s:5:\\\"delay\\\";N;s:11:\\\"afterCommit\\\";N;s:10:\\\"middleware\\\";a:0:{}s:7:\\\"chained\\\";a:0:{}s:3:\\\"job\\\";N;}\"}}', 'Illuminate\\Queue\\TimeoutExceededException: App\\Mail\\AccountConfirmationSent has timed out. in /home/louqmane/Bureau/kataSaveBackend/vendor/laravel/framework/src/Illuminate/Queue/TimeoutExceededException.php:15\nStack trace:\n#0 /home/louqmane/Bureau/kataSaveBackend/vendor/laravel/framework/src/Illuminate/Queue/Worker.php(796): Illuminate\\Queue\\TimeoutExceededException::forJob()\n#1 /home/louqmane/Bureau/kataSaveBackend/vendor/laravel/framework/src/Illuminate/Queue/Worker.php(217): Illuminate\\Queue\\Worker->timeoutExceededException()\n#2 /home/louqmane/Bureau/kataSaveBackend/vendor/symfony/mailer/Transport/Smtp/Stream/AbstractStream.php(81): Illuminate\\Queue\\Worker->Illuminate\\Queue\\{closure}()\n#3 /home/louqmane/Bureau/kataSaveBackend/vendor/symfony/mailer/Transport/Smtp/SmtpTransport.php(346): Symfony\\Component\\Mailer\\Transport\\Smtp\\Stream\\AbstractStream->readLine()\n#4 /home/louqmane/Bureau/kataSaveBackend/vendor/symfony/mailer/Transport/Smtp/SmtpTransport.php(196): Symfony\\Component\\Mailer\\Transport\\Smtp\\SmtpTransport->getFullResponse()\n#5 /home/louqmane/Bureau/kataSaveBackend/vendor/symfony/mailer/Transport/Smtp/EsmtpTransport.php(118): Symfony\\Component\\Mailer\\Transport\\Smtp\\SmtpTransport->executeCommand()\n#6 /home/louqmane/Bureau/kataSaveBackend/vendor/symfony/mailer/Transport/Smtp/SmtpTransport.php(316): Symfony\\Component\\Mailer\\Transport\\Smtp\\EsmtpTransport->executeCommand()\n#7 /home/louqmane/Bureau/kataSaveBackend/vendor/symfony/mailer/Transport/Smtp/SmtpTransport.php(205): Symfony\\Component\\Mailer\\Transport\\Smtp\\SmtpTransport->ping()\n#8 /home/louqmane/Bureau/kataSaveBackend/vendor/symfony/mailer/Transport/AbstractTransport.php(69): Symfony\\Component\\Mailer\\Transport\\Smtp\\SmtpTransport->doSend()\n#9 /home/louqmane/Bureau/kataSaveBackend/vendor/symfony/mailer/Transport/Smtp/SmtpTransport.php(137): Symfony\\Component\\Mailer\\Transport\\AbstractTransport->send()\n#10 /home/louqmane/Bureau/kataSaveBackend/vendor/laravel/framework/src/Illuminate/Mail/Mailer.php(573): Symfony\\Component\\Mailer\\Transport\\Smtp\\SmtpTransport->send()\n#11 /home/louqmane/Bureau/kataSaveBackend/vendor/laravel/framework/src/Illuminate/Mail/Mailer.php(335): Illuminate\\Mail\\Mailer->sendSymfonyMessage()\n#12 /home/louqmane/Bureau/kataSaveBackend/vendor/laravel/framework/src/Illuminate/Mail/Mailable.php(205): Illuminate\\Mail\\Mailer->send()\n#13 /home/louqmane/Bureau/kataSaveBackend/vendor/laravel/framework/src/Illuminate/Support/Traits/Localizable.php(19): Illuminate\\Mail\\Mailable->Illuminate\\Mail\\{closure}()\n#14 /home/louqmane/Bureau/kataSaveBackend/vendor/laravel/framework/src/Illuminate/Mail/Mailable.php(198): Illuminate\\Mail\\Mailable->withLocale()\n#15 /home/louqmane/Bureau/kataSaveBackend/vendor/laravel/framework/src/Illuminate/Mail/SendQueuedMailable.php(83): Illuminate\\Mail\\Mailable->send()\n#16 /home/louqmane/Bureau/kataSaveBackend/vendor/laravel/framework/src/Illuminate/Container/BoundMethod.php(36): Illuminate\\Mail\\SendQueuedMailable->handle()\n#17 /home/louqmane/Bureau/kataSaveBackend/vendor/laravel/framework/src/Illuminate/Container/Util.php(41): Illuminate\\Container\\BoundMethod::Illuminate\\Container\\{closure}()\n#18 /home/louqmane/Bureau/kataSaveBackend/vendor/laravel/framework/src/Illuminate/Container/BoundMethod.php(93): Illuminate\\Container\\Util::unwrapIfClosure()\n#19 /home/louqmane/Bureau/kataSaveBackend/vendor/laravel/framework/src/Illuminate/Container/BoundMethod.php(35): Illuminate\\Container\\BoundMethod::callBoundMethod()\n#20 /home/louqmane/Bureau/kataSaveBackend/vendor/laravel/framework/src/Illuminate/Container/Container.php(662): Illuminate\\Container\\BoundMethod::call()\n#21 /home/louqmane/Bureau/kataSaveBackend/vendor/laravel/framework/src/Illuminate/Bus/Dispatcher.php(128): Illuminate\\Container\\Container->call()\n#22 /home/louqmane/Bureau/kataSaveBackend/vendor/laravel/framework/src/Illuminate/Pipeline/Pipeline.php(144): Illuminate\\Bus\\Dispatcher->Illuminate\\Bus\\{closure}()\n#23 /home/louqmane/Bureau/kataSaveBackend/vendor/laravel/framework/src/Illuminate/Pipeline/Pipeline.php(119): Illuminate\\Pipeline\\Pipeline->Illuminate\\Pipeline\\{closure}()\n#24 /home/louqmane/Bureau/kataSaveBackend/vendor/laravel/framework/src/Illuminate/Bus/Dispatcher.php(132): Illuminate\\Pipeline\\Pipeline->then()\n#25 /home/louqmane/Bureau/kataSaveBackend/vendor/laravel/framework/src/Illuminate/Queue/CallQueuedHandler.php(123): Illuminate\\Bus\\Dispatcher->dispatchNow()\n#26 /home/louqmane/Bureau/kataSaveBackend/vendor/laravel/framework/src/Illuminate/Pipeline/Pipeline.php(144): Illuminate\\Queue\\CallQueuedHandler->Illuminate\\Queue\\{closure}()\n#27 /home/louqmane/Bureau/kataSaveBackend/vendor/laravel/framework/src/Illuminate/Pipeline/Pipeline.php(119): Illuminate\\Pipeline\\Pipeline->Illuminate\\Pipeline\\{closure}()\n#28 /home/louqmane/Bureau/kataSaveBackend/vendor/laravel/framework/src/Illuminate/Queue/CallQueuedHandler.php(122): Illuminate\\Pipeline\\Pipeline->then()\n#29 /home/louqmane/Bureau/kataSaveBackend/vendor/laravel/framework/src/Illuminate/Queue/CallQueuedHandler.php(70): Illuminate\\Queue\\CallQueuedHandler->dispatchThroughMiddleware()\n#30 /home/louqmane/Bureau/kataSaveBackend/vendor/laravel/framework/src/Illuminate/Queue/Jobs/Job.php(102): Illuminate\\Queue\\CallQueuedHandler->call()\n#31 /home/louqmane/Bureau/kataSaveBackend/vendor/laravel/framework/src/Illuminate/Queue/Worker.php(439): Illuminate\\Queue\\Jobs\\Job->fire()\n#32 /home/louqmane/Bureau/kataSaveBackend/vendor/laravel/framework/src/Illuminate/Queue/Worker.php(389): Illuminate\\Queue\\Worker->process()\n#33 /home/louqmane/Bureau/kataSaveBackend/vendor/laravel/framework/src/Illuminate/Queue/Worker.php(176): Illuminate\\Queue\\Worker->runJob()\n#34 /home/louqmane/Bureau/kataSaveBackend/vendor/laravel/framework/src/Illuminate/Queue/Console/WorkCommand.php(137): Illuminate\\Queue\\Worker->daemon()\n#35 /home/louqmane/Bureau/kataSaveBackend/vendor/laravel/framework/src/Illuminate/Queue/Console/WorkCommand.php(120): Illuminate\\Queue\\Console\\WorkCommand->runWorker()\n#36 /home/louqmane/Bureau/kataSaveBackend/vendor/laravel/framework/src/Illuminate/Container/BoundMethod.php(36): Illuminate\\Queue\\Console\\WorkCommand->handle()\n#37 /home/louqmane/Bureau/kataSaveBackend/vendor/laravel/framework/src/Illuminate/Container/Util.php(41): Illuminate\\Container\\BoundMethod::Illuminate\\Container\\{closure}()\n#38 /home/louqmane/Bureau/kataSaveBackend/vendor/laravel/framework/src/Illuminate/Container/BoundMethod.php(93): Illuminate\\Container\\Util::unwrapIfClosure()\n#39 /home/louqmane/Bureau/kataSaveBackend/vendor/laravel/framework/src/Illuminate/Container/BoundMethod.php(35): Illuminate\\Container\\BoundMethod::callBoundMethod()\n#40 /home/louqmane/Bureau/kataSaveBackend/vendor/laravel/framework/src/Illuminate/Container/Container.php(662): Illuminate\\Container\\BoundMethod::call()\n#41 /home/louqmane/Bureau/kataSaveBackend/vendor/laravel/framework/src/Illuminate/Console/Command.php(211): Illuminate\\Container\\Container->call()\n#42 /home/louqmane/Bureau/kataSaveBackend/vendor/symfony/console/Command/Command.php(326): Illuminate\\Console\\Command->execute()\n#43 /home/louqmane/Bureau/kataSaveBackend/vendor/laravel/framework/src/Illuminate/Console/Command.php(180): Symfony\\Component\\Console\\Command\\Command->run()\n#44 /home/louqmane/Bureau/kataSaveBackend/vendor/symfony/console/Application.php(1096): Illuminate\\Console\\Command->run()\n#45 /home/louqmane/Bureau/kataSaveBackend/vendor/symfony/console/Application.php(324): Symfony\\Component\\Console\\Application->doRunCommand()\n#46 /home/louqmane/Bureau/kataSaveBackend/vendor/symfony/console/Application.php(175): Symfony\\Component\\Console\\Application->doRun()\n#47 /home/louqmane/Bureau/kataSaveBackend/vendor/laravel/framework/src/Illuminate/Foundation/Console/Kernel.php(201): Symfony\\Component\\Console\\Application->run()\n#48 /home/louqmane/Bureau/kataSaveBackend/artisan(35): Illuminate\\Foundation\\Console\\Kernel->handle()\n#49 {main}', '2024-11-25 13:05:53');

-- --------------------------------------------------------

--
-- Structure de la table `fees`
--

CREATE TABLE `fees` (
  `id` bigint UNSIGNED NOT NULL,
  `name` varchar(255) COLLATE utf8mb4_unicode_ci NOT NULL,
  `cost` double(8,2) NOT NULL DEFAULT '0.00',
  `frequency` int NOT NULL DEFAULT '0',
  `club_id` bigint UNSIGNED NOT NULL,
  `last_charged_at` timestamp NULL DEFAULT NULL,
  `created_at` timestamp NULL DEFAULT NULL,
  `updated_at` timestamp NULL DEFAULT NULL
) ENGINE=InnoDB DEFAULT CHARSET=utf8mb4 COLLATE=utf8mb4_unicode_ci;

--
-- Déchargement des données de la table `fees`
--

INSERT INTO `fees` (`id`, `name`, `cost`, `frequency`, `club_id`, `last_charged_at`, `created_at`, `updated_at`) VALUES
(2, 'Examen', 0.00, 0, 2, '2024-09-21 06:20:18', '2024-09-21 06:20:18', '2024-09-21 06:20:18'),
(7, 'Contribution', 15000.00, 3, 2, '2024-10-23 15:06:14', '2024-10-23 15:06:14', '2024-10-23 15:06:14'),
(8, 'Contribution', 15000.00, 3, 2, '2024-10-23 15:06:14', '2024-10-23 15:06:14', '2024-10-23 15:06:14');

-- --------------------------------------------------------

--
-- Structure de la table `grades`
--

CREATE TABLE `grades` (
  `id` bigint UNSIGNED NOT NULL,
  `beltName` varchar(255) COLLATE utf8mb4_unicode_ci NOT NULL,
  `beltColor` varchar(255) COLLATE utf8mb4_unicode_ci NOT NULL,
  `disciplineId` bigint UNSIGNED NOT NULL,
  `beltPicturePath` varchar(255) COLLATE utf8mb4_unicode_ci DEFAULT NULL,
  `created_at` timestamp NULL DEFAULT NULL,
  `updated_at` timestamp NULL DEFAULT NULL
) ENGINE=InnoDB DEFAULT CHARSET=utf8mb4 COLLATE=utf8mb4_unicode_ci;

--
-- Déchargement des données de la table `grades`
--

INSERT INTO `grades` (`id`, `beltName`, `beltColor`, `disciplineId`, `beltPicturePath`, `created_at`, `updated_at`) VALUES
(7, 'Noir', '#000000', 1, NULL, '2024-09-14 11:10:13', '2024-09-14 11:10:13'),
(8, 'Vert', '#00ff11', 1, NULL, '2024-09-14 11:10:13', '2024-09-14 11:10:13'),
(9, 'Rouge', '#ff0000', 1, NULL, '2024-09-14 11:10:13', '2024-09-14 11:10:13'),
(10, 'Violet', '#ff00f7', 1, NULL, '2024-09-14 11:10:13', '2024-09-14 11:10:13'),
(11, 'Noir', '#000000', 2, NULL, '2024-09-14 16:28:53', '2024-09-14 16:28:53'),
(12, 'Rouge', '#ff0000', 2, NULL, '2024-09-14 16:28:53', '2024-09-14 16:28:53'),
(13, 'Vert', '#11ff00', 2, NULL, '2024-09-14 16:28:53', '2024-09-14 16:28:53');

-- --------------------------------------------------------

--
-- Structure de la table `grade_resource`
--

CREATE TABLE `grade_resource` (
  `grade_id` bigint UNSIGNED NOT NULL,
  `resource_id` bigint UNSIGNED NOT NULL
) ENGINE=InnoDB DEFAULT CHARSET=utf8mb4 COLLATE=utf8mb4_unicode_ci;

--
-- Déchargement des données de la table `grade_resource`
--

INSERT INTO `grade_resource` (`grade_id`, `resource_id`) VALUES
(7, 1),
(7, 2),
(7, 3),
(8, 2),
(10, 2);

-- --------------------------------------------------------

--
-- Structure de la table `grade_user`
--

CREATE TABLE `grade_user` (
  `grade_id` bigint UNSIGNED NOT NULL,
  `user_id` bigint UNSIGNED NOT NULL
) ENGINE=InnoDB DEFAULT CHARSET=utf8mb4 COLLATE=utf8mb4_unicode_ci;

--
-- Déchargement des données de la table `grade_user`
--

INSERT INTO `grade_user` (`grade_id`, `user_id`) VALUES
(10, 33),
(11, 17),
(11, 18),
(11, 19),
(11, 20),
(11, 21),
(11, 22),
(11, 23),
(11, 24),
(11, 25),
(11, 26),
(11, 27),
(11, 28),
(13, 30),
(13, 31),
(13, 32);

-- --------------------------------------------------------

--
-- Structure de la table `invoices`
--

CREATE TABLE `invoices` (
  `id` bigint UNSIGNED NOT NULL,
  `amount` int NOT NULL,
  `transaction_id` bigint UNSIGNED NOT NULL,
  `created_at` timestamp NULL DEFAULT NULL,
  `updated_at` timestamp NULL DEFAULT NULL
) ENGINE=InnoDB DEFAULT CHARSET=utf8mb4 COLLATE=utf8mb4_unicode_ci;

-- --------------------------------------------------------

--
-- Structure de la table `jobs`
--

CREATE TABLE `jobs` (
  `id` bigint UNSIGNED NOT NULL,
  `queue` varchar(255) COLLATE utf8mb4_unicode_ci NOT NULL,
  `payload` longtext COLLATE utf8mb4_unicode_ci NOT NULL,
  `attempts` tinyint UNSIGNED NOT NULL,
  `reserved_at` int UNSIGNED DEFAULT NULL,
  `available_at` int UNSIGNED NOT NULL,
  `created_at` int UNSIGNED NOT NULL
) ENGINE=InnoDB DEFAULT CHARSET=utf8mb4 COLLATE=utf8mb4_unicode_ci;

-- --------------------------------------------------------

--
-- Structure de la table `juryMembers`
--

CREATE TABLE `juryMembers` (
  `exam_id` bigint UNSIGNED NOT NULL,
  `user_id` bigint UNSIGNED NOT NULL
) ENGINE=InnoDB DEFAULT CHARSET=utf8mb4 COLLATE=utf8mb4_unicode_ci;

-- --------------------------------------------------------

--
-- Structure de la table `migrations`
--

CREATE TABLE `migrations` (
  `id` int UNSIGNED NOT NULL,
  `migration` varchar(255) COLLATE utf8mb4_unicode_ci NOT NULL,
  `batch` int NOT NULL
) ENGINE=InnoDB DEFAULT CHARSET=utf8mb4 COLLATE=utf8mb4_unicode_ci;

--
-- Déchargement des données de la table `migrations`
--

INSERT INTO `migrations` (`id`, `migration`, `batch`) VALUES
(130, '2014_10_12_000000_create_users_table', 1),
(131, '2014_10_12_100000_create_password_reset_tokens_table', 1),
(132, '2019_08_19_000000_create_failed_jobs_table', 1),
(133, '2019_12_14_000001_create_personal_access_tokens_table', 1),
(134, '2024_06_05_155035_create_clubs_table', 1),
(135, '2024_06_05_213857_create_club_user_pivot_table', 1),
(136, '2024_06_05_214321_create_dojos_table', 1),
(138, '2024_06_05_220133_create_grade_user_pivot_table', 1),
(139, '2024_06_05_223705_create_events_table', 1),
(140, '2024_06_05_231206_create_exams_table', 1),
(141, '2024_06_06_090233_create_examResults_table', 1),
(142, '2024_06_07_093051_create_juryMembers_table', 1),
(144, '2024_06_07_095157_create_resource_user_pivot_table', 2),
(145, '2024_06_07_100456_create_transfers_table', 2),
(146, '2024_06_07_101123_create_parentTutors_table', 2),
(147, '2024_06_07_102039_create_accountRequests_table', 2),
(148, '2024_07_26_091048_create_disciplines_table', 2),
(151, '2024_09_05_205142_create_fees_table', 2),
(153, '2024_09_06_210401_create_jobs_table', 2),
(154, '2024_06_07_094147_create_invoices_table', 3),
(159, '2024_09_07_092716_create_transactions_table', 6),
(160, '2024_06_05_215734_create_grades_table', 7),
(161, '2024_08_26_113909_exam_grade', 8),
(162, '2024_09_06_112536_create_payments', 9),
(163, '2024_10_23_061409_create_programs_table', 10),
(164, '2024_06_07_094425_create_resources_table', 11),
(165, '2024_10_07_094425_create_resources_table', 12),
(166, '2024_08_31_025540_grade_resource', 13);

-- --------------------------------------------------------

--
-- Structure de la table `parentTutors`
--

CREATE TABLE `parentTutors` (
  `Student_id` bigint UNSIGNED NOT NULL,
  `Parent_id` bigint UNSIGNED NOT NULL
) ENGINE=InnoDB DEFAULT CHARSET=utf8mb4 COLLATE=utf8mb4_unicode_ci;

-- --------------------------------------------------------

--
-- Structure de la table `password_reset_tokens`
--

CREATE TABLE `password_reset_tokens` (
  `email` varchar(255) COLLATE utf8mb4_unicode_ci NOT NULL,
  `token` varchar(255) COLLATE utf8mb4_unicode_ci NOT NULL,
  `created_at` timestamp NULL DEFAULT NULL
) ENGINE=InnoDB DEFAULT CHARSET=utf8mb4 COLLATE=utf8mb4_unicode_ci;

-- --------------------------------------------------------

--
-- Structure de la table `payments`
--

CREATE TABLE `payments` (
  `id` bigint UNSIGNED NOT NULL,
  `fee_id` bigint UNSIGNED NOT NULL,
  `event_id` bigint UNSIGNED DEFAULT NULL,
  `created_at` timestamp NULL DEFAULT NULL,
  `updated_at` timestamp NULL DEFAULT NULL
) ENGINE=InnoDB DEFAULT CHARSET=utf8mb4 COLLATE=utf8mb4_unicode_ci;

--
-- Déchargement des données de la table `payments`
--

INSERT INTO `payments` (`id`, `fee_id`, `event_id`, `created_at`, `updated_at`) VALUES
(4, 2, 57, '2024-09-21 06:11:59', '2024-09-21 06:11:59'),
(7, 2, 60, '2024-09-21 06:21:09', '2024-09-21 06:21:09'),
(8, 2, 62, '2024-10-09 08:01:57', '2024-10-09 08:01:57'),
(9, 2, 63, '2024-10-09 09:49:57', '2024-10-09 09:49:57'),
(10, 2, 64, '2024-10-13 09:02:48', '2024-10-13 09:02:48'),
(11, 2, 65, '2024-10-13 09:05:25', '2024-10-13 09:05:25'),
(12, 2, 66, '2024-10-13 10:55:52', '2024-10-13 10:55:52'),
(13, 2, 67, '2024-10-13 10:57:15', '2024-10-13 10:57:15'),
(14, 2, 68, '2024-10-13 11:06:27', '2024-10-13 11:06:27'),
(15, 2, 69, '2024-10-13 11:06:28', '2024-10-13 11:06:28'),
(16, 2, 70, '2024-10-13 11:06:28', '2024-10-13 11:06:28'),
(17, 2, 71, '2024-10-22 07:32:25', '2024-10-22 07:32:25'),
(18, 2, 72, '2024-10-22 07:32:25', '2024-10-22 07:32:25'),
(19, 2, 73, '2024-10-22 07:33:28', '2024-10-22 07:33:28'),
(20, 2, 74, '2024-10-22 07:33:28', '2024-10-22 07:33:28'),
(21, 2, 75, '2024-10-22 07:33:28', '2024-10-22 07:33:28'),
(22, 2, 76, '2024-10-22 07:33:28', '2024-10-22 07:33:28'),
(23, 2, 77, '2024-10-22 07:33:28', '2024-10-22 07:33:28'),
(24, 2, 78, '2024-10-22 07:33:28', '2024-10-22 07:33:28'),
(25, 2, 79, '2024-10-22 07:33:29', '2024-10-22 07:33:29'),
(26, 2, 80, '2024-10-22 07:33:29', '2024-10-22 07:33:29'),
(27, 2, 81, '2024-10-22 07:33:29', '2024-10-22 07:33:29'),
(28, 2, 82, '2024-10-23 07:44:36', '2024-10-23 07:44:36'),
(31, 2, 85, '2024-10-23 14:58:21', '2024-10-23 14:58:21'),
(32, 2, 86, '2024-10-23 16:29:28', '2024-10-23 16:29:28'),
(33, 2, 88, '2024-11-07 14:05:11', '2024-11-07 14:05:11'),
(34, 2, 89, '2024-11-07 14:05:11', '2024-11-07 14:05:11'),
(35, 2, 90, '2024-11-25 10:28:09', '2024-11-25 10:28:09');

-- --------------------------------------------------------

--
-- Structure de la table `personal_access_tokens`
--

CREATE TABLE `personal_access_tokens` (
  `id` bigint UNSIGNED NOT NULL,
  `tokenable_type` varchar(255) COLLATE utf8mb4_unicode_ci NOT NULL,
  `tokenable_id` bigint UNSIGNED NOT NULL,
  `name` varchar(255) COLLATE utf8mb4_unicode_ci NOT NULL,
  `token` varchar(64) COLLATE utf8mb4_unicode_ci NOT NULL,
  `abilities` text COLLATE utf8mb4_unicode_ci,
  `last_used_at` timestamp NULL DEFAULT NULL,
  `expires_at` timestamp NULL DEFAULT NULL,
  `created_at` timestamp NULL DEFAULT NULL,
  `updated_at` timestamp NULL DEFAULT NULL
) ENGINE=InnoDB DEFAULT CHARSET=utf8mb4 COLLATE=utf8mb4_unicode_ci;

--
-- Déchargement des données de la table `personal_access_tokens`
--

INSERT INTO `personal_access_tokens` (`id`, `tokenable_type`, `tokenable_id`, `name`, `token`, `abilities`, `last_used_at`, `expires_at`, `created_at`, `updated_at`) VALUES
(1, 'App\\Models\\User', 3, 'my-app-token', '18720482760e16fa59c39236710826d329eb878cdb4644b50476acd4c18f3f98', '[\"*\"]', NULL, NULL, '2024-09-09 19:53:28', '2024-09-09 19:53:28'),
(2, 'App\\Models\\User', 3, 'my-app-token', '5581842b2eecd040e2575124fbc704a034e6d5958af988ed666d47cda3754a0a', '[\"*\"]', NULL, NULL, '2024-09-11 20:11:36', '2024-09-11 20:11:36'),
(3, 'App\\Models\\User', 3, 'my-app-token', '1d13bc8448d1141e520e3ed73fb8e1e7add778f7efec8f8d78065fb843bc2e7d', '[\"*\"]', NULL, NULL, '2024-09-11 20:11:55', '2024-09-11 20:11:55'),
(4, 'App\\Models\\User', 3, 'my-app-token', 'fd0751307959b6e856e30378495c576a030fa2eefcdc7a89e6f3ac90e5f85b18', '[\"*\"]', NULL, NULL, '2024-09-11 20:26:04', '2024-09-11 20:26:04'),
(5, 'App\\Models\\User', 3, 'my-app-token', 'f02f27082f3ceec804f621edc2d7e6c533d6018b3a64d4fe5474e038367828f6', '[\"*\"]', NULL, NULL, '2024-09-11 21:35:28', '2024-09-11 21:35:28'),
(6, 'App\\Models\\User', 3, 'my-app-token', 'ba1b1a8898dded8a684d4ca61928c82c5b9f524257abe064351a25870602bcc4', '[\"*\"]', NULL, NULL, '2024-09-11 21:37:07', '2024-09-11 21:37:07'),
(7, 'App\\Models\\User', 3, 'my-app-token', '67d57bbc918cb174d92bdff9d0b83da78116ed1c11e2f5532d53b60949edd435', '[\"*\"]', NULL, NULL, '2024-09-11 21:40:23', '2024-09-11 21:40:23'),
(8, 'App\\Models\\User', 3, 'my-app-token', 'da2c1bd093019df00801e67312422b171b8ef83294c215eaea738cdac9761ae9', '[\"*\"]', NULL, NULL, '2024-09-11 21:40:40', '2024-09-11 21:40:40'),
(9, 'App\\Models\\User', 3, 'my-app-token', 'eb5ceb3cb0ee1579864a110868d10a37068199b5e5671e5afc32f9623e9c290e', '[\"*\"]', NULL, NULL, '2024-09-11 21:41:33', '2024-09-11 21:41:33'),
(10, 'App\\Models\\User', 3, 'my-app-token', '89b3f6bd246111947ded843e554eb8c97621641d519fbe39adeaaedf6c13e447', '[\"*\"]', NULL, NULL, '2024-09-11 21:41:40', '2024-09-11 21:41:40'),
(11, 'App\\Models\\User', 3, 'my-app-token', '22808833bc1b98b7f60e67f6e60d3ff4cae60d08952ff33930c5323ed0663ffc', '[\"*\"]', NULL, NULL, '2024-09-11 21:42:19', '2024-09-11 21:42:19'),
(12, 'App\\Models\\User', 3, 'my-app-token', '944eb3971094da78a6f82a09245e8741ef8291caaac9fdb53a7a052f10be9d01', '[\"*\"]', NULL, NULL, '2024-09-11 21:42:23', '2024-09-11 21:42:23'),
(13, 'App\\Models\\User', 3, 'my-app-token', 'e930fd4b75030bb14451807fef94b17b367f8704aff5ef405324f1394c0a3a19', '[\"*\"]', NULL, NULL, '2024-09-11 21:50:48', '2024-09-11 21:50:48'),
(14, 'App\\Models\\User', 3, 'my-app-token', 'cd410683429c2825d020352ef45c843cc14ad6a236fdca70bc9a2ee3f94d5b18', '[\"*\"]', NULL, NULL, '2024-09-11 21:51:56', '2024-09-11 21:51:56'),
(15, 'App\\Models\\User', 3, 'my-app-token', '2430bc0c2046be70ce5a34d49fd13c192123672d02dedb99986744f49beb0151', '[\"*\"]', NULL, NULL, '2024-09-11 21:53:08', '2024-09-11 21:53:08'),
(16, 'App\\Models\\User', 3, 'my-app-token', '529cf347a89126f4fbfdf6de1ff77f16913c9395348d24e1df4577c5c59d3cec', '[\"*\"]', NULL, NULL, '2024-09-11 21:53:28', '2024-09-11 21:53:28'),
(17, 'App\\Models\\User', 3, 'my-app-token', '806d810cd22e5634141fe8377812f20c72921d93680a855817642a9375b4f475', '[\"*\"]', NULL, NULL, '2024-09-11 21:53:32', '2024-09-11 21:53:32'),
(18, 'App\\Models\\User', 3, 'my-app-token', '823c9d97116628ecb059e94ea3f5e89792d4636fab47e896d7a74e131acabf0c', '[\"*\"]', NULL, NULL, '2024-09-11 21:54:05', '2024-09-11 21:54:05'),
(19, 'App\\Models\\User', 3, 'my-app-token', 'b095b0cdb6fe71a63aa6e134f5fc7cc2cb3cef31623d3a980d77294801ebbc0d', '[\"*\"]', NULL, NULL, '2024-09-11 21:54:11', '2024-09-11 21:54:11'),
(20, 'App\\Models\\User', 3, 'my-app-token', 'e923fd5fab397ac22ccd15ae8daaaa85667349ff5431c61683293196050e6ea8', '[\"*\"]', NULL, NULL, '2024-09-11 21:54:48', '2024-09-11 21:54:48'),
(21, 'App\\Models\\User', 3, 'my-app-token', '47cc75a5c8e5425c9f4fcf10fac3d4dcca6a60cf614604f32e21180b8335770b', '[\"*\"]', NULL, NULL, '2024-09-11 21:55:03', '2024-09-11 21:55:03'),
(22, 'App\\Models\\User', 3, 'my-app-token', '5b03a32ed02d4c4467372d785ecc55ecdeebdaa4eeeda767f2385f31cefda6b2', '[\"*\"]', NULL, NULL, '2024-09-13 01:17:03', '2024-09-13 01:17:03'),
(23, 'App\\Models\\User', 3, 'my-app-token', '0f01dbfff8bc1bc52f3f89aa9a4d76a54d4dee9f87291a81394419d37c311be3', '[\"*\"]', NULL, NULL, '2024-09-13 01:17:10', '2024-09-13 01:17:10'),
(24, 'App\\Models\\User', 3, 'my-app-token', 'c308f5f8c8aa4a0af290023694c4341bc292316ade108165d1d6cdd3a1a859b7', '[\"*\"]', NULL, NULL, '2024-09-13 01:18:23', '2024-09-13 01:18:23'),
(25, 'App\\Models\\User', 3, 'my-app-token', 'c23230ce62c2b6c475994320edc6690ac1902d0585097a67f72cb20ef747b10b', '[\"*\"]', NULL, NULL, '2024-09-13 01:21:05', '2024-09-13 01:21:05'),
(26, 'App\\Models\\User', 3, 'my-app-token', '2ba6b94458a29da5cde22221024691de218b9c08529743ddf74d16c0df8217ba', '[\"*\"]', NULL, NULL, '2024-09-13 01:21:34', '2024-09-13 01:21:34'),
(27, 'App\\Models\\User', 3, 'my-app-token', 'eafa06f8d97348a21491979bdd3c57175bb8f0cc3541b2f679be5d7458bfaff8', '[\"*\"]', NULL, NULL, '2024-09-13 15:54:47', '2024-09-13 15:54:47'),
(28, 'App\\Models\\User', 3, 'my-app-token', 'dc3e4be6fcebf4833e0cdc14fa194cf8573ba1e0c0b320b78e82808721abb6f4', '[\"*\"]', NULL, NULL, '2024-10-28 13:07:42', '2024-10-28 13:07:42'),
(29, 'App\\Models\\User', 3, 'my-app-token', '87845d1968895a5b8b0aaf4faa03c30a4880aa6018030d77f888643fea3ef369', '[\"*\"]', NULL, NULL, '2024-10-28 13:25:46', '2024-10-28 13:25:46'),
(30, 'App\\Models\\User', 3, 'my-app-token', '1426b918c868e4145b5d794ff2b8a87a4499484835d46f0b9fa4a89fd484a52a', '[\"*\"]', NULL, NULL, '2024-10-28 13:26:21', '2024-10-28 13:26:21'),
(31, 'App\\Models\\User', 3, 'my-app-token', 'f4d0d63e46d24f7f7f313bed19cd046243a331b9ed78c385fe6293af61b8bbfc', '[\"*\"]', NULL, NULL, '2024-10-28 20:44:26', '2024-10-28 20:44:26'),
(32, 'App\\Models\\User', 3, 'my-app-token', '0f9381022edc0bb599825626bc9ac5c78a9d457a26030aa3751ef94076adbad5', '[\"*\"]', NULL, NULL, '2024-11-01 09:37:17', '2024-11-01 09:37:17'),
(33, 'App\\Models\\User', 3, 'my-app-token', '01bc9f0de2dee075e694f031c4ae2e9e4e1182af8f683af2a10bf8c2a2441002', '[\"*\"]', NULL, NULL, '2024-11-01 11:11:08', '2024-11-01 11:11:08'),
(34, 'App\\Models\\User', 3, 'my-app-token', 'f0440a75c8154eb7158e05f3fc1111387d088e9d8a9404e5b736a6acb3b5fdf1', '[\"*\"]', NULL, NULL, '2024-11-01 12:17:12', '2024-11-01 12:17:12'),
(35, 'App\\Models\\User', 3, 'my-app-token', 'e3c674ec2fb5db43a5302d4033f48c918fb5d1c1881578fdc7c03fe2bac399fb', '[\"*\"]', NULL, NULL, '2024-11-01 12:26:49', '2024-11-01 12:26:49'),
(36, 'App\\Models\\User', 3, 'my-app-token', '00e9cc75e859ca4a5832f8a2d40b65b02a01f75d6e8235f3eba805d6488daabc', '[\"*\"]', NULL, NULL, '2024-11-01 12:27:18', '2024-11-01 12:27:18'),
(37, 'App\\Models\\User', 3, 'my-app-token', '014bbfcd8dd21e12ac5559be8eae8f04799c2247962cf5169759ce27fc88a077', '[\"*\"]', NULL, NULL, '2024-11-01 12:28:58', '2024-11-01 12:28:58'),
(38, 'App\\Models\\User', 3, 'my-app-token', '3084a7cd67f728e59e2e87fd2ffafbefe78f8547f8897271de466bb227988c37', '[\"*\"]', NULL, NULL, '2024-11-01 12:30:28', '2024-11-01 12:30:28'),
(39, 'App\\Models\\User', 3, 'my-app-token', '272d3eb60e419b3943d79df1afbf4680da6b64ea4e610d1ec08ba54371be6515', '[\"*\"]', NULL, NULL, '2024-11-01 12:31:18', '2024-11-01 12:31:18'),
(40, 'App\\Models\\User', 3, 'my-app-token', '75bf7f92192dcc0dc0e5250e80d5b13c197105c52738bee4bcbc28a425cd87f7', '[\"*\"]', NULL, NULL, '2024-11-01 12:32:01', '2024-11-01 12:32:01'),
(41, 'App\\Models\\User', 3, 'my-app-token', '2a97dfcdb74c565184af1a85e3bb03b5a671435e68aeea27f51b1199afc06383', '[\"*\"]', NULL, NULL, '2024-11-01 12:35:22', '2024-11-01 12:35:22'),
(42, 'App\\Models\\User', 3, 'my-app-token', '6ea8cb86c94b7cdedae6da1c784073d2e210ba193b1a32af2e46668d64052db0', '[\"*\"]', NULL, NULL, '2024-11-02 20:54:21', '2024-11-02 20:54:21'),
(43, 'App\\Models\\User', 3, 'my-app-token', 'ea6f0431bb79602fcc59c6bd2c8c851a96218e4fd7987eb55d13f97226b65921', '[\"*\"]', NULL, NULL, '2024-11-02 22:20:19', '2024-11-02 22:20:19'),
(44, 'App\\Models\\User', 3, 'my-app-token', 'e00cd6bfae541804903a70f73f950c5c8f1519d9ddaf990cb62b112abc033f5f', '[\"*\"]', NULL, NULL, '2024-11-03 08:39:39', '2024-11-03 08:39:39'),
(45, 'App\\Models\\User', 3, 'my-app-token', 'c0f4dbc9e7ef64258712f85185e1a8123317b39d044e34d194a3b71092b3856a', '[\"*\"]', NULL, NULL, '2024-11-07 13:54:50', '2024-11-07 13:54:50'),
(46, 'App\\Models\\User', 3, 'my-app-token', 'f0f9093ee3267c823525a94864f8870d62889bc6102132255f679e2ff83cf338', '[\"*\"]', NULL, NULL, '2024-11-07 13:55:04', '2024-11-07 13:55:04'),
(47, 'App\\Models\\User', 3, 'my-app-token', 'e87fad0241d466e89e3702e3f27d0ad46f085a9dc29c091befee9c649e1cc389', '[\"*\"]', NULL, NULL, '2024-11-07 14:15:39', '2024-11-07 14:15:39'),
(48, 'App\\Models\\User', 3, 'my-app-token', '2c6389ea836ca17eae4b9370d363a4b8ebbfa64f63463f30e97cc78f58096349', '[\"*\"]', NULL, NULL, '2024-11-07 14:16:15', '2024-11-07 14:16:15'),
(49, 'App\\Models\\User', 3, 'my-app-token', '693d7e0f2292e764147bcb3f8caff4a6edae610f6ca3f1509a6a3f30a4ca1e5c', '[\"*\"]', NULL, NULL, '2024-11-25 07:34:42', '2024-11-25 07:34:42'),
(50, 'App\\Models\\User', 3, 'my-app-token', '16e523509c19fc83247ca0f1e771e86f2eff1f348c4a35a4beff29de5b2e8872', '[\"*\"]', NULL, NULL, '2024-11-25 07:34:43', '2024-11-25 07:34:43'),
(51, 'App\\Models\\User', 3, 'my-app-token', 'e867f76e688e580008619b6b06ad8c9977a28e803caa88aad301beff4d9e6bc7', '[\"*\"]', NULL, NULL, '2024-11-25 07:35:11', '2024-11-25 07:35:11'),
(52, 'App\\Models\\User', 3, 'my-app-token', 'c76e4bdad9d69560da265a2e10b11d0f4197f1db3bc6f049cdf5a50bf49a0811', '[\"*\"]', NULL, NULL, '2024-11-25 07:49:45', '2024-11-25 07:49:45'),
(53, 'App\\Models\\User', 3, 'my-app-token', 'e47f8372e8c63f88a9fdf991144526d27919ca367553417a49dd0a92fc9f0379', '[\"*\"]', NULL, NULL, '2024-11-25 07:49:50', '2024-11-25 07:49:50'),
(54, 'App\\Models\\User', 3, 'my-app-token', '36ea1e8965a7c830f372c6c072640cedc080b5481199f00c36a400cefb262bb3', '[\"*\"]', NULL, NULL, '2024-11-25 07:59:24', '2024-11-25 07:59:24'),
(55, 'App\\Models\\User', 3, 'my-app-token', '228334ef76f9ca2c19fb374a202d522eed29371abab2d50657b9f2d87c899ee8', '[\"*\"]', NULL, NULL, '2024-11-25 07:59:34', '2024-11-25 07:59:34'),
(56, 'App\\Models\\User', 3, 'my-app-token', 'c11cda981b062e0c32ccf1b6316cb54940e9c39a9af2350489aa7d0dbe6b9fb3', '[\"*\"]', NULL, NULL, '2024-11-25 08:08:23', '2024-11-25 08:08:23'),
(57, 'App\\Models\\User', 3, 'my-app-token', '48a30be361e169aff8752bdbf1c7375cef042d0b22d3aa4b5f02dc098cc5bc20', '[\"*\"]', NULL, NULL, '2024-11-25 08:08:32', '2024-11-25 08:08:32'),
(58, 'App\\Models\\User', 3, 'my-app-token', '901bb9a8e3aec6300b2c078ee523135c4099981ed3c9567cd8f8acdde396005f', '[\"*\"]', NULL, NULL, '2024-11-25 08:08:58', '2024-11-25 08:08:58'),
(59, 'App\\Models\\User', 3, 'my-app-token', '3e31d8fd3d67c22cab747c6a7b036a37e8a410e3dd6122867ebfaa4c93083a61', '[\"*\"]', NULL, NULL, '2024-11-25 09:24:31', '2024-11-25 09:24:31'),
(60, 'App\\Models\\User', 3, 'my-app-token', 'ed8d456f565c3be984cc3c2dd623d01bb080ade48d46381147635c8f2c3ddb4f', '[\"*\"]', NULL, NULL, '2024-11-25 09:25:58', '2024-11-25 09:25:58'),
(61, 'App\\Models\\User', 3, 'my-app-token', '93eaf5d0583e38060137d3b3bba3682d8e47500696c0e3b0e3627b3b8c2328a3', '[\"*\"]', NULL, NULL, '2024-11-25 09:27:54', '2024-11-25 09:27:54'),
(62, 'App\\Models\\User', 3, 'my-app-token', '91d0fbc09555361e198e03a01ab61313f4e550f5b6a21045b07b94dd1fc6c8cc', '[\"*\"]', NULL, NULL, '2024-11-25 09:30:40', '2024-11-25 09:30:40'),
(63, 'App\\Models\\User', 3, 'my-app-token', 'a42a18e2e5a329d850a572629d6efcf0be5edffb0c2e8ebe7750103b964d18b6', '[\"*\"]', NULL, NULL, '2024-11-25 09:31:11', '2024-11-25 09:31:11'),
(64, 'App\\Models\\User', 3, 'my-app-token', '96965fa7bd16120fee9ac05fbcaa2eefb6366439d0d43971e9dc94d5dabca979', '[\"*\"]', NULL, NULL, '2024-11-25 09:31:34', '2024-11-25 09:31:34');

-- --------------------------------------------------------

--
-- Structure de la table `resources`
--

CREATE TABLE `resources` (
  `id` bigint UNSIGNED NOT NULL,
  `description` text COLLATE utf8mb4_unicode_ci,
  `videoLink` varchar(255) COLLATE utf8mb4_unicode_ci NOT NULL,
  `title` varchar(255) COLLATE utf8mb4_unicode_ci NOT NULL,
  `type` varchar(255) COLLATE utf8mb4_unicode_ci NOT NULL,
  `isfavorite` int DEFAULT '0',
  `created_at` timestamp NULL DEFAULT NULL,
  `updated_at` timestamp NULL DEFAULT NULL
) ENGINE=InnoDB DEFAULT CHARSET=utf8mb4 COLLATE=utf8mb4_unicode_ci;

--
-- Déchargement des données de la table `resources`
--

INSERT INTO `resources` (`id`, `description`, `videoLink`, `title`, `type`, `isfavorite`, `created_at`, `updated_at`) VALUES
(1, 'ff', 'zgXStNJLODQ', 'titre de la vidéo', 'Kata', 0, '2024-10-23 06:35:47', '2024-10-23 06:35:47'),
(2, NULL, 'Jb8zWUDd16Q', 'Kata', 'Kihon', 0, '2024-10-23 15:07:08', '2024-10-23 15:07:08'),
(3, NULL, 'Jb8zWUDd16Q', 'Kata', 'Kata', 0, '2024-11-07 14:07:02', '2024-11-07 14:07:02');

-- --------------------------------------------------------

--
-- Structure de la table `resource_user`
--

CREATE TABLE `resource_user` (
  `resource_id` bigint UNSIGNED NOT NULL,
  `user_id` bigint UNSIGNED NOT NULL,
  `created_at` timestamp NULL DEFAULT NULL,
  `updated_at` timestamp NULL DEFAULT NULL
) ENGINE=InnoDB DEFAULT CHARSET=utf8mb4 COLLATE=utf8mb4_unicode_ci;

-- --------------------------------------------------------

--
-- Structure de la table `transactions`
--

CREATE TABLE `transactions` (
  `id` bigint UNSIGNED NOT NULL,
  `payer_id` bigint UNSIGNED NOT NULL,
  `payment_id` bigint UNSIGNED NOT NULL,
  `reference` varchar(100) CHARACTER SET utf8mb4 COLLATE utf8mb4_unicode_ci DEFAULT NULL,
  `cost` float NOT NULL DEFAULT '0',
  `transaction_status` varchar(255) COLLATE utf8mb4_unicode_ci NOT NULL DEFAULT 'Non payé',
  `bill` varchar(255) CHARACTER SET utf8mb4 COLLATE utf8mb4_unicode_ci DEFAULT NULL,
  `created_at` timestamp NULL DEFAULT NULL,
  `updated_at` timestamp NULL DEFAULT NULL
) ENGINE=InnoDB DEFAULT CHARSET=utf8mb4 COLLATE=utf8mb4_unicode_ci;

--
-- Déchargement des données de la table `transactions`
--

INSERT INTO `transactions` (`id`, `payer_id`, `payment_id`, `reference`, `cost`, `transaction_status`, `bill`, `created_at`, `updated_at`) VALUES
(239, 20, 4, NULL, 4500, 'Non payé', '', '2024-09-21 06:11:59', '2024-09-21 06:11:59'),
(240, 18, 4, 'jMyCD-Etj', 18900, 'Soldé', 'storage/facture/facture_Badouri1732523566.pdf', '2024-09-21 06:11:59', '2024-11-25 07:32:47'),
(241, 23, 4, NULL, 18900, 'Non payé', '', '2024-09-21 06:11:59', '2024-09-21 06:11:59'),
(246, 20, 8, NULL, 5800, 'Non payé', '', '2024-10-09 08:01:57', '2024-10-09 08:01:57'),
(247, 18, 8, 'RsDfesT5_', 1400, 'Non payé', '', '2024-10-09 08:01:57', '2024-10-23 10:59:24'),
(248, 22, 8, NULL, 1400, 'Non payé', '', '2024-10-09 08:01:57', '2024-10-09 08:01:57'),
(249, 18, 7, 'tDF2WAtJq', 7890, 'Non payé', '', '2024-10-09 09:04:20', '2024-10-23 10:56:59'),
(250, 22, 7, NULL, 7890, 'Non payé', '', '2024-10-09 09:04:20', '2024-10-09 09:04:20'),
(251, 23, 9, NULL, 1489, 'Non payé', '', '2024-10-09 09:49:57', '2024-10-09 09:49:57'),
(252, 18, 9, 'SPR-G-Swd', 1522, 'Non payé', 'storage/facture/facture_Badouri1729684822.pdf', '2024-10-09 09:49:57', '2024-10-23 11:00:22'),
(253, 20, 9, NULL, 1522, 'Non payé', '', '2024-10-09 09:49:57', '2024-10-09 09:49:57'),
(254, 22, 9, NULL, 1522, 'Non payé', '', '2024-10-09 09:49:57', '2024-10-09 09:49:57'),
(255, 25, 10, NULL, 1500, 'Non payé', '', '2024-10-13 09:02:48', '2024-10-13 09:02:48'),
(256, 25, 11, NULL, 4500, 'Non payé', '', '2024-10-13 09:05:25', '2024-10-13 09:05:25'),
(257, 25, 12, NULL, 4500, 'Non payé', '', '2024-10-13 10:55:52', '2024-10-13 10:55:52'),
(258, 25, 13, NULL, 7800, 'Non payé', '', '2024-10-13 10:57:15', '2024-10-13 10:57:15'),
(259, 26, 14, NULL, 1522, 'Non payé', '', '2024-10-13 11:06:27', '2024-10-13 11:06:27'),
(260, 26, 15, NULL, 8520, 'Non payé', '', '2024-10-13 11:06:28', '2024-10-13 11:06:28'),
(261, 26, 16, NULL, 15004, 'Non payé', '', '2024-10-13 11:06:28', '2024-10-13 11:06:28'),
(262, 26, 17, NULL, 1234, 'Non payé', '', '2024-10-22 07:32:25', '2024-10-22 07:32:25'),
(263, 26, 18, NULL, 1234, 'Non payé', '', '2024-10-22 07:32:25', '2024-10-22 07:32:25'),
(264, 26, 19, NULL, 1457, 'Non payé', '', '2024-10-22 07:33:28', '2024-10-22 07:33:28'),
(265, 26, 20, NULL, 1457, 'Non payé', '', '2024-10-22 07:33:28', '2024-10-22 07:33:28'),
(266, 26, 21, NULL, 1457, 'Non payé', '', '2024-10-22 07:33:28', '2024-10-22 07:33:28'),
(267, 26, 22, NULL, 1457, 'Non payé', '', '2024-10-22 07:33:28', '2024-10-22 07:33:28'),
(268, 26, 23, NULL, 1457, 'Non payé', '', '2024-10-22 07:33:28', '2024-10-22 07:33:28'),
(269, 26, 24, NULL, 1457, 'Non payé', '', '2024-10-22 07:33:28', '2024-10-22 07:33:28'),
(270, 26, 25, NULL, 1457, 'Non payé', '', '2024-10-22 07:33:29', '2024-10-22 07:33:29'),
(271, 26, 26, NULL, 1457, 'Non payé', '', '2024-10-22 07:33:29', '2024-10-22 07:33:29'),
(272, 26, 27, NULL, 1457, 'Non payé', '', '2024-10-22 07:33:29', '2024-10-22 07:33:29'),
(273, 27, 28, NULL, 14562, 'Non payé', '', '2024-10-23 07:44:36', '2024-10-23 07:44:36'),
(274, 27, 31, NULL, 15000, 'Non payé', NULL, '2024-10-23 14:58:21', '2024-10-23 14:58:21'),
(275, 28, 31, 'kSNzitCmd', 15000, 'Soldé', 'storage/facture/facture_kraka1729699484.pdf', '2024-10-23 14:58:21', '2024-10-23 15:04:44'),
(276, 27, 32, NULL, 7500, 'Non payé', NULL, '2024-10-23 16:29:28', '2024-10-23 16:29:28'),
(277, 28, 32, NULL, 7500, 'Non payé', NULL, '2024-10-23 16:29:28', '2024-10-23 16:29:28'),
(278, 28, 33, NULL, 15000, 'Non payé', NULL, '2024-11-07 14:05:11', '2024-11-07 14:05:11'),
(279, 28, 34, NULL, 15000, 'Non payé', NULL, '2024-11-07 14:05:11', '2024-11-07 14:05:11'),
(280, 31, 35, 'ZNzGugEhH', 1500, 'Soldé', 'storage/facture/facture_Aguidi1732535516.pdf', '2024-11-25 10:28:09', '2024-11-25 10:51:56');

-- --------------------------------------------------------

--
-- Structure de la table `transfers`
--

CREATE TABLE `transfers` (
  `id` bigint UNSIGNED NOT NULL,
  `student_id` bigint UNSIGNED NOT NULL,
  `InitiatingSensei_id` bigint UNSIGNED NOT NULL,
  `ApprovingSensei_id` bigint UNSIGNED DEFAULT NULL,
  `transferStatus` varchar(255) COLLATE utf8mb4_unicode_ci NOT NULL,
  `comment` varchar(255) COLLATE utf8mb4_unicode_ci DEFAULT NULL,
  `created_at` timestamp NULL DEFAULT NULL,
  `updated_at` timestamp NULL DEFAULT NULL
) ENGINE=InnoDB DEFAULT CHARSET=utf8mb4 COLLATE=utf8mb4_unicode_ci;

-- --------------------------------------------------------

--
-- Structure de la table `users`
--

CREATE TABLE `users` (
  `id` bigint UNSIGNED NOT NULL,
  `first_attempt` int NOT NULL DEFAULT '1',
  `status` varchar(255) COLLATE utf8mb4_unicode_ci NOT NULL,
  `firstName` varchar(255) COLLATE utf8mb4_unicode_ci NOT NULL,
  `lastName` varchar(255) COLLATE utf8mb4_unicode_ci NOT NULL,
  `email` varchar(255) COLLATE utf8mb4_unicode_ci NOT NULL,
  `phone` varchar(255) COLLATE utf8mb4_unicode_ci DEFAULT NULL,
  `email_verified_at` timestamp NULL DEFAULT NULL,
  `photoPath` varchar(255) COLLATE utf8mb4_unicode_ci DEFAULT NULL,
  `bioDescription` varchar(255) COLLATE utf8mb4_unicode_ci DEFAULT NULL,
  `genre` varchar(255) COLLATE utf8mb4_unicode_ci NOT NULL,
  `password` varchar(255) COLLATE utf8mb4_unicode_ci NOT NULL,
  `role` varchar(255) COLLATE utf8mb4_unicode_ci NOT NULL,
  `licenseId` varchar(255) COLLATE utf8mb4_unicode_ci DEFAULT NULL,
  `grade` int DEFAULT NULL,
  `remember_token` varchar(100) COLLATE utf8mb4_unicode_ci DEFAULT NULL,
  `created_at` timestamp NULL DEFAULT NULL,
  `updated_at` timestamp NULL DEFAULT NULL
) ENGINE=InnoDB DEFAULT CHARSET=utf8mb4 COLLATE=utf8mb4_unicode_ci;

--
-- Déchargement des données de la table `users`
--

INSERT INTO `users` (`id`, `first_attempt`, `status`, `firstName`, `lastName`, `email`, `phone`, `email_verified_at`, `photoPath`, `bioDescription`, `genre`, `password`, `role`, `licenseId`, `grade`, `remember_token`, `created_at`, `updated_at`) VALUES
(2, 0, 'active', 'Bourov', 'Zelensky', 'bourov@gmail.com', '+1 (308) 649-2034', '2024-09-06 22:08:02', NULL, 'Quo rerum et veritatis itaque rerum.', 'Femme', '$2y$12$PosTAWoxxv67.c9Bbzcc1ez0LzIZDgvh/dG0QR92MRGwFg7n2VfO.', 'Admin', '6192', 1, '47RJIV8NiQrHTn9b4mgeTCE6Wd5rAbPiemqFwd9UadBoOBlYo4kTaNoouBKX', '2024-09-06 22:08:03', '2024-09-06 22:08:03'),
(3, 0, 'Inactif', 'Louqmane', 'INOUSSA', 'inoussalouqmane@gmail.com', '+229 40804040', NULL, NULL, NULL, 'Homme', '$2y$12$YUNv1KzAedbGl5n4TMi3/ewYgymmxjE9Hg0LxJe/pF5Ir7TCudzDa', 'Sensei', 'LIC040', 2, NULL, '2024-09-06 22:16:18', '2024-09-14 16:36:08'),
(5, 1, 'Actif', 'Rachelle', 'Marbella', 'rachellemigan@gmail.com', '+229 40804040', NULL, NULL, NULL, 'Homme', '$2y$12$wr.yUIOuqUjBQ5wSblMLAuiwlq5G1s/XeNfuCERuzyHJQjf6m3d3y', 'Sensei', 'LIC040', 2, NULL, '2024-09-06 22:20:31', '2024-09-06 22:20:31'),
(10, 1, 'Actif', 'Freddy', 'GOUGOU', 'goufreddy@gmail.com', '+229 40804040', NULL, NULL, NULL, 'Femme', '$2y$12$7Ylttup5TEsI9hn5cctju.O.B1KYvdXE9wjITgGhXkS255Hv6I2vi', 'Sensei', 'LIC040', 2, NULL, '2024-09-12 00:55:31', '2024-09-12 00:55:31'),
(13, 1, 'Actif', 'abdou', 'rayana', 'abdouraya@gmail.com', NULL, NULL, NULL, NULL, 'Femme', '$2y$12$G5u1LwtmJlD.1NwIwr6UE.R74G67R0PAgNafCNbOIUWv4GVeubHGe', 'Sensei', 'jbks', 1, NULL, '2024-09-13 14:48:39', '2024-09-13 14:48:39'),
(14, 0, 'Actif', 'Yasmine', 'INOUSSA', 'inoussayasmine@gmail.com', NULL, NULL, NULL, NULL, 'Femme', '$2y$12$YUNv1KzAedbGl5n4TMi3/ewYgymmxjE9Hg0LxJe/pF5Ir7TCudzDa', 'Sensei', 'D', 1, NULL, '2024-09-13 15:56:26', '2024-09-13 15:56:26'),
(15, 0, 'Actif', 'Shelby', 'Space', 'shelby@gmail.com', '61786222', NULL, NULL, NULL, 'Homme', '$2y$12$JhnOBZlSIEZBJ62h7gPNmu8dAj0TUy.vCnmATiKI.pQiT6.VA94E2', 'Sensei', NULL, 1, NULL, '2024-09-13 15:58:09', '2024-09-13 16:03:51'),
(17, 1, 'Actif', 'Maurille', 'KOMi', 'komimau@gmail.com', NULL, NULL, NULL, NULL, 'Homme', '$2y$12$Mv4BW6l38eu34OS6VaoWouL9idixd0LPWtgDR2bANFxsQyC9/TfK2', 'Elève', NULL, 11, NULL, '2024-09-14 21:31:19', '2024-09-14 21:31:19'),
(18, 0, 'Actif', 'Badouri', 'BADRA', 'badraChamange@gmail.com', NULL, NULL, NULL, NULL, 'Homme', '$2y$12$9l.zK1RFgR4ykP6AwnL1x..68QZyGN9n2bCt60qujcM3D.zbh7C0e', 'Elève', NULL, 13, NULL, '2024-09-14 21:32:54', '2024-10-22 19:11:04'),
(19, 1, 'Actif', 'Routillus', 'DEMON', 'routdamon@gmail.com', NULL, NULL, NULL, NULL, 'Homme', '$2y$12$ikYSwEhn9HOxe/MbeOJpV.ZV8KwjCDHAlK/O.pc8q/A88frVANcUG', 'Elève', NULL, 11, NULL, '2024-09-14 21:33:15', '2024-09-14 21:33:15'),
(20, 1, 'Actif', 'Lassissi', 'Elenu', 'laslenu@gmail.com', NULL, NULL, NULL, NULL, 'Homme', '$2y$12$Po6ntFI/3OHdwNN8ryx2y.YWCIG2k5ym2ymDBYeC5qTL5Phw1d8Oa', 'Elève', NULL, 12, NULL, '2024-09-15 11:53:24', '2024-09-15 11:53:24'),
(21, 1, 'Actif', 'João', 'Souza Silva', 'teste@exemplo.us', '3121286800', NULL, NULL, NULL, 'Homme', '$2y$12$GyWhRToYWcFh1jRO2oebYOB52gG8iM9Gru6PDjexgVDU3HzTcedoq', 'Elève', NULL, 11, NULL, '2024-09-15 17:53:54', '2024-09-15 17:53:54'),
(22, 1, 'Actif', 'Juan Francisco', 'García Flores', 'ejemplo@ejemplo.mx', '5553428400', NULL, NULL, NULL, 'Homme', '$2y$12$FCT6az84Rj9x1sM7T5Fyjudhcm5qdqnZPwtGlZdJXx5gJjh7mC.tm', 'Elève', NULL, 13, NULL, '2024-09-15 17:54:13', '2024-09-15 17:54:13'),
(23, 1, 'Actif', 'Jon', 'Doe', 'test@example.us', '6019521325', NULL, NULL, NULL, 'Homme', '$2y$12$JcMBch8e7hsX9uUYmnyVSOeTB5Eb5ccS5f3p5ZP4ahIVQlOHenR.G', 'Elève', NULL, 13, NULL, '2024-09-15 17:54:26', '2024-09-15 17:54:26'),
(24, 1, 'Actif', 'Gottfried', 'Leibniz', 'test@beispiel.de', '030303986300', NULL, NULL, NULL, 'Homme', '$2y$12$H/yUNrVsqm21xYSbhTivkuCPvrSOYVyTjiVEwi8.mOdiMTekZxN7C', 'Elève', NULL, 11, NULL, '2024-09-15 17:54:40', '2024-09-15 17:54:40'),
(25, 1, 'Actif', 'Henry', 'Gad', 'currygad@gmail.com', NULL, NULL, NULL, NULL, 'Homme', '$2y$12$Jk/btHzRdbtOjn.5ghWnkOo9DKFgPLaN/RsK0CakYRU2RItUhDXBW', 'Elève', NULL, 13, NULL, '2024-10-13 09:01:35', '2024-10-13 09:01:35'),
(26, 1, 'Actif', 'Sapristie', 'CUba', 'sapcuba@gmi.com', NULL, NULL, NULL, NULL, 'Homme', '$2y$12$EZ5zn3HupYecsmWeWlbgU.BEi6NZqiR3j44bjtc2n5ZdonLPykY16', 'Elève', NULL, 13, NULL, '2024-10-13 11:03:17', '2024-10-13 11:03:17'),
(27, 1, 'Actif', 'Kaisen', 'jujistu', 'kaiju@gmail.com', NULL, NULL, NULL, NULL, 'Homme', '$2y$12$9b7rTpEhdE3gZJy/BPaiwO//cn9Za5It7XnuVtCsSkhL/mxz9/x1K', 'Elève', NULL, 13, NULL, '2024-10-22 19:05:02', '2024-10-22 19:05:02'),
(28, 0, 'Actif', 'kraka', 'bonobo', 'bonobo@gmail.com', NULL, NULL, NULL, NULL, 'Homme', '$2y$12$7AtMuhBrmZWwY7IxLSsQX.bf.EpPlP38KGXCKYYT3kA7AnGgjozJS', 'Elève', NULL, 13, NULL, '2024-10-22 19:09:39', '2024-10-23 15:03:54'),
(30, 1, 'Actif', 'AZANHOUN', 'Fiacre', 'fiacreazanhoun74@gmail.com', '61786222', NULL, NULL, NULL, 'Homme', '$2y$12$L.wa.V7/EHFM5NxM2BmUW.J6ABXFQK3SKIhp1OE6TzVCEEMVECaHG', 'Elève', NULL, 13, NULL, '2024-11-25 10:21:25', '2024-11-25 10:21:25'),
(31, 0, 'Actif', 'Aguidi', 'Flora', 'aguidiflora@gmail.com', '61786222', NULL, NULL, NULL, 'Homme', '$2y$12$79r68SPzwkEWfgMK5qSpuePFVx8pWLPiFspDutqLimu4rscHAZ2eq', 'Elève', NULL, 13, NULL, '2024-11-25 10:25:13', '2024-11-25 10:26:48'),
(32, 0, 'Actif', 'Valentine', 'Lindsey', 'sozehimaj@mailinator.com', '+1 (954) 345-7923', NULL, NULL, NULL, 'Homme', '$2y$12$zcIexOle8.1.jqGJDpI5Neueh1nA2.Ajk44Z6SVQez3A/P4fyXKX.', 'Elève', NULL, 13, NULL, '2024-11-25 12:27:18', '2024-11-25 12:29:43'),
(33, 1, 'Actif', 'fifi', 'lochi', 'fifi@gmail.com', NULL, NULL, NULL, NULL, 'Homme', '$2y$12$/YBHIJojff22EPybu6NUl.9ZjPPCDe4RhGF1M/Ogs2lBC4urhC/FO', 'Elève', NULL, 10, NULL, '2024-11-25 13:04:53', '2024-11-25 13:04:53');

--
-- Index pour les tables déchargées
--

--
-- Index pour la table `accountRequests`
--
ALTER TABLE `accountRequests`
  ADD PRIMARY KEY (`id`);

--
-- Index pour la table `clubs`
--
ALTER TABLE `clubs`
  ADD PRIMARY KEY (`id`),
  ADD UNIQUE KEY `clubs_email_unique` (`email`);

--
-- Index pour la table `club_user`
--
ALTER TABLE `club_user`
  ADD PRIMARY KEY (`club_id`,`user_id`),
  ADD KEY `club_user_club_id_index` (`club_id`),
  ADD KEY `club_user_user_id_index` (`user_id`);

--
-- Index pour la table `disciplines`
--
ALTER TABLE `disciplines`
  ADD PRIMARY KEY (`id`),
  ADD UNIQUE KEY `disciplines_name_unique` (`name`);

--
-- Index pour la table `dojos`
--
ALTER TABLE `dojos`
  ADD PRIMARY KEY (`id`),
  ADD KEY `dojos_club_id_foreign` (`club_id`);

--
-- Index pour la table `events`
--
ALTER TABLE `events`
  ADD PRIMARY KEY (`id`),
  ADD KEY `events_user_id_foreign` (`user_id`);

--
-- Index pour la table `examResults`
--
ALTER TABLE `examResults`
  ADD PRIMARY KEY (`exam_id`,`student_id`),
  ADD KEY `examresults_exam_id_index` (`exam_id`),
  ADD KEY `examresults_student_id_index` (`student_id`),
  ADD KEY `examresults_grade_id_index` (`grade_id`);

--
-- Index pour la table `exams`
--
ALTER TABLE `exams`
  ADD PRIMARY KEY (`event_id`);

--
-- Index pour la table `exam_grade`
--
ALTER TABLE `exam_grade`
  ADD PRIMARY KEY (`exam_id`,`grade_id`),
  ADD KEY `exam_grade_grade_id_foreign` (`grade_id`);

--
-- Index pour la table `failed_jobs`
--
ALTER TABLE `failed_jobs`
  ADD PRIMARY KEY (`id`),
  ADD UNIQUE KEY `failed_jobs_uuid_unique` (`uuid`);

--
-- Index pour la table `fees`
--
ALTER TABLE `fees`
  ADD PRIMARY KEY (`id`),
  ADD KEY `fees_club_id_index` (`club_id`);

--
-- Index pour la table `grades`
--
ALTER TABLE `grades`
  ADD PRIMARY KEY (`id`),
  ADD KEY `grades_disciplineid_foreign` (`disciplineId`);

--
-- Index pour la table `grade_resource`
--
ALTER TABLE `grade_resource`
  ADD PRIMARY KEY (`grade_id`,`resource_id`),
  ADD KEY `grade_resource_grade_id_index` (`grade_id`),
  ADD KEY `grade_resource_resource_id_index` (`resource_id`);

--
-- Index pour la table `grade_user`
--
ALTER TABLE `grade_user`
  ADD PRIMARY KEY (`grade_id`,`user_id`),
  ADD KEY `grade_user_grade_id_index` (`grade_id`),
  ADD KEY `grade_user_user_id_index` (`user_id`);

--
-- Index pour la table `invoices`
--
ALTER TABLE `invoices`
  ADD PRIMARY KEY (`id`),
  ADD KEY `invoices_transaction_id_foreign` (`transaction_id`);

--
-- Index pour la table `jobs`
--
ALTER TABLE `jobs`
  ADD PRIMARY KEY (`id`),
  ADD KEY `jobs_queue_index` (`queue`);

--
-- Index pour la table `juryMembers`
--
ALTER TABLE `juryMembers`
  ADD PRIMARY KEY (`exam_id`,`user_id`),
  ADD KEY `jurymembers_exam_id_index` (`exam_id`),
  ADD KEY `jurymembers_user_id_index` (`user_id`);

--
-- Index pour la table `migrations`
--
ALTER TABLE `migrations`
  ADD PRIMARY KEY (`id`);

--
-- Index pour la table `parentTutors`
--
ALTER TABLE `parentTutors`
  ADD PRIMARY KEY (`Student_id`,`Parent_id`),
  ADD KEY `parenttutors_student_id_index` (`Student_id`),
  ADD KEY `parenttutors_parent_id_index` (`Parent_id`);

--
-- Index pour la table `password_reset_tokens`
--
ALTER TABLE `password_reset_tokens`
  ADD PRIMARY KEY (`email`);

--
-- Index pour la table `payments`
--
ALTER TABLE `payments`
  ADD PRIMARY KEY (`id`),
  ADD KEY `payments_fee_id_index` (`fee_id`),
  ADD KEY `payments_event_id_index` (`event_id`);

--
-- Index pour la table `personal_access_tokens`
--
ALTER TABLE `personal_access_tokens`
  ADD PRIMARY KEY (`id`),
  ADD UNIQUE KEY `personal_access_tokens_token_unique` (`token`),
  ADD KEY `personal_access_tokens_tokenable_type_tokenable_id_index` (`tokenable_type`,`tokenable_id`);

--
-- Index pour la table `resources`
--
ALTER TABLE `resources`
  ADD PRIMARY KEY (`id`);

--
-- Index pour la table `resource_user`
--
ALTER TABLE `resource_user`
  ADD PRIMARY KEY (`resource_id`,`user_id`),
  ADD KEY `resource_user_resource_id_index` (`resource_id`),
  ADD KEY `resource_user_user_id_index` (`user_id`);

--
-- Index pour la table `transactions`
--
ALTER TABLE `transactions`
  ADD PRIMARY KEY (`id`),
  ADD KEY `transactions_payer_id_foreign` (`payer_id`),
  ADD KEY `transactions_payment_id_foreign` (`payment_id`);

--
-- Index pour la table `transfers`
--
ALTER TABLE `transfers`
  ADD PRIMARY KEY (`id`),
  ADD KEY `transfers_student_id_index` (`student_id`),
  ADD KEY `transfers_initiatingsensei_id_index` (`InitiatingSensei_id`),
  ADD KEY `transfers_approvingsensei_id_index` (`ApprovingSensei_id`);

--
-- Index pour la table `users`
--
ALTER TABLE `users`
  ADD PRIMARY KEY (`id`),
  ADD UNIQUE KEY `users_email_unique` (`email`);

--
-- AUTO_INCREMENT pour les tables déchargées
--

--
-- AUTO_INCREMENT pour la table `accountRequests`
--
ALTER TABLE `accountRequests`
  MODIFY `id` bigint UNSIGNED NOT NULL AUTO_INCREMENT, AUTO_INCREMENT=18;

--
-- AUTO_INCREMENT pour la table `clubs`
--
ALTER TABLE `clubs`
  MODIFY `id` bigint UNSIGNED NOT NULL AUTO_INCREMENT, AUTO_INCREMENT=11;

--
-- AUTO_INCREMENT pour la table `disciplines`
--
ALTER TABLE `disciplines`
  MODIFY `id` bigint UNSIGNED NOT NULL AUTO_INCREMENT, AUTO_INCREMENT=11;

--
-- AUTO_INCREMENT pour la table `dojos`
--
ALTER TABLE `dojos`
  MODIFY `id` bigint UNSIGNED NOT NULL AUTO_INCREMENT, AUTO_INCREMENT=5;

--
-- AUTO_INCREMENT pour la table `events`
--
ALTER TABLE `events`
  MODIFY `id` bigint UNSIGNED NOT NULL AUTO_INCREMENT, AUTO_INCREMENT=91;

--
-- AUTO_INCREMENT pour la table `failed_jobs`
--
ALTER TABLE `failed_jobs`
  MODIFY `id` bigint UNSIGNED NOT NULL AUTO_INCREMENT, AUTO_INCREMENT=89;

--
-- AUTO_INCREMENT pour la table `fees`
--
ALTER TABLE `fees`
  MODIFY `id` bigint UNSIGNED NOT NULL AUTO_INCREMENT, AUTO_INCREMENT=9;

--
-- AUTO_INCREMENT pour la table `grades`
--
ALTER TABLE `grades`
  MODIFY `id` bigint UNSIGNED NOT NULL AUTO_INCREMENT, AUTO_INCREMENT=14;

--
-- AUTO_INCREMENT pour la table `invoices`
--
ALTER TABLE `invoices`
  MODIFY `id` bigint UNSIGNED NOT NULL AUTO_INCREMENT;

--
-- AUTO_INCREMENT pour la table `jobs`
--
ALTER TABLE `jobs`
  MODIFY `id` bigint UNSIGNED NOT NULL AUTO_INCREMENT, AUTO_INCREMENT=407;

--
-- AUTO_INCREMENT pour la table `migrations`
--
ALTER TABLE `migrations`
  MODIFY `id` int UNSIGNED NOT NULL AUTO_INCREMENT, AUTO_INCREMENT=167;

--
-- AUTO_INCREMENT pour la table `payments`
--
ALTER TABLE `payments`
  MODIFY `id` bigint UNSIGNED NOT NULL AUTO_INCREMENT, AUTO_INCREMENT=36;

--
-- AUTO_INCREMENT pour la table `personal_access_tokens`
--
ALTER TABLE `personal_access_tokens`
  MODIFY `id` bigint UNSIGNED NOT NULL AUTO_INCREMENT, AUTO_INCREMENT=65;

--
-- AUTO_INCREMENT pour la table `resources`
--
ALTER TABLE `resources`
  MODIFY `id` bigint UNSIGNED NOT NULL AUTO_INCREMENT, AUTO_INCREMENT=4;

--
-- AUTO_INCREMENT pour la table `transactions`
--
ALTER TABLE `transactions`
  MODIFY `id` bigint UNSIGNED NOT NULL AUTO_INCREMENT, AUTO_INCREMENT=281;

--
-- AUTO_INCREMENT pour la table `transfers`
--
ALTER TABLE `transfers`
  MODIFY `id` bigint UNSIGNED NOT NULL AUTO_INCREMENT, AUTO_INCREMENT=3;

--
-- AUTO_INCREMENT pour la table `users`
--
ALTER TABLE `users`
  MODIFY `id` bigint UNSIGNED NOT NULL AUTO_INCREMENT, AUTO_INCREMENT=34;

--
-- Contraintes pour les tables déchargées
--

--
-- Contraintes pour la table `club_user`
--
ALTER TABLE `club_user`
  ADD CONSTRAINT `club_user_club_id_foreign` FOREIGN KEY (`club_id`) REFERENCES `clubs` (`id`) ON DELETE CASCADE,
  ADD CONSTRAINT `club_user_user_id_foreign` FOREIGN KEY (`user_id`) REFERENCES `users` (`id`) ON DELETE CASCADE;

--
-- Contraintes pour la table `dojos`
--
ALTER TABLE `dojos`
  ADD CONSTRAINT `dojos_club_id_foreign` FOREIGN KEY (`club_id`) REFERENCES `clubs` (`id`) ON DELETE CASCADE;

--
-- Contraintes pour la table `events`
--
ALTER TABLE `events`
  ADD CONSTRAINT `events_user_id_foreign` FOREIGN KEY (`user_id`) REFERENCES `users` (`id`) ON DELETE CASCADE ON UPDATE CASCADE;

--
-- Contraintes pour la table `examResults`
--
ALTER TABLE `examResults`
  ADD CONSTRAINT `examresults_exam_id_foreign` FOREIGN KEY (`exam_id`) REFERENCES `exams` (`event_id`) ON DELETE CASCADE ON UPDATE CASCADE,
  ADD CONSTRAINT `examresults_grade_id_foreign` FOREIGN KEY (`grade_id`) REFERENCES `grades` (`id`) ON DELETE CASCADE ON UPDATE CASCADE,
  ADD CONSTRAINT `examresults_student_id_foreign` FOREIGN KEY (`student_id`) REFERENCES `users` (`id`) ON DELETE CASCADE ON UPDATE CASCADE;

--
-- Contraintes pour la table `exams`
--
ALTER TABLE `exams`
  ADD CONSTRAINT `exams_event_id_foreign` FOREIGN KEY (`event_id`) REFERENCES `events` (`id`);

--
-- Contraintes pour la table `exam_grade`
--
ALTER TABLE `exam_grade`
  ADD CONSTRAINT `exam_grade_exam_id_foreign` FOREIGN KEY (`exam_id`) REFERENCES `exams` (`event_id`) ON DELETE CASCADE,
  ADD CONSTRAINT `exam_grade_grade_id_foreign` FOREIGN KEY (`grade_id`) REFERENCES `grades` (`id`) ON DELETE CASCADE;

--
-- Contraintes pour la table `fees`
--
ALTER TABLE `fees`
  ADD CONSTRAINT `fees_club_id_foreign` FOREIGN KEY (`club_id`) REFERENCES `clubs` (`id`) ON DELETE CASCADE ON UPDATE CASCADE;

--
-- Contraintes pour la table `grades`
--
ALTER TABLE `grades`
  ADD CONSTRAINT `grades_disciplineid_foreign` FOREIGN KEY (`disciplineId`) REFERENCES `disciplines` (`id`) ON DELETE CASCADE ON UPDATE CASCADE;

--
-- Contraintes pour la table `grade_resource`
--
ALTER TABLE `grade_resource`
  ADD CONSTRAINT `grade_resource_grade_id_foreign` FOREIGN KEY (`grade_id`) REFERENCES `grades` (`id`) ON DELETE CASCADE,
  ADD CONSTRAINT `grade_resource_resource_id_foreign` FOREIGN KEY (`resource_id`) REFERENCES `resources` (`id`) ON DELETE CASCADE;

--
-- Contraintes pour la table `grade_user`
--
ALTER TABLE `grade_user`
  ADD CONSTRAINT `grade_user_grade_id_foreign` FOREIGN KEY (`grade_id`) REFERENCES `grades` (`id`) ON DELETE CASCADE,
  ADD CONSTRAINT `grade_user_user_id_foreign` FOREIGN KEY (`user_id`) REFERENCES `users` (`id`) ON DELETE CASCADE;

--
-- Contraintes pour la table `invoices`
--
ALTER TABLE `invoices`
  ADD CONSTRAINT `invoices_transaction_id_foreign` FOREIGN KEY (`transaction_id`) REFERENCES `transactions` (`id`) ON DELETE CASCADE;

--
-- Contraintes pour la table `juryMembers`
--
ALTER TABLE `juryMembers`
  ADD CONSTRAINT `jurymembers_exam_id_foreign` FOREIGN KEY (`exam_id`) REFERENCES `exams` (`event_id`) ON DELETE CASCADE,
  ADD CONSTRAINT `jurymembers_user_id_foreign` FOREIGN KEY (`user_id`) REFERENCES `users` (`id`) ON DELETE CASCADE;

--
-- Contraintes pour la table `parentTutors`
--
ALTER TABLE `parentTutors`
  ADD CONSTRAINT `parenttutors_parent_id_foreign` FOREIGN KEY (`Parent_id`) REFERENCES `users` (`id`) ON DELETE CASCADE,
  ADD CONSTRAINT `parenttutors_student_id_foreign` FOREIGN KEY (`Student_id`) REFERENCES `users` (`id`) ON DELETE CASCADE;

--
-- Contraintes pour la table `payments`
--
ALTER TABLE `payments`
  ADD CONSTRAINT `payments_event_id_foreign` FOREIGN KEY (`event_id`) REFERENCES `events` (`id`) ON DELETE CASCADE ON UPDATE CASCADE,
  ADD CONSTRAINT `payments_fee_id_foreign` FOREIGN KEY (`fee_id`) REFERENCES `fees` (`id`) ON DELETE CASCADE ON UPDATE CASCADE;

--
-- Contraintes pour la table `resource_user`
--
ALTER TABLE `resource_user`
  ADD CONSTRAINT `resource_user_resource_id_foreign` FOREIGN KEY (`resource_id`) REFERENCES `resources` (`id`) ON DELETE CASCADE,
  ADD CONSTRAINT `resource_user_user_id_foreign` FOREIGN KEY (`user_id`) REFERENCES `users` (`id`) ON DELETE CASCADE;

--
-- Contraintes pour la table `transactions`
--
ALTER TABLE `transactions`
  ADD CONSTRAINT `transactions_payer_id_foreign` FOREIGN KEY (`payer_id`) REFERENCES `users` (`id`),
  ADD CONSTRAINT `transactions_payment_id_foreign` FOREIGN KEY (`payment_id`) REFERENCES `payments` (`id`);

--
-- Contraintes pour la table `transfers`
--
ALTER TABLE `transfers`
  ADD CONSTRAINT `transfers_approvingsensei_id_foreign` FOREIGN KEY (`ApprovingSensei_id`) REFERENCES `users` (`id`) ON DELETE CASCADE,
  ADD CONSTRAINT `transfers_initiatingsensei_id_foreign` FOREIGN KEY (`InitiatingSensei_id`) REFERENCES `users` (`id`) ON DELETE CASCADE,
  ADD CONSTRAINT `transfers_student_id_foreign` FOREIGN KEY (`student_id`) REFERENCES `users` (`id`) ON DELETE CASCADE;
COMMIT;

/*!40101 SET CHARACTER_SET_CLIENT=@OLD_CHARACTER_SET_CLIENT */;
/*!40101 SET CHARACTER_SET_RESULTS=@OLD_CHARACTER_SET_RESULTS */;
/*!40101 SET COLLATION_CONNECTION=@OLD_COLLATION_CONNECTION */;
